# Blender 4.5.3 LTS
# www.blender.org
mtllib car.mtl
o car_Plane
v 0.537736 3.050376 -2.181309
v -1.462264 3.139041 -2.181308
v -0.462264 3.141883 -2.181308
v -2.251510 3.085741 -2.181308
v -2.869181 3.014269 -2.181308
v -3.969689 2.788426 -2.181308
v -4.413011 2.687738 -2.181308
v 1.326981 2.969564 -2.181309
v 2.056674 2.877896 -2.152205
v 3.422980 0.474379 -2.269315
v 3.909167 0.504193 -2.279387
v 4.505814 0.560390 -2.336205
v 5.093416 0.560796 -2.336205
v 5.734234 0.505771 -2.336205
v 6.472085 0.373027 -2.336205
v 6.990910 0.137971 -2.336205
v 7.546389 -0.238782 -2.336205
v 8.051239 -0.824200 -2.336205
v 8.375677 -1.479697 -2.336205
v 8.435686 -1.664828 -2.336205
v 8.252099 -1.825922 -2.586539
v 7.935867 -1.737258 -2.475173
v 8.058449 -1.915472 -2.475173
v 1.915055 -2.173327 -2.475171
v -3.305550 -2.171460 -2.475169
v -7.171712 -2.434563 -2.475167
v -7.320410 -2.421115 -2.475167
v -7.331848 -2.213214 -2.475167
v -8.189725 -2.207494 -2.475167
v -8.189725 -1.531884 -2.269769
v -8.098218 -0.909472 -2.249316
v -7.892327 -0.328596 -2.249317
v -7.537738 0.264908 -2.249317
v -7.171710 0.813091 -2.249318
v -6.737054 1.320786 -2.249318
v -6.233766 1.810640 -2.249318
v -5.627534 2.284085 -2.249319
v -4.861165 2.624626 -2.249320
v 7.706026 -1.547402 -2.475173
v 7.480016 -1.332884 -2.475173
v 7.284652 -1.068567 -2.475173
v 7.100779 -0.834895 -2.475173
v 6.878599 -0.643361 -2.475173
v 6.575976 -0.436505 -2.475173
v 6.277183 -0.333076 -2.475173
v 5.986053 -0.271785 -2.475173
v 5.671937 -0.283277 -2.475172
v 5.476571 -0.336907 -2.475172
v 5.219916 -0.444166 -2.475172
v 4.997736 -0.597393 -2.475172
v 4.802372 -0.769773 -2.475172
v 4.645314 -0.953646 -2.475172
v 4.530394 -1.168164 -2.475172
v 4.338860 -1.777242 -2.475172
v 4.158818 -2.217770 -2.475172
v 3.800116 -2.167723 -2.475172
v -3.439152 -1.732549 -2.475169
v -3.498530 -1.300427 -2.475169
v -3.721199 -0.888411 -2.475169
v -4.032936 -0.602953 -2.475168
v -4.404052 -0.398642 -2.475168
v -4.730634 -0.353937 -2.475168
v -5.079482 -0.325621 -2.475168
v -5.443175 -0.383403 -2.475168
v -5.747490 -0.490034 -2.475168
v -6.029538 -0.717849 -2.475167
v -6.252207 -1.003635 -2.475167
v -6.430342 -1.314281 -2.475167
v -6.578821 -1.540149 -2.475167
v -6.905370 -1.843226 -2.475167
v -7.484310 -2.088343 -2.475167
v 0.537736 3.540159 -1.237581
v 1.327757 3.391462 -1.237581
v 2.204915 3.162694 -1.237581
v -1.462264 3.628824 -1.237581
v -0.462264 3.631666 -1.237581
v -2.251510 3.575525 -1.237581
v -2.869181 3.504053 -1.237580
v -3.969689 3.193665 -1.237580
v -4.413011 3.038231 -1.237580
v 3.390526 0.809325 -1.237581
v 3.890861 0.879970 -1.237581
v 4.487358 0.897792 -1.237582
v 5.087928 0.852966 -1.237582
v 5.743420 0.769772 -1.237582
v 6.486514 0.629364 -1.237582
v 7.026898 0.381407 -1.237582
v 7.608113 -0.010688 -1.237582
v 8.118698 -0.606594 -1.237582
v 8.425216 -1.281134 -1.237582
v 8.464512 -1.455980 -1.237582
v 8.252100 -1.620684 -1.237582
v 1.915055 -2.103904 -1.237580
v 8.058450 -1.730458 -1.237582
v -3.305550 -2.102037 -1.237578
v -7.171710 -2.421752 -1.650107
v -8.237255 -1.402328 -1.237576
v -8.145748 -0.852998 -1.237576
v -7.939857 -0.255259 -1.237577
v -5.627534 2.445011 -1.237580
v -4.861164 2.898666 -1.237580
v 7.935868 -1.553254 -1.237582
v 7.706028 -1.356467 -1.237582
v 7.480017 -1.141949 -1.237582
v 7.284652 -0.877632 -1.237582
v 7.100780 -0.643961 -1.237582
v 6.878600 -0.452427 -1.237582
v 6.575977 -0.245570 -1.237582
v 6.277184 -0.142141 -1.237582
v 5.986053 -0.080850 -1.237582
v 5.671937 -0.092342 -1.237582
v 5.476573 -0.145972 -1.237581
v 5.219917 -0.253231 -1.237581
v 4.997737 -0.406458 -1.237581
v 4.802372 -0.578838 -1.237581
v 4.645314 -0.762711 -1.237581
v 4.530395 -0.977229 -1.237581
v 4.426966 -1.272191 -1.237581
v 4.338860 -1.586307 -1.237581
v 4.273739 -1.862116 -1.237581
v 4.158819 -2.026835 -1.237581
v 4.063886 -2.096012 -1.237581
v -7.171712 -2.211554 -2.268902
v -7.171710 -2.207664 -2.062637
v -7.171710 -2.199883 -1.650107
v -7.320410 -2.407948 -1.650107
v -6.905370 -1.895886 -1.237577
v -7.484309 -2.064752 -1.237577
v -7.171710 -2.408941 -1.237576
v -7.320410 -2.394780 -1.237576
v -7.331848 -2.181161 -1.237576
v -7.171710 -2.184322 -1.237576
v -8.237255 -2.172903 -1.237576
v -7.171712 -2.215444 -2.475167
v 8.263842 -1.271252 -2.336205
v 8.330797 -1.078781 -1.237582
v 7.801182 -0.528829 -2.336205
v 7.863405 -0.308641 -1.237583
v 6.104580 0.443974 -2.336205
v 6.114967 0.699568 -1.237582
v 5.417615 0.536691 -2.336205
v 5.415674 0.811369 -1.237582
v 4.797958 0.561872 -2.336205
v 4.787644 0.875379 -1.237582
v 4.308909 0.531951 -2.336205
v 4.115269 0.517689 -2.318143
v 4.089693 0.885911 -1.237581
v 4.288526 0.891851 -1.237582
v 3.639183 0.493106 -2.267047
v 3.615532 0.841095 -1.237581
v 2.803089 1.940739 -2.249321
v 2.613681 2.408892 -2.194965
v 2.281083 2.815566 -2.161524
v 2.518301 2.878031 -1.237581
v 2.347605 -2.171196 -2.475171
v 2.801505 -2.169452 -2.475171
v 3.436970 -2.167430 -2.475171
v 3.436971 -2.098007 -1.237581
v 2.801506 -2.100029 -1.237580
v 2.347605 -2.101773 -1.237580
v -2.000399 -2.171927 -2.475169
v -0.695248 -2.172394 -2.475170
v 0.609904 -2.172860 -2.475170
v 0.609904 -2.103437 -1.237579
v -0.695247 -2.102970 -1.237579
v -2.000398 -2.102504 -1.237579
v -0.042672 -2.172627 -2.475170
v -0.042672 -2.103204 -1.237579
v 0.037736 3.096129 -2.181309
v 0.037736 3.585913 -1.237581
v -1.347823 -2.172160 -2.475169
v -1.347823 -2.102737 -1.237579
v -0.962264 3.140462 -2.181308
v -0.962264 3.630245 -1.237581
v 1.738762 2.931671 -2.181309
v 1.262479 -2.173094 -2.475170
v 1.762359 3.277078 -1.237581
v 1.262479 -2.103670 -1.237580
v -2.652974 -2.102270 -1.237578
v -2.652974 -2.171694 -2.475169
v -2.457401 3.061917 -2.181308
v -2.663291 3.038093 -2.181308
v -2.457400 3.551702 -1.237581
v -2.663291 3.527877 -1.237581
v -3.063633 2.971245 -2.181308
v -3.571095 2.902022 -2.181308
v -3.063633 3.461030 -1.237580
v -3.571095 3.319326 -1.237580
v -5.116621 2.513718 -2.249320
v -5.372078 2.407485 -2.249319
v -5.372077 2.605610 -1.237580
v -5.116621 2.752355 -1.237580
v -5.829612 2.130989 -2.249319
v -6.031689 1.970853 -2.249318
v -5.829611 2.284875 -1.237579
v -7.194839 -2.002262 -2.475167
v -7.194839 -1.978875 -1.237577
v -7.837017 -2.117312 -1.237576
v -7.837017 -2.141051 -2.475167
v -8.013371 -2.144718 -1.237576
v -7.660663 -2.114437 -2.475167
v -7.660662 -2.090632 -1.237577
v -8.013371 -2.168143 -2.475167
v 8.097112 -1.728299 -1.237582
v -8.189725 -2.089427 -2.475167
v 8.060159 -1.582048 -2.586539
v 7.837397 -1.351672 -2.586539
v 7.621583 -1.014581 -2.586539
v 7.404875 -0.735730 -2.586539
v 7.153263 -0.495559 -2.586539
v 6.761701 -0.217115 -2.586539
v 6.380185 -0.063950 -2.586538
v 6.038429 0.011546 -2.586538
v 5.675733 0.020424 -2.586538
v 5.429978 -0.015765 -2.586538
v 5.128377 -0.101071 -2.586538
v 4.863653 -0.232759 -2.586538
v 4.623362 -0.381978 -2.586538
v 4.438735 -0.547911 -2.586538
v 4.292503 -0.741527 -2.586537
v 4.076462 -1.294412 -2.586537
v 3.854504 -1.702782 -2.586537
v 3.768306 -2.000368 -2.586537
v 3.344844 -1.604788 -2.475171
v 2.775908 -1.536258 -2.475171
v 2.357066 -1.468023 -2.475171
v 1.939905 -1.744181 -2.475171
v 0.685574 -1.720669 -2.475171
v 0.018576 -1.705298 -2.475171
v -0.617899 -1.700517 -2.475170
v -1.254373 -1.695753 -2.475170
v -1.890848 -1.695792 -2.475170
v 1.312740 -1.732401 -2.475171
v -2.527323 -1.695847 -2.475169
v -3.194321 -1.700936 -2.475169
v -3.268980 -0.963703 -2.475169
v -3.353754 -0.623596 -2.475169
v -3.573515 -0.292783 -2.475169
v -3.864923 -0.062877 -2.475169
v -4.259672 0.111121 -2.475169
v -4.598736 0.165088 -2.475168
v -4.963960 0.174702 -2.475168
v -5.334527 0.149140 -2.475168
v -5.617216 0.097221 -2.475168
v -5.876330 -0.035505 -2.475168
v -6.100466 -0.261801 -2.475168
v -6.276764 -0.506195 -2.475168
v -6.428728 -0.706513 -2.475168
v -6.766784 -1.206251 -2.475167
v -7.115489 -1.469436 -2.475167
v -7.430125 -1.618432 -2.475167
v -7.639356 -1.725641 -2.475167
v -7.846604 -1.841827 -2.475167
v -8.028078 -1.959794 -2.475167
v -3.439152 -1.910343 -3.076636
v -3.305550 -2.386949 -3.076636
v -3.498530 -1.180018 -3.076636
v -3.721200 -0.758009 -3.076636
v -4.032937 -0.461792 -3.076636
v -4.404052 -0.245877 -3.076636
v -4.730634 -0.191367 -3.076636
v -5.079482 -0.160187 -3.076636
v -5.443175 -0.214212 -3.076636
v -5.747490 -0.317695 -3.076636
v -6.029538 -0.539926 -3.076636
v -6.252207 -0.818854 -3.076636
v -6.430342 -1.124924 -3.076636
v -6.578789 -1.402280 -3.076636
v -6.905370 -1.656425 -3.076635
v -7.194839 -1.741835 -3.076635
v -8.189725 -2.110833 -3.076634
v -8.160061 -2.160802 -3.076634
v -3.194321 -1.791421 -3.076637
v -3.573516 -0.348954 -3.076637
v -4.598736 0.110267 -3.076636
v -4.963960 0.114359 -3.076636
v -5.334527 0.091790 -3.076636
v -6.100466 -0.304149 -3.076636
v -6.766784 -1.226612 -3.076636
v -7.484310 -1.828264 -3.076635
v -7.115489 -1.490388 -3.076635
v -7.430125 -1.640460 -3.076635
v -7.690196 -1.904428 -3.076635
v -8.003572 -2.074976 -3.076635
v -7.846946 -1.989529 -3.076635
v -7.639356 -1.747967 -3.076635
v -7.846604 -1.864450 -3.076635
v -8.028078 -1.982121 -3.076635
v -3.268981 -1.040665 -3.076637
v -3.353755 -0.691092 -3.076637
v -3.864923 -0.108998 -3.076636
v -4.259672 0.064111 -3.076636
v -5.617216 0.042735 -3.076636
v -5.876330 -0.084311 -3.076636
v -6.276764 -0.542015 -3.076636
v -6.428728 -0.737535 -3.076636
v 8.054249 -2.029469 -3.076640
v 8.020553 -2.030004 -3.076640
v 8.008663 -1.938021 -3.076640
v 7.755497 -1.726239 -3.076640
v 7.531159 -1.518276 -3.076640
v 7.337239 -1.255926 -3.076640
v 7.154727 -1.023995 -3.076640
v 6.956072 -0.833888 -3.076640
v 6.631063 -0.544227 -3.076640
v 6.312599 -0.441568 -3.076640
v 6.023623 -0.380735 -3.076640
v 5.711830 -0.392146 -3.076640
v 5.534696 -0.407099 -3.076640
v 5.279940 -0.513570 -3.076640
v 5.074229 -0.611434 -3.076640
v 4.887565 -0.764311 -3.076639
v 4.731670 -0.946696 -3.076639
v 4.578735 -1.270500 -3.076639
v 4.388618 -1.875073 -3.076639
v 4.209908 -2.312344 -3.076639
v 4.115678 -2.381011 -3.076639
v 8.030321 -1.925397 -3.076640
v 7.740885 -1.656061 -3.076640
v 7.377299 -1.176993 -3.076640
v 6.989054 -0.747187 -3.076640
v 6.664441 -0.516554 -3.076640
v 6.348158 -0.389475 -3.076640
v 5.764155 -0.319377 -3.076640
v 5.310388 -0.419415 -3.076640
v 4.891722 -0.650653 -3.076639
v 4.438333 -1.408267 -3.076639
v 7.556212 -1.460598 -3.076640
v 7.197643 -0.946155 -3.076640
v 6.064837 -0.326903 -3.076640
v 5.560421 -0.349049 -3.076640
v 5.090927 -0.527779 -3.076640
v 4.738663 -0.788264 -3.076639
v 4.617434 -0.949114 -3.076639
v 4.271712 -1.744611 -3.076639
v 4.182866 -1.993132 -3.076639
v 8.028290 -1.816958 -2.775819
v 7.788401 -1.616112 -2.775817
v 4.915329 -0.352808 -2.775817
v 4.730736 -0.576676 -2.775817
v 4.560127 -0.776264 -2.775817
v 8.086377 -1.960265 -2.775819
v 8.058449 -1.960135 -2.775819
v 7.156695 -0.797450 -2.775817
v 4.687791 -0.493989 -2.775817
v 8.123927 -1.864574 -2.775819
v 4.374494 -0.834466 -2.775817
v 4.512964 -0.651049 -2.775817
v 4.184698 -1.791546 -2.775816
v 7.731236 -1.416405 -2.775817
v 7.942174 -1.634488 -2.775817
v 4.049032 -2.269660 -2.775816
v 5.166002 -0.228309 -2.775817
v 5.451595 -0.147732 -2.775817
v 4.392758 -1.129959 -2.775817
v 5.684305 -0.113608 -2.775817
v 7.552509 -1.396983 -2.775817
v 5.130698 -0.302054 -2.775817
v 6.027752 -0.122123 -2.775817
v 3.936545 -2.410221 -2.775816
v 6.351368 -0.193623 -2.775817
v 6.712634 -0.338710 -2.775817
v 4.033426 -1.742780 -2.775816
v 3.934416 -2.026578 -2.775816
v 7.348605 -1.041316 -2.775817
v 4.898807 -0.409558 -2.775817
v 7.083414 -0.602306 -2.775817
v 7.321671 -0.829689 -2.775817
v 4.169919 -1.358263 -2.775816
v 7.526877 -1.093592 -2.775817
v -8.201478 -2.207805 -2.662381
v -8.201478 -2.138474 -2.662381
v -4.549011 0.201326 -2.662383
v -3.084196 -1.761624 -2.662383
v -3.200208 -2.381178 -2.662383
v -7.926564 -2.027409 -2.662381
v -8.110502 -2.094482 -2.662381
v -4.929943 0.210284 -2.662383
v -6.273595 -0.918199 -2.662382
v -6.459390 -1.239914 -2.662382
v -3.401488 -1.253588 -2.662383
v -3.633734 -0.819539 -2.662383
v -5.316447 0.185852 -2.662383
v -4.686581 -0.248484 -2.662383
v -5.050433 -0.217513 -2.662383
v -5.881553 -0.003044 -2.662383
v -5.611294 0.133050 -2.662383
v -7.558687 -1.971921 -2.662381
v -7.742625 -1.999416 -2.662381
v -5.429768 -0.275786 -2.662382
v -8.125841 -2.003279 -2.662381
v -4.195364 0.147450 -2.662383
v -7.936563 -1.879776 -2.662381
v -3.958878 -0.517505 -2.662383
v -6.614221 -1.528478 -2.662382
v -3.783639 -0.035757 -2.662383
v -7.720401 -1.758114 -2.662381
v -3.479698 -0.279621 -2.662383
v -5.747169 -0.386353 -2.662382
v -7.256768 -1.881674 -2.662382
v -7.502172 -1.645919 -2.662381
v -6.954848 -1.792873 -2.662382
v -3.250486 -0.629055 -2.662383
v -7.174005 -1.489854 -2.662382
v -4.345955 -0.300086 -2.662383
v -3.162066 -0.987189 -2.662383
v -6.810303 -1.215944 -2.662382
v -3.339556 -1.707190 -2.662383
v -6.041348 -0.622439 -2.662382
v -6.457707 -0.698121 -2.662383
v -6.299207 -0.490654 -2.662383
v -6.115327 -0.237505 -2.662383
v 8.097111 -1.913729 -2.475173
v 8.358305 -1.740190 -2.569449
v 8.358306 -1.549255 -1.331858
v 8.084097 -1.311076 -2.569449
v 7.634140 -0.624290 -2.569449
v 6.076698 0.253461 -2.569448
v 5.422826 0.294947 -2.569448
v 4.825648 0.215886 -2.569448
v 4.363631 0.061418 -2.569448
v 4.191098 -0.042440 -2.569448
v 3.735018 -0.245941 -2.569448
v 3.554254 -0.210343 -2.579564
v 3.125159 0.055535 -2.504548
v -0.290082 0.463822 -2.524907
v -1.426556 0.488720 -2.524907
v 1.525751 0.362764 -2.524907
v -2.929330 0.468723 -2.509540
v -3.064791 0.468723 -2.509540
v -3.529579 0.468723 -2.509540
v -3.971498 0.468723 -2.509540
v -5.407715 0.468723 -2.509540
v -5.665298 0.468723 -2.509540
v -6.060492 0.436874 -2.524838
v -6.250699 0.343077 -2.515736
v -8.237255 -1.720647 -1.379573
v -8.189725 -1.812663 -2.500649
v 8.242687 -1.529717 -2.569449
v 7.870140 -0.912729 -2.569449
v 7.380688 -0.355468 -2.569449
v 6.894300 -0.019900 -2.569448
v 6.433349 0.180519 -2.569448
v 5.709576 0.292687 -2.569448
v 5.108153 0.272092 -2.569448
v 4.555360 0.150257 -2.569448
v 3.974775 -0.231581 -2.538793
v 2.714869 0.298632 -2.504547
v 2.379626 0.286066 -2.524908
v 2.045224 0.332327 -2.524907
v 1.006278 0.392428 -2.524907
v 0.278156 0.440578 -2.524907
v -0.858319 0.489205 -2.524907
v -1.994794 0.491111 -2.524906
v -2.722916 0.468723 -2.524906
v -3.278747 0.468723 -2.509540
v -4.335476 0.468723 -2.509540
v -4.733385 0.468723 -2.509540
v -5.136422 0.468723 -2.509540
v -5.902541 0.468723 -2.509540
v -6.500275 0.107505 -2.524905
v -6.926272 -0.292299 -2.524904
v -7.300918 -0.629584 -2.524904
v -7.588548 -0.954833 -2.524903
v -7.869465 -1.298964 -2.524903
v -8.063148 -1.445761 -2.505898
v 0.537736 3.413785 -1.552158
v 0.537736 3.249121 -1.866733
v 1.326982 3.323540 -1.552158
v 1.326982 3.184847 -1.866734
v 2.163304 3.111879 -1.552158
v 2.150944 3.054460 -1.866734
v 3.390526 0.758030 -1.574828
v 3.390526 0.706735 -1.912075
v 3.890861 0.828675 -1.574828
v 3.890861 0.777380 -1.912075
v 4.487358 0.846496 -1.574828
v 4.487358 0.795201 -1.912075
v 5.087928 0.801671 -1.574830
v 5.087928 0.750376 -1.912075
v 5.743420 0.718477 -1.574830
v 5.743420 0.667183 -1.912076
v 6.486514 0.578069 -1.574830
v 6.486514 0.526774 -1.912076
v 7.026898 0.330112 -1.574830
v 7.026898 0.278817 -1.912076
v 7.608112 -0.061983 -1.574830
v 7.608112 -0.113278 -1.912076
v 8.118697 -0.657889 -1.574830
v 8.118697 -0.709184 -1.912076
v 8.425215 -1.330862 -1.574829
v 8.425215 -1.380592 -1.912076
v 8.464511 -1.505991 -1.574829
v 8.464511 -1.556001 -1.912076
v 8.252099 -1.689097 -1.687235
v 8.252099 -1.757510 -2.136887
v 1.915055 -2.167549 -1.650110
v 1.915055 -2.231194 -2.062641
v 8.058449 -1.792129 -1.650113
v 8.058449 -1.853801 -2.062643
v -3.305550 -2.165682 -1.650108
v -3.305550 -2.229328 -2.062638
v -3.439152 -1.694558 -1.650108
v -3.439152 -1.756626 -2.062638
v 7.935867 -1.614589 -1.650113
v 7.935867 -1.675924 -2.062643
v 7.706026 -1.420112 -1.650113
v 7.706026 -1.483756 -2.062643
v 7.480017 -1.205593 -1.650113
v 7.480017 -1.269239 -2.062643
v 7.284652 -0.941276 -1.650113
v 7.284652 -1.004921 -2.062643
v 7.100780 -0.707605 -1.650113
v 7.100780 -0.771251 -2.062642
v 6.878600 -0.516071 -1.650112
v 6.878600 -0.579717 -2.062642
v 6.575977 -0.309215 -1.650112
v 6.575977 -0.372860 -2.062642
v 6.277184 -0.205786 -1.650112
v 6.277184 -0.269431 -2.062642
v 5.986053 -0.144495 -1.650112
v 5.986053 -0.208140 -2.062642
v 5.671937 -0.155987 -1.650112
v 5.671937 -0.219632 -2.062642
v 5.476573 -0.209617 -1.650112
v 5.476573 -0.273262 -2.062642
v 5.219917 -0.316876 -1.650112
v 5.219917 -0.380521 -2.062642
v 4.997737 -0.470103 -1.650112
v 4.997737 -0.533748 -2.062642
v 4.802372 -0.642483 -1.650112
v 4.802372 -0.706128 -2.062642
v 4.645314 -0.826356 -1.650112
v 4.645314 -0.890001 -2.062642
v 4.530395 -1.040874 -1.650112
v 4.530395 -1.104519 -2.062642
v 4.338860 -1.649952 -1.650111
v 4.338860 -1.713597 -2.062642
v 4.158819 -2.090480 -1.650111
v 4.158819 -2.154125 -2.062642
v 3.975963 -2.160420 -1.650111
v 3.888040 -2.224827 -2.062642
v -3.498530 -1.270241 -1.650108
v -3.498530 -1.328406 -2.062638
v -3.721199 -0.870610 -1.650108
v -3.721199 -0.922582 -2.062638
v -4.032936 -0.598506 -1.650108
v -4.032936 -0.643801 -2.062638
v -4.404052 -0.413491 -1.650108
v -4.404052 -0.449138 -2.062638
v -4.730634 -0.386815 -1.650108
v -4.730634 -0.413448 -2.062638
v -5.079482 -0.361222 -1.650108
v -5.079482 -0.386493 -2.062638
v -5.443175 -0.421660 -1.650107
v -5.443175 -0.445603 -2.062638
v -5.747490 -0.530803 -1.650107
v -5.747490 -0.553490 -2.062638
v -6.029537 -0.764526 -1.650107
v -6.029537 -0.784259 -2.062638
v -6.252207 -1.058527 -1.650107
v -6.252207 -1.074152 -2.062638
v -6.430342 -1.378238 -1.650107
v -6.430342 -1.389331 -2.062638
v -6.578821 -1.604874 -1.650107
v -6.578821 -1.615584 -2.062638
v -1.462264 3.277198 -1.866733
v -1.462264 3.450177 -1.552157
v -0.462264 3.280039 -1.866733
v -0.462264 3.453019 -1.552157
v -2.251510 3.223898 -1.866732
v -2.251510 3.396877 -1.552157
v -2.869181 3.152426 -1.866732
v -2.869181 3.325405 -1.552156
v 8.330796 -1.127745 -1.574829
v 8.330796 -1.176710 -1.912076
v 7.863404 -0.359936 -1.574830
v 7.863404 -0.411231 -1.912076
v 6.114967 0.648273 -1.574830
v 6.114967 0.596978 -1.912076
v 5.415674 0.760074 -1.574830
v 5.415674 0.708779 -1.912076
v 4.787644 0.824084 -1.574828
v 4.787644 0.772789 -1.912075
v 4.089693 0.834616 -1.574828
v 4.089694 0.783321 -1.912075
v 4.288526 0.840556 -1.574828
v 4.288526 0.789261 -1.912075
v 3.615532 0.789800 -1.574828
v 3.615532 0.738505 -1.912075
v 2.447821 2.878031 -1.574828
v 2.407254 2.878031 -1.912075
v 2.653830 2.454812 -1.912075
v 2.843239 1.986659 -1.912075
v 2.347605 -2.229063 -2.062641
v 2.347605 -2.165418 -1.650111
v 2.801505 -2.227319 -2.062641
v 2.801506 -2.163674 -1.650111
v 3.436970 -2.225297 -2.062641
v 3.436971 -2.161652 -1.650111
v 0.609904 -2.167082 -1.650110
v 0.609904 -2.230728 -2.062640
v -0.695247 -2.166615 -1.650109
v -0.695247 -2.230260 -2.062640
v -2.000399 -2.166149 -1.650109
v -2.000399 -2.229794 -2.062639
v -0.042672 -2.166849 -1.650109
v -0.042672 -2.230494 -2.062640
v 0.037736 3.282521 -1.866733
v 0.037736 3.455502 -1.552157
v -1.347823 -2.166382 -1.650109
v -1.347823 -2.230028 -2.062640
v -0.962264 3.278618 -1.866733
v -0.962264 3.451598 -1.552157
v 1.262479 -2.167315 -1.650110
v 1.262479 -2.230960 -2.062640
v 1.739314 3.240141 -1.552158
v 1.738762 3.149198 -1.866734
v -2.652974 -2.165915 -1.650109
v -2.652974 -2.229560 -2.062639
v -2.457401 3.200074 -1.866732
v -2.457400 3.373054 -1.552157
v -2.663291 3.176250 -1.866732
v -2.663291 3.349229 -1.552157
v -3.063633 3.109402 -1.866732
v -3.063633 3.282382 -1.552156
v -6.905370 -1.907047 -1.650107
v -6.905370 -1.918207 -2.062637
v -7.194839 -1.990585 -1.650107
v -7.194839 -2.002295 -2.062637
v -7.484309 -2.076530 -1.650107
v -7.484309 -2.088308 -2.062637
v -7.837017 -2.129139 -1.650106
v -7.837017 -2.140966 -2.062636
v -7.660662 -2.102481 -1.650107
v -7.660662 -2.114331 -2.062636
v -8.013371 -2.156440 -1.650106
v -8.013371 -2.168163 -2.062636
v 8.097111 -1.790109 -1.650113
v 8.097111 -1.851919 -2.062643
v 8.358305 -1.612900 -1.744388
v 8.358305 -1.676545 -2.156918
v -1.462264 3.698102 -0.618786
v -0.462264 3.700944 -0.618787
v -2.251510 3.644804 -0.618786
v -2.869180 3.573331 -0.618786
v 0.537736 3.609437 -0.618787
v 1.364529 3.460739 -0.618787
v 2.325804 3.231972 -0.618787
v 3.390526 0.854259 -0.618786
v 3.890862 0.924905 -0.618786
v 4.487359 0.942726 -0.618786
v 5.087929 0.897901 -0.618787
v 5.743421 0.814707 -0.618787
v 6.486514 0.674299 -0.618787
v 7.026899 0.426341 -0.618787
v 7.608113 0.034247 -0.618787
v 8.118698 -0.561660 -0.618788
v 8.425216 -1.242993 -0.618788
v 8.464512 -1.417447 -0.618788
v 8.252100 -1.581211 -0.618787
v 1.915055 -2.058969 -0.618786
v 8.058450 -1.688146 -0.618787
v 7.935868 -1.509523 -0.618787
v 7.706028 -1.311532 -0.618787
v 7.480017 -1.097014 -0.618787
v 7.284653 -0.832697 -0.618787
v 7.100780 -0.599026 -0.618787
v 6.878600 -0.407492 -0.618787
v 6.575977 -0.200635 -0.618787
v 6.277184 -0.097207 -0.618787
v 5.986053 -0.035916 -0.618787
v 5.671937 -0.047408 -0.618787
v 5.476573 -0.101037 -0.618787
v 5.219917 -0.208296 -0.618786
v 4.997737 -0.361523 -0.618786
v 4.802373 -0.533904 -0.618786
v 4.645315 -0.717776 -0.618786
v 4.530395 -0.932294 -0.618786
v 4.426967 -1.227257 -0.618786
v 4.338861 -1.541373 -0.618786
v 4.273739 -1.817181 -0.618786
v 4.158819 -1.981901 -0.618786
v 4.063886 -2.051077 -0.618786
v 8.330797 -1.041591 -0.618788
v 7.863405 -0.263707 -0.618788
v 6.114968 0.744503 -0.618787
v 5.415674 0.856304 -0.618787
v 4.787644 0.920314 -0.618787
v 4.089694 0.930845 -0.618786
v 4.288526 0.936786 -0.618786
v 3.615532 0.886029 -0.618786
v 2.609126 2.878031 -0.618787
v 2.347605 -2.056838 -0.618786
v 2.801506 -2.055094 -0.618786
v 3.436971 -2.053072 -0.618786
v 0.609904 -2.058503 -0.618785
v -0.695247 -2.058036 -0.618785
v -2.000398 -2.057569 -0.618784
v -0.042672 -2.058269 -0.618785
v 0.037736 3.655191 -0.618787
v -1.347823 -2.057803 -0.618784
v -0.962264 3.699523 -0.618786
v 1.262480 -2.058736 -0.618786
v 1.849949 3.346356 -0.618787
v -2.652974 -2.057336 -0.618784
v -2.457400 3.620979 -0.618786
v -2.663290 3.597155 -0.618786
v -3.063633 3.530307 -0.618786
v 8.097112 -1.686571 -0.618787
v 8.358306 -1.504320 -0.713063
v 0.537736 3.119454 -2.024020
v 1.326981 3.055977 -2.024021
v 2.111120 2.974944 -2.025522
v 3.390526 0.681087 -2.080698
v 3.890861 0.751733 -2.080698
v 4.487358 0.769554 -2.080699
v 5.087928 0.724729 -2.080699
v 5.743420 0.641535 -2.080699
v 6.486514 0.501127 -2.080699
v 7.026898 0.253169 -2.080699
v 7.608112 -0.138926 -2.080699
v 8.118697 -0.734832 -2.080699
v 8.425215 -1.405456 -2.080699
v 8.464511 -1.581006 -2.080699
v 8.252099 -1.791716 -2.361713
v 1.915055 -2.263016 -2.268905
v 8.058449 -1.884636 -2.268908
v -3.305550 -2.261150 -2.268903
v -3.439152 -1.787659 -2.268903
v 7.935867 -1.706591 -2.268907
v 7.706026 -1.515579 -2.268908
v 7.480016 -1.301061 -2.268908
v 7.284652 -1.036744 -2.268908
v 7.100779 -0.803073 -2.268908
v 6.878599 -0.611539 -2.268908
v 6.575976 -0.404682 -2.268908
v 6.277183 -0.301254 -2.268908
v 5.986053 -0.239963 -2.268908
v 5.671937 -0.251455 -2.268907
v 5.476571 -0.305084 -2.268907
v 5.219916 -0.412343 -2.268907
v 4.997736 -0.565570 -2.268907
v 4.802372 -0.737951 -2.268907
v 4.645314 -0.921823 -2.268907
v 4.530394 -1.136341 -2.268907
v 4.338860 -1.745419 -2.268906
v 4.158818 -2.185947 -2.268906
v 3.844078 -2.257031 -2.268906
v -3.498530 -1.357488 -2.268904
v -3.721199 -0.948568 -2.268904
v -4.032936 -0.666448 -2.268904
v -4.404052 -0.466962 -2.268904
v -4.730634 -0.426764 -2.268903
v -5.079482 -0.399129 -2.268903
v -5.443175 -0.457574 -2.268903
v -5.747490 -0.564834 -2.268903
v -6.029538 -0.794126 -2.268903
v -6.252207 -1.081965 -2.268903
v -6.430342 -1.394878 -2.268903
v -6.578821 -1.620938 -2.268903
v 8.330796 -1.201193 -2.080699
v 7.863404 -0.436879 -2.080699
v 6.114967 0.571331 -2.080699
v 5.415674 0.683132 -2.080699
v 4.787644 0.747142 -2.080699
v 4.089694 0.757673 -2.080698
v 4.288526 0.763614 -2.080698
v 3.615532 0.712857 -2.080698
v 2.367177 2.878031 -2.080698
v 2.653830 2.454812 -2.080698
v 2.843239 1.986659 -2.080698
v 0.609904 -2.262550 -2.268904
v -0.695248 -2.262083 -2.268904
v -2.000399 -2.261616 -2.268904
v -0.042672 -2.262316 -2.268904
v -1.347823 -2.261850 -2.268904
v 1.262479 -2.262783 -2.268905
v 1.738762 3.055847 -2.024021
v -2.652974 -2.261383 -2.268904
v -6.905370 -1.923788 -2.268903
v -7.194839 -2.008150 -2.268903
v -7.484310 -2.094197 -2.268903
v -7.837017 -2.146880 -2.268902
v -7.660663 -2.120255 -2.268902
v -8.013371 -2.174024 -2.268902
v 8.097111 -1.882823 -2.268908
v 8.358305 -1.708367 -2.363184
v -1.462264 3.208119 -2.024020
v -0.462264 3.210961 -2.024020
v -2.251510 3.154819 -2.024020
v -2.869181 3.083347 -2.024020
v 2.347605 -2.260886 -2.268906
v 2.801505 -2.259141 -2.268906
v 3.436970 -2.257120 -2.268906
v 0.037736 3.165208 -2.024020
v -0.962264 3.209540 -2.024020
v -2.457401 3.130995 -2.024020
v -2.663291 3.107171 -2.024020
v -3.063633 3.040324 -2.024019
v 3.067669 1.266735 -2.249322
v 3.116882 1.346697 -1.912075
v 3.116882 1.333873 -2.080698
v 3.618543 -2.167577 -2.475172
v 3.750428 -2.097009 -1.237581
v 3.662505 -2.225062 -2.062642
v 3.706467 -2.161036 -1.650111
v 3.750429 -2.052075 -0.618786
v 3.640524 -2.257075 -2.268906
v 8.277502 -1.603600 -1.260131
v 8.103815 -1.569531 -2.582452
v 7.681032 -0.990220 -2.582452
v 7.207659 -0.462052 -2.582452
v 6.793415 -0.169946 -2.582452
v 6.392901 -0.005478 -2.582452
v 5.683827 0.085544 -2.582452
v 5.123540 -0.011818 -2.582452
v 4.607097 -0.254679 -2.582450
v 4.052141 -1.040206 -2.575118
v 8.277501 -1.805417 -2.582452
v 7.896403 -1.341962 -2.582452
v 7.459710 -0.709076 -2.582452
v 6.047583 0.069407 -2.582452
v 5.428267 0.058550 -2.582452
v 4.854563 -0.125453 -2.582450
v 4.420772 -0.402172 -2.582450
v 4.268249 -0.574321 -2.582450
v 3.825926 -1.354337 -2.582450
v 3.717110 -1.572232 -2.582450
v 8.277501 -1.738144 -2.141679
v 8.277501 -1.670873 -1.700904
v 8.277502 -1.562821 -0.641336
v 8.277501 -1.771781 -2.362065
v 3.553876 -1.604788 -2.475171
v 3.618543 -1.989179 -2.475172
v 3.390907 -1.946865 -2.475171
v 3.339707 -0.077404 -2.560858
v -8.189724 -1.487379 -1.915194
v -8.098217 -0.890073 -1.901769
v -7.892327 -0.303404 -1.901769
v -7.537737 0.296580 -1.901769
v -7.171710 0.850934 -1.901770
v -6.737054 1.364679 -1.901770
v -6.233766 1.861362 -1.901771
v -5.627534 2.339366 -1.901771
v -4.861164 2.718763 -1.901772
v -4.413011 2.816918 -1.857123
v -5.372077 2.475544 -1.901771
v -5.116621 2.595694 -1.901771
v -6.031689 2.023562 -1.901771
v -5.829611 2.183851 -1.901771
v -8.189724 -1.781054 -2.115542
v -7.840502 -0.281070 -1.237970
v -5.791560 2.154449 -1.237972
v -7.840502 -0.329214 -1.902163
v -7.532343 0.219802 -1.902164
v -7.166316 0.774156 -1.902164
v -6.731659 1.287902 -1.902164
v -6.228371 1.784584 -1.902165
v -6.026295 1.946785 -1.902165
v -5.824217 2.107073 -1.902165
v 0.501481 2.685870 -2.222634
v 0.545646 2.681463 -2.222621
v 0.293830 2.706592 -2.221996
v 0.415241 0.814656 -2.433629
v 0.175897 0.814656 -2.435421
v 0.315363 0.814656 -2.434777
v 0.821861 2.653900 -2.222540
v 0.695289 0.814656 -2.431449
v 1.110277 2.625120 -2.222456
v 1.002473 0.814656 -2.429135
v 1.281986 2.607985 -2.222821
v 1.398693 2.596339 -2.222924
v 1.323224 0.814656 -2.426711
v 1.058821 0.814656 -2.428712
v 1.670945 2.560136 -2.224344
v 1.563221 0.814656 -2.425139
v 1.643975 0.814656 -2.418627
v 1.910868 2.509088 -2.207299
v 1.707313 2.552398 -2.224993
v 1.943867 0.818679 -2.415871
v 2.229073 2.332766 -2.222859
v 2.102299 2.435773 -2.208938
v 2.054767 2.453976 -2.206325
v 2.047433 0.823522 -2.414478
v 2.202040 0.830750 -2.411929
v 2.383095 1.919834 -2.271138
v 2.412883 1.772293 -2.288774
v 2.353306 2.067375 -2.253502
v 2.304600 2.211900 -2.236857
v 2.307354 2.207493 -2.237323
v 2.491754 1.381647 -2.335469
v 2.468262 1.498001 -2.321562
v 2.441622 1.629949 -2.305789
v 2.511048 1.286084 -2.346773
v 2.541241 1.136540 -2.363479
v 2.527194 1.206114 -2.355706
v 2.554239 1.072163 -2.370669
v 2.567236 1.007786 -2.377860
v 2.559375 0.947433 -2.385728
v 2.509794 0.895127 -2.394945
v 2.357658 0.849957 -2.406817
v 2.397636 0.854891 -2.404905
v -0.217616 2.757628 -2.221127
v -0.087801 2.744674 -2.221246
v -0.007037 2.736614 -2.221719
v 0.078614 2.728068 -2.221798
v -0.246390 0.814656 -2.437752
v -0.270778 0.814656 -2.437873
v -0.153545 0.814656 -2.436942
v -0.009176 0.814656 -2.436275
v -0.323031 2.768147 -2.221030
v -0.374444 0.814656 -2.438392
v -0.416247 2.777449 -2.220947
v -0.478110 0.814656 -2.438909
v -0.509462 2.786750 -2.220861
v -0.575296 0.819403 -2.438864
v -0.596851 2.784593 -2.221153
v -0.672588 2.759515 -2.223928
v -0.515308 2.786606 -2.220936
v -0.659525 0.833642 -2.437693
v -0.765803 2.594762 -2.242290
v -0.730847 2.700058 -2.230546
v -0.783281 2.455087 -2.257877
v -0.789107 1.483537 -2.366271
v -0.782628 0.971293 -2.423377
v -0.763190 0.909588 -2.429971
v -0.784034 0.986747 -2.421691
v -0.789107 1.042492 -2.415472
v -0.724316 0.862122 -2.434833
v -0.789107 2.292492 -2.276026
v -0.789107 1.944383 -2.314862
v -0.789107 2.118437 -2.295447
v -0.789107 1.776460 -2.333596
v -0.789107 1.620801 -2.350959
v -0.789107 1.370801 -2.378848
v -0.789107 1.276460 -2.389373
v -0.789107 1.194383 -2.398528
v -0.789107 1.118437 -2.407000
v -1.843797 2.839295 -2.212666
v -1.943186 2.835375 -2.212346
v -1.744408 2.843214 -2.212985
v -1.645019 2.847133 -2.213305
v -1.597485 2.845174 -2.213882
v -1.549951 2.843214 -2.214267
v -1.521990 2.842061 -2.214491
v -1.502417 2.841254 -2.214589
v -1.454883 2.839295 -2.214823
v -2.120358 2.826557 -2.211986
v -2.042575 2.831456 -2.212026
v -1.430036 2.825577 -2.216366
v -1.405189 2.811861 -2.217906
v -1.380342 2.798144 -2.219447
v -1.341450 2.770710 -2.222528
v -1.355494 2.784427 -2.220989
v -1.299318 2.729559 -2.227142
v -1.327406 2.756993 -2.224064
v -1.313362 2.743276 -2.225603
v -1.288515 2.709963 -2.229336
v -1.277711 2.690368 -2.231530
v -1.256105 2.651177 -2.235918
v -1.266908 2.670772 -2.233724
v -1.245302 2.629622 -2.238332
v -1.234499 2.608066 -2.240745
v -1.223696 2.586511 -2.243159
v -1.212892 2.564956 -2.245572
v -1.212892 2.203417 -2.285903
v -1.212893 1.841878 -2.326213
v -1.212893 1.709033 -2.341026
v -1.212759 1.480045 -2.366547
v -1.212355 1.450194 -2.369779
v -1.199931 1.090325 -2.406892
v -1.214082 1.073140 -2.408601
v -1.228316 1.056139 -2.410306
v -1.242647 1.039352 -2.412013
v -1.257092 1.022813 -2.413720
v -1.345219 0.928399 -2.424100
v -1.333179 0.940519 -2.422703
v -1.321245 0.952871 -2.421308
v -1.322400 0.951660 -2.421443
v -1.357357 0.916495 -2.425496
v -1.288838 0.987116 -2.417513
v -1.304990 0.969881 -2.419411
v -1.272879 1.004774 -2.415617
v -1.402648 0.880163 -2.429942
v -1.413759 0.872152 -2.430958
v -1.369586 0.904791 -2.426892
v -1.380558 0.896473 -2.427909
v -1.391580 0.888267 -2.428926
v -1.537644 0.822138 -2.438023
v -1.503250 0.822993 -2.437573
v -1.480768 0.835045 -2.435920
v -1.458343 0.847217 -2.434266
v -1.435998 0.859567 -2.432612
v -1.572087 0.821391 -2.438473
v -1.606526 0.820635 -2.438922
v -1.640908 0.819753 -2.439372
v -4.623450 2.204397 -2.249830
v -4.704473 2.161286 -2.261299
v -4.278699 0.828785 -2.418279
v -4.652618 0.828785 -2.417157
v -3.900718 0.828785 -2.420497
v -3.912250 0.828785 -2.420311
v -4.542426 2.247507 -2.236958
v -4.471091 2.285463 -2.232160
v -4.461402 2.290617 -2.231775
v -4.380379 2.333728 -2.228545
v -4.292873 2.367040 -2.226789
v -4.205367 2.400353 -2.225033
v -4.117862 2.433665 -2.223275
v -4.030356 2.466978 -2.220179
v -3.940690 2.495392 -2.219457
v -4.019852 2.470306 -2.219776
v -3.851024 2.523805 -2.219095
v -3.148818 0.828785 -2.422509
v -3.220815 0.828784 -2.422142
v -3.462539 0.828785 -2.421460
v -3.761358 2.552219 -2.218732
v -3.622108 2.592010 -2.217046
v -3.671692 2.580632 -2.218358
v -3.582025 2.601208 -2.216606
v -3.492359 2.621783 -2.215622
v -3.402693 2.642358 -2.214638
v -3.313026 2.662934 -2.213655
v -3.238485 2.676651 -2.213235
v -3.163943 2.690368 -2.212792
v -2.794475 2.756013 -2.211277
v -2.721013 2.768750 -2.210714
v -2.867936 2.743276 -2.211753
v -2.914069 2.735277 -2.212052
v -2.941398 2.730539 -2.212574
v -3.014859 2.717802 -2.212199
v -3.089401 2.704085 -2.211874
v -3.114226 2.699516 -2.211766
v -2.863803 0.828785 -2.422872
v -3.008527 0.828784 -2.422510
v -2.658057 0.828784 -2.436478
v -2.396919 0.828785 -2.437829
v -2.198141 2.821658 -2.211945
v -2.275923 2.816760 -2.211905
v -2.353706 2.811861 -2.210265
v -2.300238 2.815228 -2.211892
v -2.445533 2.801083 -2.210282
v -2.506164 2.793967 -2.210293
v -2.537360 2.790305 -2.210479
v -2.629187 2.779528 -2.210495
v -2.705087 2.770620 -2.210510
v -1.926884 0.828785 -2.439454
v -4.786577 0.842502 -2.414569
v -4.853556 0.849360 -2.413701
v -4.844913 2.073106 -2.269809
v -4.774693 2.117196 -2.262456
v -4.719598 0.835643 -2.415436
v -4.680981 0.831689 -2.415936
v -4.985355 1.984926 -2.291242
v -5.032889 1.940836 -2.294773
v -5.022086 0.897369 -2.411200
v -4.971311 0.876794 -2.410233
v -4.939133 2.013947 -2.289617
v -4.915135 2.029016 -2.283517
v -4.920537 0.856218 -2.412835
v -5.201419 0.995347 -2.409912
v -5.162528 0.966934 -2.412712
v -5.175491 1.808566 -2.308101
v -5.127957 1.852656 -2.300695
v -5.123636 0.938520 -2.415513
v -5.080423 1.896745 -2.297773
v -5.078762 0.920336 -2.417305
v -5.072861 0.917945 -2.416669
v -5.304049 1.090386 -2.397950
v -5.279201 1.052174 -2.403378
v -5.248953 1.714507 -2.331565
v -5.285683 1.667477 -2.337254
v -5.240310 1.023761 -2.407111
v -5.226247 1.743580 -2.324844
v -5.212222 1.761536 -2.320344
v -5.353743 1.166809 -2.389279
v -5.378590 1.205021 -2.385308
v -5.359145 1.510712 -2.353543
v -5.377510 1.455844 -2.359245
v -5.340780 1.565580 -2.347842
v -5.328896 1.128598 -2.393250
v -5.322414 1.620448 -2.342141
v -5.316499 1.109533 -2.395231
v -5.395876 1.400976 -2.364946
v -5.391554 1.351988 -2.370037
v -5.387233 1.302999 -2.375128
v -5.382911 1.254010 -2.380219
v -6.132728 1.890746 -2.249318
v -6.742080 -1.716919 -2.475167
v -6.597756 -0.956382 -2.475168
v -6.742080 -1.529352 -3.076635
v -6.597756 -0.982074 -3.076636
v -6.634004 -0.957033 -2.662383
v -6.784535 -1.660675 -2.662382
v -6.375487 0.225291 -2.520321
v -6.742079 -1.792127 -2.062637
v -6.742079 -1.781192 -1.650107
v -6.742080 -1.797595 -2.268903
v -6.132727 1.942462 -1.901771
v -6.127332 1.865684 -1.902165
v 3.390526 -0.210343 -2.173722
v 3.390526 -0.210343 -1.994731
v 3.717110 -1.572232 -2.173722
v 3.717110 -2.000368 -2.173722
v 3.717110 -1.572232 -1.994731
v 3.759922 -2.000368 -1.994731
v 3.863253 -2.000368 -1.650111
v 3.749343 -1.572232 -1.650111
v 3.390526 -0.210343 -1.711925
v 3.863253 -2.000368 -1.237581
v 3.749343 -1.572232 -1.237581
v 3.423808 -0.210343 -1.237581
v 3.863253 -1.971968 -0.618786
v 3.863253 -1.572232 -0.618786
v 3.423808 -0.210343 -0.618786
v 3.709330 -2.167650 -2.475172
v 3.253704 1.103658 -1.237581
v 3.253704 1.026716 -1.912075
v 3.253704 1.065187 -1.574828
v 3.253704 1.137359 -0.618786
v 3.253704 1.007480 -2.080698
v 3.229098 0.961087 -2.249322
v 3.907157 -2.096510 -1.237581
v 3.775272 -2.224944 -2.062642
v 3.841215 -2.160728 -1.650111
v 3.907157 -2.051576 -0.618786
v 3.742300 -2.257053 -2.268906
v 3.693425 -1.994773 -2.530855
v 3.635493 -1.588510 -2.528810
v 3.446980 -0.143874 -2.570211
v 0.533273 3.001697 -2.092993
v -1.460515 3.088772 -2.094118
v -0.464475 3.091087 -2.094567
v -2.246874 3.035728 -2.094060
v -2.860720 2.964066 -2.094621
v -3.955725 2.739268 -2.094779
v -4.404806 2.636096 -2.095788
v 1.323766 2.924690 -2.090120
v 2.047127 2.839402 -2.057594
v 0.526038 3.591280 0.013994
v -1.459175 3.679211 0.013927
v -0.466145 3.682083 0.013923
v -2.243481 3.626218 0.013880
v -2.854622 3.555575 0.013750
v -3.941840 3.248429 0.013237
v -4.384790 3.093091 0.012976
v 1.367963 3.443648 0.014529
v 2.341462 3.181760 0.013032
v 3.386647 0.587597 -2.161925
v 3.899518 0.600511 -2.179437
v 4.489447 0.673330 -2.184987
v 5.083457 0.625368 -2.190342
v 5.732788 0.539624 -2.196325
v 6.462655 0.400549 -2.199831
v 6.988060 0.158651 -2.200806
v 7.554770 -0.223723 -2.202173
v 8.050503 -0.803492 -2.204574
v 8.347451 -1.461255 -2.213372
v 8.379455 -1.583710 -2.232998
v 8.187085 -1.781138 -2.537745
v 8.002359 -1.678272 -2.480498
v 8.101839 -1.838398 -2.486894
v 1.914949 -2.126976 -2.384952
v -3.258990 -2.113897 -2.416517
v -7.220778 -2.380164 -2.415154
v -7.268488 -2.370549 -2.413828
v -8.151949 -2.128875 -2.496171
v -8.103120 -1.542265 -2.248769
v -8.159330 -1.386985 0.001332
v -8.022513 -0.933070 -2.201335
v -8.070238 -0.834882 0.002080
v -7.826378 -0.362048 -2.190507
v -7.908459 -0.282980 0.005005
v -7.478322 0.226227 -2.185434
v -7.117246 0.770776 -2.182526
v -6.688105 1.274620 -2.180145
v -6.190269 1.761078 -2.178343
v -5.595421 2.229619 -2.174944
v -5.576214 2.462443 0.007500
v -4.848930 2.570738 -2.166475
v -4.824664 2.946156 0.011658
v 4.000318 -1.944416 -0.009887
v 3.786812 -2.094686 -2.416881
v -3.325896 -1.803097 -2.409182
v -3.436797 -1.346374 -2.402041
v -3.671371 -0.937440 -2.399500
v -3.996722 -0.639510 -2.398667
v -4.385231 -0.428338 -2.396577
v -4.724068 -0.379165 -2.398516
v -5.082046 -0.351784 -2.397148
v -5.458486 -0.410497 -2.398215
v -5.778581 -0.523169 -2.398725
v -6.076544 -0.759621 -2.402525
v -6.308339 -1.053189 -2.405608
v -6.489801 -1.364702 -2.408953
v -6.647678 -1.570446 -2.484408
v -6.950762 -1.855294 -2.498111
v -7.499936 -2.030794 -2.538840
v 0.526771 3.455003 -1.209756
v 1.310395 3.306188 -1.215432
v 2.162869 3.086175 -1.217090
v -1.459350 3.545610 -1.200258
v -0.465062 3.547941 -1.201902
v -2.243937 3.492588 -1.200320
v -2.855437 3.421782 -1.200730
v -3.944195 3.112161 -1.207822
v -4.388159 2.955832 -1.210683
v 3.321940 0.753179 -1.228057
v 3.898344 0.792059 -1.223706
v 4.485394 0.809590 -1.223662
v 5.079095 0.765180 -1.223715
v 5.729679 0.682609 -1.223816
v 6.459789 0.545210 -1.224319
v 6.983684 0.304284 -1.225403
v 7.549354 -0.076946 -1.227107
v 8.043865 -0.654355 -1.230119
v 8.341149 -1.310120 -1.233299
v 8.380276 -1.427409 -1.241108
v 8.199839 -1.549155 -1.247717
v 1.914854 -2.015699 -1.251659
v 8.098317 -1.651166 -1.229709
v -3.306576 -2.013553 -1.248851
v -7.231472 -2.355829 -1.652300
v -8.148725 -1.410381 -1.232467
v -8.059603 -0.874684 -1.231138
v -7.898221 -0.333577 -1.228878
v -5.577258 2.372314 -1.225226
v -4.827552 2.818330 -1.215781
v 7.997552 -1.497344 -1.200222
v 4.001230 -2.032892 -1.233707
v -7.259286 -2.227405 -2.268212
v -7.259266 -2.223624 -2.061944
v -7.259098 -2.209376 -1.633564
v -7.256441 -2.346093 -1.652165
v -6.929937 -1.810363 -1.239545
v -7.503477 -1.977860 -1.239638
v -7.231977 -2.343466 -1.239086
v -7.255866 -2.333515 -1.238973
v -7.270987 -2.116226 -1.238089
v -7.235402 -2.122304 -1.242604
v -8.200212 -2.091981 -1.237989
v 8.257743 -1.261916 -2.206999
v 8.249965 -1.115731 -1.232086
v 7.803130 -0.514394 -2.201857
v 7.796075 -0.366332 -1.228451
v 6.101054 0.469267 -2.197725
v 6.098583 0.612855 -1.223875
v 5.408327 0.582394 -2.193271
v 5.404565 0.723839 -1.223745
v 4.785560 0.649739 -2.186849
v 4.781079 0.787400 -1.223673
v 4.294925 0.661796 -2.182223
v 4.098668 0.629579 -2.180075
v 4.092326 0.797728 -1.223642
v 4.291158 0.803669 -1.223642
v 2.620823 2.823004 0.012953
v 3.621602 0.585591 -2.178530
v 3.627866 0.753727 -1.223770
v 2.756464 1.916441 -2.164050
v 2.574791 2.381850 -2.105491
v 2.263428 2.779053 -2.067451
v 2.457535 2.815353 -1.217020
v 2.347404 -2.124913 -2.384901
v 2.801345 -2.123164 -2.384904
v 3.436905 -2.121169 -2.384884
v 3.436702 -2.009802 -1.251666
v 2.801196 -2.011824 -1.251656
v 2.347219 -2.013568 -1.251656
v -2.000382 -2.125630 -2.384909
v -0.695231 -2.126098 -2.384909
v 0.609920 -2.126564 -2.384909
v 0.609934 -2.015233 -1.251655
v -0.695218 -2.014766 -1.251655
v -2.000368 -2.014299 -1.251654
v -0.042656 -2.126330 -2.384909
v -0.042642 -2.014999 -1.251655
v 0.033224 3.046627 -2.093642
v 0.029697 3.636606 0.013879
v 0.031054 3.501438 -1.205276
v -1.347807 -2.125864 -2.384909
v -1.347793 -2.014533 -1.251654
v -0.962071 3.090398 -2.093931
v -0.962014 3.680578 0.013936
v -0.962028 3.547040 -1.200079
v 1.731798 2.891244 -2.087520
v 1.868414 3.330126 0.013348
v 1.262495 -2.126798 -2.384909
v 1.740877 3.192196 -1.218646
v 1.262509 -2.015466 -1.251656
v -2.652944 -2.014066 -1.251654
v -2.652958 -2.125398 -2.384908
v -2.451607 3.012475 -2.093702
v -2.657595 2.988648 -2.093696
v -2.447261 3.602609 0.013848
v -2.653151 3.578785 0.013848
v -2.447831 3.468983 -1.200276
v -2.653722 3.445160 -1.200275
v -3.054189 2.923485 -2.092838
v -3.559250 2.852306 -2.094785
v -3.042270 3.513942 0.013531
v -3.545981 3.373243 0.013370
v -3.044937 3.379173 -1.202535
v -3.549113 3.237391 -1.205626
v -5.325261 2.623466 0.008330
v -5.070593 2.787035 0.009578
v -5.095970 2.460911 -2.167861
v -5.349498 2.352043 -2.171115
v -5.327559 2.529566 -1.222736
v -5.073382 2.675983 -1.220032
v -5.792677 2.079804 -2.174814
v -5.991620 1.920240 -2.176569
v -5.744769 2.258166 -1.233917
v -7.214692 -1.946707 -2.540179
v -7.219771 -1.893458 -1.239570
v -7.850543 -2.029366 -1.239653
v -7.847572 -2.083577 -2.540408
v -8.026039 -2.056644 -1.239718
v -7.671022 -2.056934 -2.540408
v -7.673792 -2.002626 -1.239670
v -8.029155 -2.112812 -2.542056
v 8.068460 -1.644736 -1.250439
v -8.148307 -2.037892 -1.234231
v -8.105421 -2.107908 -2.500961
v 8.028741 -1.609176 -2.493053
v 7.803255 -1.378733 -2.494382
v 7.588433 -1.038024 -2.492492
v 7.375391 -0.762563 -2.492050
v 7.128137 -0.526238 -2.491924
v 6.743511 -0.250833 -2.491147
v 6.368842 -0.100909 -2.491346
v 6.033878 -0.026260 -2.491017
v 5.678014 -0.017567 -2.491004
v 5.437893 -0.053221 -2.491130
v 5.141806 -0.136245 -2.490775
v 4.882354 -0.266551 -2.491323
v 4.646001 -0.412415 -2.490933
v 4.466769 -0.574007 -2.491139
v 4.327275 -0.761113 -2.492075
v 4.114320 -1.310674 -2.492862
v 3.885047 -1.714535 -2.488255
v 3.785192 -1.997753 -2.482817
v 3.347967 -1.603376 -2.369564
v 2.775607 -1.535546 -2.369490
v 2.356338 -1.466898 -2.369496
v 1.939834 -1.743435 -2.369489
v 0.685610 -1.719797 -2.369488
v 0.018603 -1.704429 -2.369488
v -0.617879 -1.699662 -2.369488
v -1.254365 -1.694900 -2.369488
v -1.890848 -1.694942 -2.369488
v 1.312770 -1.731515 -2.369488
v -2.527331 -1.694989 -2.369488
v -3.127397 -1.698741 -2.382537
v -3.274183 -1.169872 -2.382969
v -3.394738 -0.642579 -2.384106
v -3.605713 -0.323478 -2.383635
v -3.886837 -0.100127 -2.382779
v -4.270857 0.071066 -2.381731
v -4.602066 0.125106 -2.380832
v -4.962873 0.135096 -2.380534
v -5.329252 0.109772 -2.380592
v -5.603641 0.059670 -2.380718
v -5.851777 -0.067366 -2.380892
v -6.070989 -0.286977 -2.380034
v -6.243540 -0.529708 -2.381182
v -6.392027 -0.732946 -2.384150
v -6.705482 -1.261514 -2.514711
v -7.069144 -1.542667 -2.499220
v -7.392387 -1.698994 -2.478193
v -7.599580 -1.805170 -2.479583
v -7.800329 -1.917732 -2.480180
v -7.974154 -2.030515 -2.479205
v 8.007181 -1.967691 -3.025037
v 7.978573 -1.942373 -2.993053
v 6.878599 -0.548210 -2.763476
v 6.575976 -0.361216 -2.740571
v 6.284135 -0.221542 -2.740570
v 5.986053 -0.221542 -2.775817
v 5.671937 -0.221542 -2.775817
v 5.476571 -0.221542 -2.775817
v 8.036647 -1.886505 -2.778971
v 8.044056 -1.869124 -2.729513
v 8.067076 -1.830693 -2.488387
v 8.294658 -1.709723 -2.505044
v 8.304095 -1.479433 -1.344124
v 8.051978 -1.328973 -2.473206
v 7.607152 -0.647741 -2.472667
v 6.070855 0.219229 -2.472140
v 5.421587 0.264795 -2.470024
v 4.827568 0.192921 -2.467366
v 4.368811 0.043964 -2.465999
v 4.200227 -0.056890 -2.465728
v 3.732361 -0.258164 -2.464811
v 3.551331 -0.224883 -2.475357
v 3.119154 0.049117 -2.399379
v -0.290747 0.455728 -2.419661
v -1.426271 0.482044 -2.419518
v 1.525319 0.355308 -2.419594
v -2.926089 0.460031 -2.404429
v -3.063730 0.460694 -2.404290
v -3.528884 0.461602 -2.404197
v -3.970963 0.462381 -2.404122
v -5.409659 0.466738 -2.403903
v -5.666374 0.466670 -2.403890
v -6.059099 0.432259 -2.419309
v -6.246035 0.337349 -2.410416
v -8.148377 -1.721252 -1.374098
v -8.129861 -1.812215 -2.422445
v 8.203609 -1.549681 -2.477505
v 7.839122 -0.933029 -2.473370
v 7.356674 -0.383401 -2.473242
v 6.876270 -0.052100 -2.473275
v 6.422091 0.145869 -2.473024
v 5.706178 0.259816 -2.471317
v 5.108867 0.245080 -2.468750
v 4.559075 0.129639 -2.466731
v 3.978893 -0.242310 -2.433992
v 2.712275 0.292605 -2.399150
v 2.378719 0.280637 -2.419423
v 2.044453 0.324820 -2.419603
v 1.005914 0.384885 -2.419603
v 0.277827 0.432549 -2.419652
v -0.858743 0.483112 -2.419471
v -1.994489 0.482541 -2.419712
v -2.720216 0.460113 -2.419764
v -3.277905 0.461072 -2.404248
v -4.335170 0.463185 -2.404058
v -4.733953 0.463856 -2.404013
v -5.137650 0.465076 -2.403952
v -5.903212 0.465157 -2.403941
v -6.496685 0.102499 -2.419472
v -6.920286 -0.297772 -2.419658
v -7.291737 -0.635983 -2.420058
v -7.577569 -0.961471 -2.420322
v -7.853595 -1.305491 -2.421198
v -8.018909 -1.455615 -2.414945
v 0.529511 3.334867 -1.504288
v 0.531825 3.178537 -1.802743
v 1.313963 3.241523 -1.514148
v 1.320023 3.111642 -1.807204
v 2.124197 3.034033 -1.530541
v 2.117763 2.977167 -1.832205
v 3.321011 0.703473 -1.562265
v 3.340586 0.634159 -1.897070
v 3.898304 0.741400 -1.556111
v 3.898304 0.690105 -1.893357
v 4.485405 0.758936 -1.556050
v 4.485405 0.707641 -1.893297
v 5.079152 0.714516 -1.556138
v 5.079152 0.663221 -1.893384
v 5.729766 0.631933 -1.556266
v 5.729766 0.580638 -1.893514
v 6.459874 0.494504 -1.556905
v 6.459874 0.443209 -1.894152
v 6.983834 0.253467 -1.558393
v 6.983834 0.202173 -1.895639
v 7.549413 -0.127814 -1.560712
v 7.549413 -0.179109 -1.897959
v 8.043916 -0.705389 -1.564734
v 8.043957 -0.756744 -1.901968
v 8.341088 -1.359472 -1.568907
v 8.341066 -1.409136 -1.906167
v 8.380989 -1.475744 -1.581354
v 8.380813 -1.526232 -1.918498
v 8.199594 -1.618377 -1.702362
v 8.199908 -1.686561 -2.152062
v 1.914857 -2.080007 -1.669154
v 1.914856 -2.143652 -2.081684
v 8.097477 -1.713374 -1.666708
v 8.097631 -1.775122 -2.079224
v -3.278323 -2.081311 -1.640864
v -3.251996 -2.159403 -2.077807
v -3.375031 -1.681591 -1.578452
v -3.352107 -1.738373 -2.066502
v 8.001346 -1.555249 -1.662701
v 8.001215 -1.616448 -2.075261
v 3.918424 -2.092682 -1.655601
v 3.834580 -2.153713 -2.065415
v -3.434622 -1.247645 -1.581626
v -3.414158 -1.300448 -2.068006
v -3.668147 -0.826959 -1.582925
v -3.651864 -0.867382 -2.072292
v -3.994775 -0.541812 -1.582410
v -3.982642 -0.570964 -2.073644
v -4.384916 -0.347087 -1.583512
v -4.378489 -0.364332 -2.072937
v -4.725062 -0.321527 -1.578590
v -4.722574 -0.325113 -2.071254
v -5.082415 -0.294000 -1.580935
v -5.083251 -0.297808 -2.070302
v -5.459771 -0.357130 -1.580044
v -5.465262 -0.359593 -2.069686
v -5.780661 -0.471806 -1.581486
v -5.791174 -0.476110 -2.068553
v -6.077119 -0.718414 -1.579551
v -6.093432 -0.722404 -2.066792
v -6.306494 -1.022714 -1.577964
v -6.326436 -1.025104 -2.065276
v -6.485246 -1.344932 -1.576935
v -6.506334 -1.343035 -2.064544
v -6.630218 -1.564809 -1.578131
v -6.659123 -1.577232 -2.064060
v -1.459564 3.200450 -1.813319
v -1.459659 3.376058 -1.493735
v -0.462851 3.204766 -1.810349
v -0.462894 3.378075 -1.495161
v -2.244497 3.147346 -1.813474
v -2.244739 3.322941 -1.493882
v -2.856396 3.076452 -1.813822
v -2.856833 3.251974 -1.494272
v 8.250102 -1.164720 -1.567143
v 8.250108 -1.213699 -1.904386
v 7.796283 -0.417448 -1.562495
v 7.796283 -0.468743 -1.899742
v 6.098697 0.562169 -1.556364
v 6.098697 0.510874 -1.893610
v 5.404647 0.673168 -1.556190
v 5.404647 0.621874 -1.893435
v 4.781124 0.736738 -1.556095
v 4.781124 0.685443 -1.893342
v 4.092307 0.747071 -1.556053
v 4.092307 0.695776 -1.893300
v 4.291139 0.753012 -1.556053
v 4.291139 0.701717 -1.893300
v 3.627779 0.703051 -1.556224
v 3.627779 0.651756 -1.893471
v 2.393012 2.809595 -1.556696
v 2.350299 2.812162 -1.890246
v 2.574744 2.414342 -1.905775
v 2.761010 1.952623 -1.911146
v 2.347222 -2.141521 -2.081684
v 2.347222 -2.077876 -1.669154
v 2.801198 -2.139778 -2.081684
v 2.801199 -2.076132 -1.669154
v 3.436780 -2.137758 -2.081711
v 3.436734 -2.074113 -1.669177
v 0.609934 -2.079541 -1.669153
v 0.609933 -2.143186 -2.081683
v -0.695218 -2.079074 -1.669152
v -0.695218 -2.142719 -2.081683
v -2.000369 -2.078607 -1.669152
v -2.000369 -2.142252 -2.081682
v -0.042642 -2.079307 -1.669152
v -0.042642 -2.142952 -2.081683
v 0.034341 3.210454 -1.804853
v 0.033833 3.378813 -1.498725
v -1.347793 -2.078841 -1.669152
v -1.347793 -2.142486 -2.081683
v -0.962047 3.201811 -1.813342
v -0.962055 3.377444 -1.493718
v 1.262509 -2.079774 -1.669153
v 1.262509 -2.143419 -2.081683
v 1.720061 3.156507 -1.524181
v 1.725361 3.071788 -1.817078
v -2.652944 -2.078374 -1.669152
v -2.652945 -2.142019 -2.081682
v -2.448560 3.123647 -1.813606
v -2.448861 3.299242 -1.493989
v -2.654450 3.099823 -1.813606
v -2.654751 3.275418 -1.493989
v -3.048333 3.033424 -1.814780
v -3.048631 3.207685 -1.497533
v -6.944933 -1.836489 -1.606045
v -6.954874 -1.844285 -2.065356
v -7.219830 -1.905214 -1.653487
v -7.219904 -1.916945 -2.066018
v -7.503490 -1.989673 -1.653603
v -7.503515 -2.001456 -2.066133
v -7.850466 -2.041214 -1.653655
v -7.850440 -2.053036 -2.066185
v -7.673784 -2.014505 -1.653662
v -7.673796 -2.026358 -2.066191
v -8.026313 -2.068442 -1.653790
v -8.026292 -2.080162 -2.066320
v 8.068834 -1.707035 -1.667717
v 8.069116 -1.768753 -2.080267
v 8.303911 -1.543586 -1.759293
v 8.303675 -1.607410 -2.171784
v -1.459165 3.609934 -0.604868
v -0.466162 3.612805 -0.604872
v -2.243465 3.556942 -0.604915
v -2.854559 3.486308 -0.605047
v 0.525864 3.522031 -0.604729
v 1.346394 3.374527 -0.603805
v 2.278915 3.157608 -0.602334
v 3.321976 0.797693 -0.613275
v 1.914854 -1.970300 -0.627865
v 3.999022 -1.990561 -0.627285
v 2.542398 2.820765 -0.602473
v 2.347217 -1.968170 -0.627865
v 2.801196 -1.966425 -0.627865
v 3.436691 -1.964403 -0.627865
v 0.609934 -1.969834 -0.627864
v -0.695217 -1.969367 -0.627864
v -2.000368 -1.968900 -0.627864
v -0.042642 -1.969600 -0.627864
v 0.029696 3.567329 -0.604917
v -1.347793 -1.969134 -0.627864
v -0.962014 3.611300 -0.604859
v 1.262510 -1.970067 -0.627865
v 1.828413 3.260993 -0.603297
v -2.652944 -1.968667 -0.627864
v -2.447261 3.533331 -0.604949
v -2.653151 3.509507 -0.604948
v -3.042221 3.444676 -0.605268
v 0.531562 3.047900 -1.961605
v 1.322375 2.986125 -1.958758
v 2.090953 2.905694 -1.963609
v 3.403571 0.597218 -2.048911
v 3.898304 0.664457 -2.061981
v 4.485405 0.681994 -2.061920
v 5.079152 0.637573 -2.062007
v 5.729766 0.554990 -2.062137
v 6.459874 0.417562 -2.062776
v 6.983834 0.176525 -2.064262
v 7.549413 -0.204757 -2.066582
v 8.043987 -0.782438 -2.070581
v 8.341049 -1.433954 -2.074800
v 8.380682 -1.551599 -2.087044
v 8.200126 -1.720615 -2.376921
v 1.914856 -2.174986 -2.253360
v 8.097740 -1.806009 -2.285477
v -3.256980 -2.187075 -2.258652
v -3.352202 -1.768717 -2.270374
v 8.001123 -1.647015 -2.281548
v 3.801624 -2.179460 -2.256966
v -3.414102 -1.324771 -2.239300
v -3.651546 -0.893759 -2.278486
v -3.981908 -0.594114 -2.279832
v -4.377227 -0.382541 -2.279154
v -4.721714 -0.338511 -2.277512
v -5.083045 -0.310436 -2.276567
v -5.465068 -0.371516 -2.275954
v -5.790932 -0.487318 -2.274828
v -6.093177 -0.732010 -2.273073
v -6.326236 -1.032615 -2.271558
v -6.506234 -1.348418 -2.270819
v -6.659121 -1.582586 -2.270325
v 8.250114 -1.238190 -2.073007
v 7.796283 -0.494391 -2.068365
v 6.098697 0.485226 -2.062234
v 5.404647 0.596226 -2.062058
v 4.781124 0.659796 -2.061965
v 4.092307 0.670129 -2.061923
v 4.291139 0.676070 -2.061923
v 3.627779 0.626109 -2.062094
v 2.319742 2.817827 -2.026985
v 2.580271 2.414570 -2.045266
v 2.763001 1.953266 -2.057936
v 0.609933 -2.174519 -2.253352
v -0.695218 -2.174053 -2.253352
v -2.000369 -2.173586 -2.253351
v -0.042642 -2.174286 -2.253352
v -1.347793 -2.173819 -2.253352
v 1.262509 -2.174753 -2.253352
v 1.729557 2.987123 -1.957768
v -2.652945 -2.173353 -2.253351
v -6.954825 -1.849830 -2.271621
v -7.219956 -1.922817 -2.272282
v -7.503532 -2.007348 -2.272399
v -7.850421 -2.058947 -2.272450
v -7.673801 -2.032282 -2.272456
v -8.026276 -2.086021 -2.272587
v 8.069328 -1.799589 -2.286547
v 8.303542 -1.639336 -2.378028
v -1.459494 3.129244 -1.975174
v -0.464714 3.133524 -1.972014
v -2.244310 3.076168 -1.975310
v -2.856059 3.005299 -1.975683
v 2.347219 -2.172858 -2.253350
v 2.801198 -2.171114 -2.253350
v 3.436821 -2.169089 -2.253373
v 0.032010 3.091043 -1.965999
v -0.962042 3.130628 -1.975148
v -2.448318 3.052496 -1.975402
v -2.654208 3.028672 -1.975402
v -3.048143 2.963400 -1.974152
v 3.015791 1.239144 -2.169944
v 3.034963 1.312017 -1.908895
v 3.036987 1.299679 -2.057917
v 3.625608 -2.118268 -2.387588
v 3.750149 -1.918472 -0.009071
v 3.750167 -2.008808 -1.251692
v 3.662402 -2.137534 -2.081769
v 3.706271 -2.073505 -1.669228
v 3.750149 -1.963406 -0.627865
v 3.640505 -2.169034 -2.253438
v 8.223016 -1.533820 -1.270917
v 8.098019 -1.574051 -2.477125
v 7.676857 -0.993112 -2.476937
v 7.204342 -0.466037 -2.476944
v 6.790871 -0.174574 -2.476951
v 6.391337 -0.010468 -2.476946
v 5.683868 0.080875 -2.476911
v 5.124485 -0.015192 -2.476847
v 4.608425 -0.256947 -2.476811
v 4.053915 -1.042300 -2.469482
v 8.231094 -1.756233 -2.513743
v 7.891707 -1.345512 -2.476995
v 7.455930 -0.712446 -2.476937
v 6.046904 0.064415 -2.476933
v 5.428824 0.054492 -2.476876
v 4.855723 -0.128213 -2.476824
v 4.422383 -0.404060 -2.476805
v 4.273480 -0.576051 -2.476966
v 3.825309 -1.355632 -2.476779
v 3.689283 -1.575570 -2.482142
v 8.222787 -1.669081 -2.156566
v 8.222467 -1.602056 -1.715742
v 8.223018 -1.702541 -2.376992
v 3.574364 -1.600456 -2.372450
v 3.637594 -1.984140 -2.372109
v 3.390907 -1.946865 -2.369484
v 3.333446 -0.086161 -2.455947
v -8.101240 -1.495476 -1.909163
v -8.012072 -0.911729 -1.895195
v -7.828024 -0.362059 -1.923846
v -7.482755 0.261916 -1.973964
v -7.118925 0.810863 -1.972310
v -6.688358 1.319016 -1.971662
v -6.189188 1.810619 -1.970592
v -5.579599 2.265813 -1.884443
v -4.834125 2.638577 -1.869043
v -4.393982 2.736971 -1.816556
v -5.332321 2.398009 -1.880254
v -5.078801 2.518082 -1.876107
v -5.989950 1.971067 -1.971247
v -5.757467 2.132149 -1.909544
v -8.100841 -2.073713 -2.045420
v -8.100765 -1.781160 -2.112413
v -7.861766 -0.316846 0.004849
v -7.865543 -0.366321 -1.231959
v -5.647906 2.239770 -0.005801
v -5.707083 2.182014 -1.243859
v -7.861259 -0.388719 -1.976787
v -7.532854 0.220103 -2.007848
v -7.166816 0.774504 -2.007848
v -6.732061 1.288258 -2.007848
v -6.228706 1.784943 -2.007849
v -6.026584 1.947148 -2.007850
v -5.776501 2.117427 -1.990525
v 0.500698 2.677521 -2.117417
v 0.544809 2.673079 -2.117410
v 0.293105 2.698278 -2.116776
v 0.414381 0.797512 -2.329928
v 0.175338 0.796735 -2.331901
v 0.314643 0.797148 -2.331160
v 0.821025 2.645516 -2.117330
v 0.694428 0.797512 -2.327748
v 1.109441 2.616735 -2.117246
v 1.001612 0.797512 -2.325435
v 1.281190 2.599551 -2.117614
v 1.397941 2.587856 -2.117724
v 1.322493 0.798210 -2.322848
v 1.058030 0.797889 -2.324924
v 1.670193 2.551654 -2.119143
v 1.562281 0.798047 -2.321317
v 1.642848 0.797903 -2.314838
v 1.903652 2.500834 -2.102418
v 1.703071 2.544032 -2.119895
v 1.942740 0.801926 -2.312082
v 2.229222 2.323284 -2.117774
v 2.102448 2.426290 -2.103853
v 2.052078 2.444959 -2.101231
v 2.046181 0.807162 -2.310603
v 2.200669 0.814757 -2.307976
v 2.383312 1.908591 -2.166298
v 2.413100 1.761050 -2.183934
v 2.353524 2.056132 -2.148662
v 2.304807 2.200948 -2.131975
v 2.307571 2.196251 -2.132484
v 2.491971 1.370405 -2.230630
v 2.468480 1.486759 -2.216722
v 2.441839 1.618707 -2.200949
v 2.511265 1.274842 -2.241934
v 2.541458 1.125297 -2.258638
v 2.527411 1.194872 -2.250867
v 2.554456 1.060921 -2.265830
v 2.567453 0.996544 -2.273021
v 2.559592 0.936191 -2.280888
v 2.510011 0.883885 -2.290106
v 2.357129 0.836469 -2.302356
v 2.397853 0.843649 -2.300065
v -0.218339 2.749409 -2.115897
v -0.088524 2.736455 -2.116016
v -0.007759 2.728349 -2.116493
v 0.077889 2.719753 -2.116578
v -0.247661 0.796817 -2.334221
v -0.272881 0.796914 -2.334340
v -0.154104 0.796735 -2.333422
v -0.009735 0.796735 -2.332755
v -0.323754 2.759928 -2.115802
v -0.376546 0.796914 -2.334858
v -0.416969 2.769230 -2.115716
v -0.480212 0.796914 -2.335376
v -0.510184 2.778532 -2.115631
v -0.577399 0.801661 -2.335330
v -0.596644 2.774502 -2.116147
v -0.672381 2.749425 -2.118923
v -0.515512 2.777347 -2.115821
v -0.661627 0.815900 -2.334159
v -0.765596 2.584672 -2.137285
v -0.730641 2.689968 -2.125542
v -0.783074 2.444997 -2.152872
v -0.788900 1.473447 -2.261268
v -0.784730 0.953551 -2.319844
v -0.765293 0.891846 -2.326438
v -0.784010 0.976043 -2.316771
v -0.788900 1.032401 -2.310468
v -0.726418 0.844380 -2.331298
v -0.788900 2.282402 -2.171022
v -0.788900 1.934292 -2.209859
v -0.788900 2.108347 -2.190442
v -0.788900 1.766369 -2.228591
v -0.788900 1.610710 -2.245956
v -0.788900 1.360711 -2.273844
v -0.788900 1.266370 -2.284368
v -0.788900 1.184292 -2.293524
v -0.788900 1.108347 -2.301995
v -1.843240 2.830766 -2.107468
v -1.942629 2.826847 -2.107148
v -1.743851 2.834685 -2.107787
v -1.644462 2.838604 -2.108108
v -1.596928 2.836645 -2.108684
v -1.549394 2.834685 -2.109070
v -1.521684 2.833619 -2.109283
v -1.502415 2.832921 -2.109366
v -1.454881 2.830961 -2.109600
v -2.119801 2.818029 -2.106788
v -2.042018 2.822928 -2.106829
v -1.430033 2.817245 -2.111141
v -1.405186 2.803528 -2.112683
v -1.380339 2.789811 -2.114225
v -1.341447 2.762377 -2.117303
v -1.355491 2.776094 -2.115766
v -1.299315 2.721226 -2.121918
v -1.327403 2.748660 -2.118842
v -1.313359 2.734943 -2.120380
v -1.288512 2.701630 -2.124112
v -1.277709 2.682035 -2.126307
v -1.256102 2.642843 -2.130695
v -1.266905 2.662439 -2.128501
v -1.245299 2.621288 -2.133108
v -1.234496 2.599733 -2.135522
v -1.223693 2.578178 -2.137935
v -1.212890 2.556623 -2.140349
v -1.212890 2.195084 -2.180680
v -1.212890 1.833545 -2.220990
v -1.212697 1.699037 -2.236009
v -1.212552 1.469954 -2.261542
v -1.212148 1.440103 -2.264774
v -1.199724 1.080234 -2.301888
v -1.213875 1.063050 -2.303596
v -1.228109 1.046048 -2.305303
v -1.242441 1.029261 -2.307010
v -1.256885 1.012722 -2.308717
v -1.344374 0.909644 -2.320792
v -1.332335 0.921764 -2.319396
v -1.321039 0.942780 -2.316303
v -1.322080 0.940035 -2.316665
v -1.356512 0.897740 -2.322188
v -1.288632 0.977026 -2.312510
v -1.304784 0.959790 -2.314406
v -1.272672 0.994684 -2.310613
v -1.401804 0.861408 -2.326634
v -1.412915 0.853397 -2.327651
v -1.368741 0.886036 -2.323585
v -1.379713 0.877718 -2.324601
v -1.390735 0.869512 -2.325618
v -1.536799 0.803383 -2.334715
v -1.502405 0.804238 -2.334266
v -1.479924 0.816290 -2.332612
v -1.457498 0.828462 -2.330958
v -1.435153 0.840812 -2.329305
v -1.571242 0.802636 -2.335165
v -1.605681 0.801880 -2.335615
v -1.640063 0.800998 -2.336064
v -4.631913 2.199258 -2.144800
v -4.712936 2.156148 -2.156269
v -4.278522 0.810236 -2.314913
v -4.652474 0.810068 -2.313834
v -3.900626 0.810717 -2.317011
v -3.912109 0.810562 -2.316865
v -4.550889 2.242368 -2.131929
v -4.476416 2.278958 -2.126947
v -4.459332 2.280940 -2.126745
v -4.378309 2.324050 -2.123515
v -4.290802 2.357362 -2.121759
v -4.203297 2.390675 -2.120002
v -4.115792 2.423988 -2.118245
v -4.028287 2.457300 -2.115149
v -3.938172 2.486013 -2.114402
v -4.017625 2.460735 -2.114737
v -3.848506 2.514426 -2.114039
v -3.148756 0.811013 -2.318954
v -3.220737 0.810953 -2.318599
v -3.462441 0.810806 -2.317952
v -3.758839 2.542840 -2.113677
v -3.620109 2.582860 -2.111948
v -3.669174 2.571253 -2.113302
v -3.580885 2.592435 -2.111444
v -3.491218 2.613010 -2.110460
v -3.401552 2.633586 -2.109476
v -3.311886 2.654161 -2.108492
v -3.237344 2.667878 -2.108073
v -3.162802 2.681595 -2.107629
v -2.793560 2.747653 -2.106063
v -2.720098 2.760390 -2.105500
v -2.867021 2.734916 -2.106540
v -2.912630 2.726724 -2.106870
v -2.939613 2.721861 -2.107412
v -3.013075 2.709124 -2.107037
v -3.087617 2.695407 -2.106713
v -3.112839 2.690781 -2.106605
v -2.860910 0.810502 -2.319495
v -3.008448 0.811034 -2.318948
v -2.655523 0.810279 -2.333144
v -2.396489 0.810459 -2.334409
v -2.197584 2.813130 -2.106748
v -2.275367 2.808231 -2.106707
v -2.352505 2.803525 -2.105054
v -2.299309 2.806811 -2.106685
v -2.444332 2.792747 -2.105071
v -2.505127 2.785661 -2.105075
v -2.536436 2.782021 -2.105258
v -2.628263 2.771244 -2.105275
v -2.704169 2.762292 -2.105293
v -1.926224 0.810220 -2.336096
v -4.788750 0.824857 -2.311013
v -4.855730 0.831716 -2.310145
v -4.853377 2.067967 -2.164779
v -4.783157 2.112057 -2.157426
v -4.721770 0.817999 -2.311880
v -4.681968 0.813494 -2.312490
v -4.986522 1.979488 -2.185764
v -5.034056 1.935398 -2.189295
v -5.024259 0.879725 -2.307644
v -4.973484 0.859150 -2.306678
v -4.942357 2.008591 -2.184190
v -4.923598 2.023877 -2.178487
v -4.922709 0.838574 -2.309279
v -5.203276 0.981571 -2.305525
v -5.164386 0.953158 -2.308325
v -5.176658 1.803128 -2.202623
v -5.129124 1.847218 -2.195216
v -5.125494 0.924744 -2.311125
v -5.081590 1.891308 -2.192294
v -5.080753 0.904927 -2.313243
v -5.075034 0.900301 -2.313114
v -5.305907 1.076610 -2.293562
v -5.281059 1.038398 -2.298989
v -5.252542 1.705071 -2.226562
v -5.289274 1.658041 -2.232249
v -5.242168 1.009985 -2.302723
v -5.229434 1.734809 -2.219740
v -5.213389 1.756098 -2.214866
v -5.357334 1.157373 -2.284275
v -5.382181 1.195585 -2.280305
v -5.362736 1.501276 -2.248540
v -5.381100 1.446408 -2.254241
v -5.344371 1.556144 -2.242838
v -5.332487 1.119162 -2.288246
v -5.326005 1.611012 -2.237136
v -5.319695 1.099105 -2.290339
v -5.399466 1.391540 -2.259942
v -5.395144 1.342552 -2.265033
v -5.390823 1.293563 -2.270123
v -5.386502 1.244574 -2.275214
v -6.092594 1.840101 -2.176650
v -6.799632 -1.737623 -2.496600
v -6.525767 -1.005438 -2.496788
v -6.373384 0.220498 -2.414818
v -6.802132 -1.726478 -2.065092
v -6.786195 -1.733046 -1.578303
v -6.802163 -1.731973 -2.271357
v -6.090977 1.890127 -1.971404
v -6.127623 1.866048 -2.007849
v 3.406323 -0.293550 -2.141245
v 3.555817 -0.906097 -0.307232
v 3.628941 -1.583803 -2.178051
v 3.631277 -2.022763 -2.165171
v 3.630022 -1.587948 -1.983513
v 3.678533 -2.029472 -1.969557
v 3.785853 -2.041379 -1.631400
v 3.663045 -1.592712 -1.641389
v 3.775576 -1.587091 -0.306539
v 3.790856 -2.051521 -1.228160
v 3.662874 -1.592500 -1.230727
v 3.792201 -2.025379 -0.304551
v 3.792112 -2.025123 -0.611855
v 3.775815 -1.588119 -0.613087
v 3.792291 -1.888049 0.002753
v 3.173926 1.131725 0.003530
v 3.722443 -2.110603 -2.395561
v 3.173094 1.066181 -1.232527
v 3.172010 0.991762 -1.906166
v 3.172603 1.028989 -1.568035
v 3.173632 1.098621 -0.615316
v 3.173702 0.971736 -2.062190
v 3.169516 0.927768 -2.181512
v 3.906877 -1.917973 -0.009071
v 3.906896 -2.008312 -1.251715
v 3.775169 -2.137425 -2.081830
v 3.841019 -2.073205 -1.669277
v 3.906877 -1.962907 -0.627866
v 3.742281 -2.169006 -2.253499
v 3.728311 -1.979511 -2.435334
v 3.670770 -1.582757 -2.432022
v 3.441711 -0.155371 -2.465597
v 3.553818 -0.891288 -2.173722
v 3.553818 -0.891288 -1.994731
v 3.569934 -0.891288 -1.681018
v 3.586575 -0.891288 -1.237581
v 3.643530 -0.891288 -0.618786
v 3.517632 -0.938676 -2.159648
v 3.467205 -0.910255 -1.987485
v 3.482674 -0.907150 -1.674677
v 3.499350 -0.907750 -1.231502
v 3.555911 -0.906403 -0.614506
v 2.966799 0.739350 -0.602777
v 2.966764 0.694837 -1.217559
v 2.965835 0.645131 -1.551767
v 2.985410 0.575817 -1.886572
v 3.016502 0.569772 -2.084580
v 3.051146 -0.250563 -2.130748
v 2.949212 -0.189575 -1.980959
v 3.127498 -0.965493 -1.664178
v 2.947126 -0.178602 -1.697466
v 3.144174 -0.966093 -1.221004
v 2.980650 -0.180014 -1.221779
v 3.200734 -0.964745 -0.604007
v 2.980829 -0.180314 -0.605427
v 3.162455 -0.997019 -2.149150
v 3.112029 -0.968597 -1.976987
v 2.967252 0.761280 -0.293328
v 2.980881 -0.172449 -0.302710
v 3.200641 -0.964439 -0.302000
v 3.313786 -1.586063 -0.302000
v 2.347217 -1.945702 -0.301999
v 2.801196 -1.943958 -0.301999
v 3.436691 -1.941936 -0.302000
v 1.914854 -1.947833 -0.301999
v 0.609934 -1.947367 -0.301999
v -0.695217 -1.946900 -0.301998
v -2.000368 -1.946433 -0.301998
v -0.042642 -1.947133 -0.301998
v -1.347793 -1.946667 -0.301998
v 1.262510 -1.947600 -0.301999
v -2.652944 -1.946200 -0.301997
v 3.750149 -1.940939 -0.302000
v 3.906877 -1.940440 -0.302000
v 2.347216 -0.797575 -0.302000
v 2.788634 -0.957635 -0.302000
v 2.347217 -1.455942 -0.301999
v 2.801196 -1.541823 -0.301999
v 1.914854 -0.797575 -0.302000
v 1.262510 -0.864621 -0.302000
v 1.262510 -1.456775 -0.301999
v 1.914854 -1.457008 -0.301999
v 2.769403 -0.301643 -0.302531
v 2.558185 -0.456467 -0.302354
v 2.452571 -0.665428 -0.302177
v 0.609934 -1.456775 -0.301999
v 0.609934 -0.864621 -0.302000
v 3.397505 0.569772 -2.084580
v 3.253704 1.154210 -0.309389
v 3.322428 0.819622 -0.303826
v 3.173779 1.115173 -0.305894
v -0.368960 -2.103087 -1.237579
v -0.368960 -2.172510 -2.475170
v -0.299661 -1.702907 -2.475170
v -0.005963 0.452200 -2.524907
v -0.368960 -2.230377 -2.062640
v -0.368960 -2.166732 -1.650109
v -0.368959 -2.058153 -0.618785
v -0.368960 -2.262200 -2.268904
v -0.368930 -2.014882 -1.251655
v -0.368944 -2.126214 -2.384909
v -0.299638 -1.702045 -2.369488
v -0.006460 0.444139 -2.419656
v -0.368930 -2.142835 -2.081683
v -0.368930 -2.079191 -1.669152
v -0.368929 -1.969484 -0.627864
v -0.368930 -2.174169 -2.253352
v -0.368929 -1.947016 -0.301998
v -0.042642 -1.456775 -0.301998
v -0.368929 -1.456658 -0.301998
v -0.042642 -0.864621 -0.301998
v -0.262033 -0.864504 -0.269026
v -8.437380 -2.035255 -1.242299
v -8.389850 -2.069721 -2.054759
v -8.437380 -2.073451 -1.242299
v -8.339631 -2.172048 -1.239992
v -8.429938 -2.110932 -1.242123
v -8.408750 -2.142832 -1.241624
v -8.377037 -2.164293 -1.240875
v -8.389850 -2.082830 -2.363807
v -8.292101 -2.088571 -2.477583
v -8.382409 -2.084777 -2.408055
v -8.361219 -2.086552 -2.445214
v -8.329508 -2.087884 -2.469629
v -8.292101 -2.206639 -2.477583
v -8.394303 -2.104801 -2.363929
v -8.329846 -2.198636 -2.469639
v -8.362524 -2.176473 -2.445249
v -8.385159 -2.143522 -2.408129
v -8.339566 -1.719792 -1.381987
v -8.437379 -1.814933 -1.341214
v -8.376998 -1.726783 -1.379591
v -8.408731 -1.747320 -1.371001
v -8.429934 -1.778273 -1.357525
v -8.389850 -1.898977 -2.380735
v -8.292101 -1.811807 -2.503065
v -8.382409 -1.865368 -2.428256
v -8.361219 -1.837001 -2.468191
v -8.329508 -1.818192 -2.494460
v -8.292068 -1.780198 -2.117957
v -8.389850 -1.876449 -2.098364
v -8.329488 -1.787275 -2.117173
v -8.361210 -1.808051 -2.113174
v -8.382406 -1.839365 -2.106570
v 6.161358 -1.555677 -1.276552
v 6.161357 -1.555677 -2.301221
v 6.133087 -1.558462 -1.276552
v 6.133086 -1.558462 -2.301221
v 6.105903 -1.566707 -1.276552
v 6.105903 -1.566707 -2.301221
v 6.080850 -1.580099 -1.276552
v 6.080849 -1.580099 -2.301221
v 6.058891 -1.598120 -1.276552
v 6.058891 -1.598120 -2.301221
v 6.040869 -1.620079 -1.276552
v 6.040869 -1.620079 -2.301221
v 6.027477 -1.645133 -1.276552
v 6.027477 -1.645133 -2.301221
v 6.019232 -1.672317 -1.276552
v 6.019231 -1.672317 -2.301221
v 6.016447 -1.700588 -1.276552
v 6.016446 -1.700588 -2.301221
v 6.019232 -1.728858 -1.276552
v 6.019231 -1.728858 -2.301221
v 6.027477 -1.756042 -1.276552
v 6.027477 -1.756042 -2.301221
v 6.040869 -1.781096 -1.276552
v 6.040869 -1.781096 -2.301221
v 6.058891 -1.803055 -1.276552
v 6.058891 -1.803055 -2.301221
v 6.080850 -1.821076 -1.276552
v 6.080849 -1.821076 -2.301221
v 6.105903 -1.834468 -1.276552
v 6.105903 -1.834468 -2.301221
v 6.133087 -1.842714 -1.276552
v 6.133086 -1.842714 -2.301221
v 6.161358 -1.845498 -1.276552
v 6.161357 -1.845498 -2.301221
v 6.189629 -1.842714 -1.276552
v 6.189628 -1.842714 -2.301221
v 6.216812 -1.834467 -1.276552
v 6.216812 -1.834468 -2.301221
v 6.241866 -1.821076 -1.276552
v 6.241865 -1.821076 -2.301221
v 6.263825 -1.803055 -1.276552
v 6.263825 -1.803055 -2.301221
v 6.281847 -1.781095 -1.276552
v 6.281847 -1.781095 -2.301221
v 6.295238 -1.756042 -1.276552
v 6.295238 -1.756042 -2.301221
v 6.303484 -1.728858 -1.276552
v 6.303483 -1.728858 -2.301221
v 6.306269 -1.700588 -1.276552
v 6.306268 -1.700588 -2.301221
v 6.303484 -1.672317 -1.276552
v 6.303483 -1.672317 -2.301221
v 6.295238 -1.645132 -1.276552
v 6.295237 -1.645133 -2.301221
v 6.281847 -1.620079 -1.276552
v 6.281847 -1.620079 -2.301221
v 6.263825 -1.598120 -1.276552
v 6.263825 -1.598120 -2.301221
v 6.241865 -1.580098 -1.276552
v 6.241865 -1.580098 -2.301221
v 6.216812 -1.566707 -1.276552
v 6.216812 -1.566707 -2.301221
v 6.189628 -1.558462 -1.276552
v 6.189628 -1.558462 -2.301221
v -5.031190 -1.555677 -1.276548
v -5.031191 -1.555677 -2.301217
v -5.059460 -1.558462 -1.276548
v -5.059461 -1.558462 -2.301217
v -5.086645 -1.566707 -1.276548
v -5.086645 -1.566707 -2.301217
v -5.111698 -1.580099 -1.276548
v -5.111699 -1.580099 -2.301217
v -5.133657 -1.598120 -1.276548
v -5.133657 -1.598120 -2.301217
v -5.151679 -1.620079 -1.276548
v -5.151679 -1.620079 -2.301217
v -5.165070 -1.645133 -1.276548
v -5.165070 -1.645133 -2.301217
v -5.173316 -1.672317 -1.276548
v -5.173316 -1.672317 -2.301217
v -5.176101 -1.700588 -1.276548
v -5.176101 -1.700588 -2.301217
v -5.173316 -1.728858 -1.276548
v -5.173316 -1.728858 -2.301217
v -5.165070 -1.756042 -1.276548
v -5.165070 -1.756042 -2.301217
v -5.151679 -1.781096 -1.276548
v -5.151679 -1.781096 -2.301217
v -5.133657 -1.803055 -1.276548
v -5.133657 -1.803055 -2.301217
v -5.111698 -1.821076 -1.276548
v -5.111699 -1.821076 -2.301217
v -5.086645 -1.834468 -1.276548
v -5.086645 -1.834468 -2.301217
v -5.059460 -1.842714 -1.276548
v -5.059461 -1.842714 -2.301217
v -5.031190 -1.845498 -1.276548
v -5.031191 -1.845498 -2.301217
v -5.002919 -1.842714 -1.276548
v -5.002920 -1.842714 -2.301217
v -4.975735 -1.834467 -1.276548
v -4.975735 -1.834468 -2.301217
v -4.950681 -1.821076 -1.276548
v -4.950682 -1.821076 -2.301217
v -4.928723 -1.803055 -1.276548
v -4.928723 -1.803055 -2.301217
v -4.910702 -1.781095 -1.276548
v -4.910702 -1.781095 -2.301217
v -4.897310 -1.756042 -1.276548
v -4.897310 -1.756042 -2.301217
v -4.889064 -1.728858 -1.276548
v -4.889065 -1.728858 -2.301217
v -4.886279 -1.700588 -1.276548
v -4.886280 -1.700588 -2.301217
v -4.889064 -1.672317 -1.276548
v -4.889065 -1.672317 -2.301217
v -4.897310 -1.645132 -1.276548
v -4.897311 -1.645133 -2.301217
v -4.910702 -1.620079 -1.276548
v -4.910702 -1.620079 -2.301217
v -4.928723 -1.598120 -1.276548
v -4.928723 -1.598120 -2.301217
v -4.950682 -1.580098 -1.276548
v -4.950682 -1.580098 -2.301217
v -4.975735 -1.566707 -1.276548
v -4.975735 -1.566707 -2.301217
v -5.002920 -1.558462 -1.276548
v -5.002920 -1.558462 -2.301217
v 0.537737 3.050377 2.181327
v -1.462263 3.139042 2.181328
v -0.462263 3.141884 2.181328
v -2.251509 3.085742 2.181328
v -2.869180 3.014270 2.181328
v -3.969688 2.788427 2.181329
v -4.413010 2.687739 2.181329
v 1.326983 2.969565 2.181327
v 2.056676 2.877897 2.152222
v 0.537736 3.678715 0.000008
v -1.462264 3.767380 0.000009
v -0.462264 3.770222 0.000009
v -2.251510 3.714080 0.000009
v -2.869180 3.642608 0.000010
v -3.969688 3.332219 0.000010
v -4.413010 3.176786 0.000010
v 1.385616 3.530017 0.000008
v 2.391477 3.254553 0.000008
v 3.422981 0.474379 2.269331
v 3.390526 0.899194 0.000008
v 3.909169 0.504193 2.279405
v 3.890862 0.969839 0.000008
v 4.505815 0.560390 2.336220
v 4.487359 0.987661 0.000008
v 5.093418 0.560796 2.336220
v 5.087929 0.942836 0.000008
v 5.734236 0.505772 2.336220
v 5.743421 0.859642 0.000008
v 6.472086 0.373028 2.336220
v 6.486514 0.719233 0.000008
v 6.990912 0.137972 2.336220
v 7.026899 0.471276 0.000008
v 7.546391 -0.238782 2.336219
v 7.608113 0.079181 0.000007
v 8.051241 -0.824199 2.336219
v 8.118698 -0.516725 0.000007
v 8.375679 -1.479697 2.336219
v 8.425216 -1.204853 0.000007
v 8.435688 -1.664827 2.336219
v 8.464512 -1.378915 0.000007
v 8.252101 -1.825921 2.586553
v 8.252100 -1.541738 0.000007
v 7.935869 -1.737257 2.475187
v 8.058451 -1.915471 2.475187
v 1.915056 -2.173326 2.475189
v 1.915055 -2.014035 0.000009
v -3.305548 -2.171459 2.475190
v -3.305549 -2.012168 0.000011
v -7.171710 -2.434562 2.475191
v -7.171710 -2.407393 0.000012
v -7.320408 -2.421114 2.475191
v -7.320409 -2.393247 0.000012
v -7.331846 -2.213213 2.475191
v -7.331847 -2.176280 0.000012
v -8.248013 -2.167802 0.000012
v -8.189723 -2.207494 2.475191
v -8.189723 -1.531884 2.269793
v -8.248013 -1.379587 0.000012
v -8.098216 -0.909471 2.249340
v -8.156506 -0.813074 0.000012
v -7.892325 -0.328595 2.249341
v -7.950615 -0.204712 0.000011
v -7.537736 0.264908 2.249341
v -7.171709 0.813091 2.249341
v -6.737051 1.320786 2.249341
v -6.233764 1.810640 2.249340
v -5.627532 2.284086 2.249340
v -5.627532 2.534880 0.000011
v -4.861163 2.624626 2.249341
v -4.861164 3.026729 0.000010
v 8.058450 -1.645835 0.000007
v 7.935868 -1.465793 0.000007
v 7.706028 -1.547401 2.475187
v 7.706028 -1.266598 0.000007
v 7.480018 -1.332883 2.475187
v 7.480017 -1.052080 0.000008
v 7.284654 -1.068566 2.475187
v 7.284653 -0.787762 0.000008
v 7.100781 -0.834894 2.475187
v 7.100780 -0.554091 0.000008
v 6.878601 -0.643360 2.475187
v 6.878600 -0.362557 0.000008
v 6.575978 -0.436505 2.475187
v 6.575977 -0.155701 0.000008
v 6.277185 -0.333076 2.475188
v 6.277184 -0.052272 0.000008
v 5.986054 -0.271785 2.475188
v 5.986053 0.009019 0.000008
v 5.671938 -0.283276 2.475188
v 5.671937 -0.002473 0.000008
v 5.476573 -0.336906 2.475188
v 5.476573 -0.056103 0.000008
v 5.219917 -0.444166 2.475188
v 5.219917 -0.163362 0.000008
v 4.997738 -0.597392 2.475188
v 4.997737 -0.316589 0.000008
v 4.802374 -0.769772 2.475188
v 4.802373 -0.488969 0.000008
v 4.645316 -0.953646 2.475188
v 4.645315 -0.672842 0.000008
v 4.530396 -1.168163 2.475188
v 4.530395 -0.887360 0.000008
v 4.426967 -1.182322 0.000008
v 4.338862 -1.777241 2.475188
v 4.338861 -1.496438 0.000008
v 4.273739 -1.772247 0.000008
v 4.158820 -2.217769 2.475188
v 4.158819 -1.936966 0.000008
v 4.063886 -2.006143 0.000008
v 3.800118 -2.167722 2.475188
v -3.439150 -1.732548 2.475190
v -3.498528 -1.300426 2.475190
v -3.721198 -0.888411 2.475190
v -4.032935 -0.602953 2.475190
v -4.404051 -0.398641 2.475190
v -4.730632 -0.353936 2.475191
v -5.079480 -0.325620 2.475191
v -5.443173 -0.383402 2.475191
v -5.747488 -0.490033 2.475191
v -6.029536 -0.717848 2.475191
v -6.252205 -1.003634 2.475191
v -6.430341 -1.314280 2.475191
v -6.578819 -1.540148 2.475191
v -6.905368 -1.843225 2.475191
v -6.905369 -1.889610 0.000012
v -7.484308 -2.088342 2.475191
v -7.484309 -2.058384 0.000012
v 0.537737 3.540159 1.237600
v 1.327758 3.391462 1.237600
v 2.204916 3.162694 1.237598
v -1.462263 3.628824 1.237601
v -0.462263 3.631666 1.237600
v -2.251509 3.575525 1.237601
v -2.869180 3.504053 1.237601
v -3.969688 3.193665 1.237602
v -4.413010 3.038231 1.237602
v 3.390527 0.809325 1.237598
v 3.890862 0.879970 1.237597
v 4.487359 0.897792 1.237597
v 5.087929 0.852966 1.237597
v 5.743421 0.769772 1.237597
v 6.486516 0.629364 1.237597
v 7.026899 0.381407 1.237597
v 7.608113 -0.010687 1.237597
v 8.118698 -0.606594 1.237597
v 8.425216 -1.281134 1.237596
v 8.464512 -1.455979 1.237596
v 8.252100 -1.620684 1.237596
v 1.915056 -2.103904 1.237598
v 8.058450 -1.730458 1.237596
v -3.305549 -2.102037 1.237600
v -7.171710 -2.421751 1.650131
v -8.237254 -1.402328 1.237601
v -8.145747 -0.852998 1.237601
v -7.939856 -0.255258 1.237601
v -5.627532 2.445011 1.237602
v -4.861163 2.898666 1.237602
v 7.935868 -1.553254 1.237596
v 7.706028 -1.356467 1.237597
v 7.480018 -1.141949 1.237597
v 7.284653 -0.877632 1.237597
v 7.100781 -0.643961 1.237597
v 6.878601 -0.452427 1.237597
v 6.575978 -0.245570 1.237597
v 6.277185 -0.142141 1.237597
v 5.986053 -0.080850 1.237597
v 5.671937 -0.092342 1.237597
v 5.476573 -0.145972 1.237597
v 5.219917 -0.253230 1.237597
v 4.997738 -0.406458 1.237597
v 4.802373 -0.578838 1.237597
v 4.645315 -0.762711 1.237597
v 4.530395 -0.977229 1.237598
v 4.426967 -1.272191 1.237598
v 4.338861 -1.586307 1.237598
v 4.273740 -1.862116 1.237598
v 4.158820 -2.026835 1.237598
v 4.063887 -2.096012 1.237598
v -7.171710 -2.176280 0.000012
v -7.171710 -2.211553 2.268926
v -7.171710 -2.207664 2.062661
v -7.171710 -2.199883 1.650131
v -7.320409 -2.407948 1.650131
v -6.905369 -1.895886 1.237601
v -7.484308 -2.064752 1.237601
v -7.171710 -2.408941 1.237600
v -7.320409 -2.394780 1.237600
v -7.331847 -2.181161 1.237600
v -7.171710 -2.184322 1.237600
v -8.237254 -2.172903 1.237601
v -7.171710 -2.215443 2.475191
v 8.330797 -1.004401 0.000007
v 8.263844 -1.271252 2.336219
v 8.330797 -1.078781 1.237596
v 7.863405 -0.218772 0.000007
v 7.801184 -0.528828 2.336219
v 7.863405 -0.308641 1.237597
v 6.114968 0.789437 0.000008
v 6.104582 0.443974 2.336220
v 6.114968 0.699568 1.237597
v 5.415674 0.901239 0.000008
v 5.417617 0.536692 2.336220
v 5.415675 0.811370 1.237597
v 4.787644 0.965248 0.000008
v 4.797960 0.561872 2.336220
v 4.787645 0.875379 1.237597
v 4.089694 0.975780 0.000008
v 4.288526 0.981720 0.000008
v 4.308911 0.531952 2.336220
v 4.115271 0.517689 2.318160
v 4.089694 0.885911 1.237597
v 4.288526 0.891852 1.237597
v 2.689916 2.878031 0.000008
v 3.615532 0.930964 0.000008
v 3.639184 0.493107 2.267063
v 3.615533 0.841096 1.237598
v 2.803091 1.940739 2.249337
v 2.613682 2.408892 2.194980
v 2.281084 2.815567 2.161539
v 2.518302 2.878031 1.237598
v 3.436971 -2.008138 0.000008
v 2.801506 -2.010160 0.000009
v 2.347606 -2.011904 0.000009
v 2.347606 -2.171196 2.475189
v 2.801507 -2.169451 2.475189
v 3.436972 -2.167429 2.475189
v 3.436972 -2.098007 1.237598
v 2.801506 -2.100029 1.237598
v 2.347606 -2.101773 1.237598
v 0.609904 -2.013568 0.000009
v -0.695247 -2.013101 0.000010
v -2.000398 -2.012635 0.000010
v -2.000397 -2.171926 2.475190
v -0.695246 -2.172394 2.475189
v 0.609905 -2.172859 2.475189
v 0.609905 -2.103437 1.237599
v -0.695247 -2.102970 1.237599
v -2.000398 -2.102504 1.237599
v -0.042671 -2.013335 0.000010
v -0.042670 -2.172626 2.475189
v -0.042671 -2.103204 1.237599
v 0.037737 3.096130 2.181327
v 0.037736 3.724468 0.000009
v 0.037737 3.585913 1.237600
v -1.347822 -2.012868 0.000010
v -1.347822 -2.172159 2.475190
v -1.347822 -2.102737 1.237599
v -0.962263 3.140463 2.181328
v -0.962264 3.768801 0.000009
v -0.962263 3.630245 1.237600
v 1.738764 2.931671 2.181327
v 1.890390 3.415633 0.000008
v 1.262481 -2.173094 2.475189
v 1.762360 3.277078 1.237600
v 1.262480 -2.013801 0.000009
v 1.262480 -2.103670 1.237599
v -2.652974 -2.012401 0.000010
v -2.652973 -2.102270 1.237600
v -2.652973 -2.171694 2.475190
v -2.457399 3.061918 2.181328
v -2.663289 3.038094 2.181328
v -2.457400 3.690256 0.000009
v -2.663290 3.666433 0.000010
v -2.457400 3.551702 1.237601
v -2.663290 3.527877 1.237601
v -3.063632 2.971246 2.181329
v -3.571093 2.902023 2.181329
v -3.063632 3.599586 0.000010
v -3.571094 3.457882 0.000010
v -3.063632 3.461030 1.237601
v -3.571094 3.319326 1.237601
v -5.372077 2.698830 0.000010
v -5.116620 2.862780 0.000010
v -5.116619 2.513718 2.249341
v -5.372076 2.407486 2.249340
v -5.372076 2.605610 1.237602
v -5.116620 2.752355 1.237602
v -5.829611 2.374744 0.000011
v -5.829610 2.130990 2.249340
v -6.031688 1.970853 2.249341
v -5.829610 2.284875 1.237602
v -7.194839 -1.972710 0.000012
v -7.194838 -2.002261 2.475191
v -7.194838 -1.978875 1.237601
v -7.837016 -2.117312 1.237601
v -7.837015 -2.141050 2.475191
v -7.837016 -2.111180 0.000012
v -8.013370 -2.144718 1.237601
v -7.660662 -2.114436 2.475191
v -7.660662 -2.084196 0.000012
v -7.660662 -2.090632 1.237601
v -8.013370 -2.168143 2.475191
v -8.013371 -2.139067 0.000012
v 8.097112 -1.644843 0.000007
v -8.248013 -2.030486 0.000012
v 8.097112 -1.728299 1.237596
v -8.189723 -2.089427 2.475191
v 8.060161 -1.582047 2.586553
v 7.837399 -1.351671 2.586553
v 7.621585 -1.014580 2.586553
v 7.404877 -0.735730 2.586553
v 7.153265 -0.495558 2.586553
v 6.761703 -0.217114 2.586553
v 6.380188 -0.063949 2.586554
v 6.038431 0.011547 2.586554
v 5.675735 0.020425 2.586554
v 5.429980 -0.015765 2.586554
v 5.128379 -0.101070 2.586554
v 4.863655 -0.232759 2.586554
v 4.623364 -0.381977 2.586554
v 4.438737 -0.547911 2.586554
v 4.292505 -0.741527 2.586554
v 4.076464 -1.294411 2.586554
v 3.854506 -1.702781 2.586554
v 3.768308 -2.000367 2.586554
v 3.344845 -1.604787 2.475189
v 2.775910 -1.536258 2.475189
v 2.357067 -1.468022 2.475189
v 1.939906 -1.744180 2.475189
v 0.685576 -1.720668 2.475189
v 0.018578 -1.705297 2.475190
v -0.617897 -1.700516 2.475190
v -1.254372 -1.695752 2.475190
v -1.890847 -1.695791 2.475190
v 1.312741 -1.732400 2.475189
v -2.527322 -1.695846 2.475191
v -3.194320 -1.700935 2.475190
v -3.268979 -0.963702 2.475190
v -3.353753 -0.623596 2.475190
v -3.573514 -0.292783 2.475190
v -3.864921 -0.062877 2.475191
v -4.259670 0.111122 2.475191
v -4.598734 0.165089 2.475191
v -4.963958 0.174703 2.475191
v -5.334525 0.149141 2.475191
v -5.617214 0.097222 2.475191
v -5.876328 -0.035504 2.475191
v -6.100464 -0.261801 2.475191
v -6.276762 -0.506195 2.475191
v -6.428726 -0.706513 2.475191
v -6.766783 -1.206250 2.475191
v -7.115488 -1.469435 2.475191
v -7.430123 -1.618431 2.475191
v -7.639355 -1.725640 2.475191
v -7.846602 -1.841826 2.475191
v -8.028076 -1.959793 2.475191
v -3.439150 -1.910342 3.076658
v -3.305548 -2.386948 3.076658
v -3.498528 -1.180017 3.076658
v -3.721198 -0.758008 3.076658
v -4.032935 -0.461791 3.076658
v -4.404050 -0.245876 3.076658
v -4.730632 -0.191366 3.076659
v -5.079480 -0.160187 3.076659
v -5.443173 -0.214211 3.076659
v -5.747488 -0.317694 3.076659
v -6.029536 -0.539925 3.076659
v -6.252205 -0.818853 3.076659
v -6.430341 -1.124923 3.076659
v -6.578787 -1.402279 3.076659
v -6.905368 -1.656424 3.076659
v -7.194838 -1.741834 3.076659
v -8.189723 -2.110832 3.076660
v -8.160059 -2.160801 3.076660
v -3.194319 -1.791420 3.076658
v -3.573514 -0.348953 3.076658
v -4.598734 0.110268 3.076659
v -4.963958 0.114360 3.076659
v -5.334525 0.091791 3.076659
v -6.100464 -0.304148 3.076659
v -6.766783 -1.226611 3.076660
v -7.484308 -1.828263 3.076660
v -7.115488 -1.490387 3.076659
v -7.430123 -1.640459 3.076660
v -7.690194 -1.904427 3.076659
v -8.003571 -2.074975 3.076659
v -7.846944 -1.989528 3.076659
v -7.639355 -1.747966 3.076659
v -7.846602 -1.864450 3.076659
v -8.028076 -1.982120 3.076659
v -3.268979 -1.040664 3.076658
v -3.353753 -0.691091 3.076658
v -3.864921 -0.108997 3.076659
v -4.259670 0.064111 3.076659
v -5.617214 0.042736 3.076659
v -5.876328 -0.084311 3.076659
v -6.276762 -0.542014 3.076659
v -6.428726 -0.737534 3.076659
v 8.054251 -2.029468 3.076654
v 8.020555 -2.030003 3.076654
v 8.008665 -1.938020 3.076654
v 7.755498 -1.726238 3.076655
v 7.531161 -1.518275 3.076655
v 7.337241 -1.255925 3.076655
v 7.154729 -1.023994 3.076655
v 6.956074 -0.833887 3.076655
v 6.631064 -0.544226 3.076655
v 6.312601 -0.441567 3.076655
v 6.023624 -0.380734 3.076655
v 5.711833 -0.392145 3.076655
v 5.534698 -0.407099 3.076655
v 5.279943 -0.513569 3.076655
v 5.074231 -0.611433 3.076655
v 4.887568 -0.764310 3.076655
v 4.731672 -0.946695 3.076655
v 4.578737 -1.270499 3.076655
v 4.388620 -1.875072 3.076655
v 4.209910 -2.312343 3.076656
v 4.115680 -2.381011 3.076656
v 8.030323 -1.925396 3.076654
v 7.740887 -1.656060 3.076655
v 7.377300 -1.176992 3.076655
v 6.989056 -0.747186 3.076655
v 6.664443 -0.516553 3.076655
v 6.348160 -0.389474 3.076655
v 5.764157 -0.319376 3.076655
v 5.310390 -0.419415 3.076655
v 4.891724 -0.650652 3.076655
v 4.438334 -1.408266 3.076655
v 7.556214 -1.460598 3.076655
v 7.197645 -0.946154 3.076655
v 6.064839 -0.326902 3.076655
v 5.560422 -0.349048 3.076655
v 5.090930 -0.527778 3.076655
v 4.738665 -0.788263 3.076655
v 4.617436 -0.949113 3.076655
v 4.271714 -1.744610 3.076656
v 4.182867 -1.993131 3.076656
v 8.028292 -1.816957 2.775831
v 7.788404 -1.616112 2.775832
v 4.915331 -0.352808 2.775833
v 4.730738 -0.576675 2.775833
v 4.560129 -0.776263 2.775833
v 8.086379 -1.960264 2.775831
v 8.058451 -1.960134 2.775831
v 7.156697 -0.797449 2.775832
v 4.687793 -0.493988 2.775833
v 8.123929 -1.864573 2.775831
v 4.374495 -0.834465 2.775833
v 4.512966 -0.651048 2.775833
v 4.184699 -1.791545 2.775833
v 7.731238 -1.416404 2.775832
v 7.942176 -1.634487 2.775832
v 4.049034 -2.269660 2.775833
v 5.166004 -0.228308 2.775832
v 5.451596 -0.147732 2.775832
v 4.392760 -1.129958 2.775833
v 5.684307 -0.113607 2.775832
v 7.552511 -1.396982 2.775832
v 5.130700 -0.302053 2.775832
v 6.027754 -0.122123 2.775832
v 3.936547 -2.410220 2.775833
v 6.351370 -0.193622 2.775832
v 6.712636 -0.338709 2.775832
v 4.033428 -1.742779 2.775833
v 3.934418 -2.026577 2.775833
v 7.348607 -1.041315 2.775832
v 4.898809 -0.409557 2.775833
v 7.083416 -0.602305 2.775832
v 7.321673 -0.829688 2.775832
v 4.169921 -1.358262 2.775833
v 7.526879 -1.093591 2.775832
v -8.201476 -2.207804 2.662406
v -8.201476 -2.138474 2.662406
v -4.549009 0.201327 2.662405
v -3.084194 -1.761623 2.662405
v -3.200207 -2.381177 2.662404
v -7.926562 -2.027408 2.662406
v -8.110500 -2.094481 2.662406
v -4.929941 0.210284 2.662405
v -6.273593 -0.918199 2.662405
v -6.459389 -1.239913 2.662405
v -3.401486 -1.253587 2.662404
v -3.633732 -0.819539 2.662404
v -5.316445 0.185852 2.662406
v -4.686580 -0.248483 2.662405
v -5.050431 -0.217512 2.662405
v -5.881551 -0.003043 2.662406
v -5.611292 0.133051 2.662406
v -7.558685 -1.971920 2.662406
v -7.742623 -1.999415 2.662406
v -5.429766 -0.275785 2.662405
v -8.125839 -2.003278 2.662406
v -4.195363 0.147451 2.662405
v -7.936561 -1.879775 2.662406
v -3.958876 -0.517505 2.662405
v -6.614219 -1.528477 2.662405
v -3.783637 -0.035756 2.662405
v -7.720399 -1.758113 2.662406
v -3.479697 -0.279620 2.662405
v -5.747168 -0.386353 2.662405
v -7.256766 -1.881673 2.662406
v -7.502170 -1.645918 2.662406
v -6.954846 -1.792872 2.662406
v -3.250484 -0.629054 2.662405
v -7.174003 -1.489853 2.662406
v -4.345953 -0.300086 2.662405
v -3.162064 -0.987189 2.662405
v -6.810301 -1.215943 2.662406
v -3.339554 -1.707189 2.662404
v -6.041346 -0.622438 2.662405
v -6.457705 -0.698121 2.662406
v -6.299206 -0.490653 2.662406
v -6.115324 -0.237505 2.662406
v 8.097113 -1.913728 2.475187
v 8.358306 -1.459386 0.000007
v 8.358307 -1.740189 2.569463
v -8.248013 -1.705452 0.000012
v 8.358306 -1.549255 1.331872
v 8.084099 -1.311075 2.569463
v 7.634142 -0.624289 2.569463
v 6.076699 0.253462 2.569464
v 5.422828 0.294948 2.569464
v 4.825649 0.215887 2.569464
v 4.363633 0.061418 2.569464
v 4.191100 -0.042440 2.569464
v 3.735020 -0.245940 2.569464
v 3.554256 -0.210342 2.579582
v 3.125160 0.055536 2.504565
v -0.290080 0.463823 2.524926
v -1.426554 0.488721 2.524927
v 1.525752 0.362765 2.524926
v -2.929328 0.468723 2.509561
v -3.064790 0.468723 2.509561
v -3.529577 0.468723 2.509561
v -3.971497 0.468723 2.509561
v -5.407713 0.468723 2.509562
v -5.665296 0.468723 2.509562
v -6.060490 0.436875 2.524862
v -6.250697 0.343078 2.515759
v -8.237254 -1.720647 1.379597
v -8.189723 -1.812662 2.500674
v 8.242689 -1.529716 2.569463
v 7.870142 -0.912728 2.569463
v 7.380690 -0.355467 2.569463
v 6.894301 -0.019899 2.569463
v 6.433352 0.180520 2.569464
v 5.709579 0.292688 2.569464
v 5.108154 0.272093 2.569464
v 4.555362 0.150258 2.569464
v 3.974777 -0.231581 2.538809
v 2.714871 0.298633 2.504565
v 2.379628 0.286066 2.524925
v 2.045225 0.332328 2.524926
v 1.006279 0.392429 2.524926
v 0.278158 0.440578 2.524926
v -0.858317 0.489206 2.524927
v -1.994792 0.491111 2.524927
v -2.722914 0.468723 2.524927
v -3.278746 0.468723 2.509561
v -4.335474 0.468723 2.509561
v -4.733383 0.468723 2.509562
v -5.136420 0.468723 2.509562
v -5.902539 0.468723 2.509562
v -6.500274 0.107506 2.524928
v -6.926270 -0.292298 2.524928
v -7.300916 -0.629584 2.524928
v -7.588545 -0.954832 2.524928
v -7.869463 -1.298963 2.524927
v -8.063146 -1.445760 2.505923
v 0.537737 3.413785 1.552175
v 0.537737 3.249121 1.866751
v 1.326983 3.323540 1.552174
v 1.326983 3.184848 1.866751
v 2.163305 3.111879 1.552174
v 2.150945 3.054461 1.866750
v 3.390527 0.758031 1.574845
v 3.390527 0.706735 1.912092
v 3.890862 0.828675 1.574845
v 3.890862 0.777380 1.912092
v 4.487359 0.846496 1.574845
v 4.487359 0.795201 1.912092
v 5.087929 0.801671 1.574845
v 5.087929 0.750376 1.912091
v 5.743421 0.718477 1.574845
v 5.743421 0.667184 1.912091
v 6.486516 0.578070 1.574844
v 6.486516 0.526775 1.912091
v 7.026899 0.330112 1.574844
v 7.026899 0.278818 1.912091
v 7.608113 -0.061983 1.574844
v 7.608113 -0.113278 1.912091
v 8.118699 -0.657889 1.574844
v 8.118699 -0.709184 1.912090
v 8.425217 -1.330862 1.574843
v 8.425217 -1.380592 1.912090
v 8.464513 -1.505991 1.574843
v 8.464513 -1.556001 1.912090
v 8.252101 -1.689097 1.687249
v 8.252101 -1.757510 2.136901
v 1.915056 -2.167548 1.650129
v 1.915056 -2.231193 2.062659
v 8.058451 -1.792129 1.650127
v 8.058451 -1.853801 2.062657
v -3.305549 -2.165681 1.650130
v -3.305548 -2.229327 2.062660
v -3.439151 -1.694558 1.650130
v -3.439150 -1.756626 2.062660
v 7.935869 -1.614589 1.650127
v 7.935869 -1.675923 2.062657
v 7.706028 -1.420112 1.650127
v 7.706028 -1.483755 2.062657
v 7.480018 -1.205593 1.650127
v 7.480018 -1.269239 2.062657
v 7.284653 -0.941276 1.650127
v 7.284653 -1.004921 2.062657
v 7.100781 -0.707605 1.650126
v 7.100781 -0.771251 2.062657
v 6.878601 -0.516071 1.650126
v 6.878601 -0.579717 2.062657
v 6.575978 -0.309214 1.650126
v 6.575978 -0.372860 2.062657
v 6.277185 -0.205786 1.650126
v 6.277185 -0.269430 2.062658
v 5.986053 -0.144495 1.650126
v 5.986053 -0.208140 2.062658
v 5.671937 -0.155987 1.650128
v 5.671937 -0.219632 2.062658
v 5.476573 -0.209617 1.650128
v 5.476573 -0.273262 2.062658
v 5.219917 -0.316876 1.650128
v 5.219917 -0.380520 2.062658
v 4.997738 -0.470103 1.650128
v 4.997738 -0.533747 2.062658
v 4.802373 -0.642483 1.650128
v 4.802373 -0.706127 2.062658
v 4.645315 -0.826356 1.650128
v 4.645315 -0.890001 2.062658
v 4.530395 -1.040874 1.650128
v 4.530395 -1.104519 2.062658
v 4.338861 -1.649952 1.650128
v 4.338861 -1.713596 2.062658
v 4.158820 -2.090479 1.650128
v 4.158820 -2.154124 2.062658
v 3.975964 -2.160419 1.650128
v 3.888040 -2.224826 2.062658
v -3.498529 -1.270241 1.650130
v -3.498528 -1.328405 2.062660
v -3.721198 -0.870610 1.650130
v -3.721198 -0.922581 2.062660
v -4.032935 -0.598505 1.650130
v -4.032935 -0.643800 2.062661
v -4.404051 -0.413491 1.650130
v -4.404051 -0.449138 2.062661
v -4.730633 -0.386814 1.650131
v -4.730633 -0.413447 2.062661
v -5.079481 -0.361221 1.650131
v -5.079481 -0.386493 2.062661
v -5.443174 -0.421660 1.650131
v -5.443174 -0.445603 2.062661
v -5.747488 -0.530803 1.650131
v -5.747488 -0.553490 2.062661
v -6.029536 -0.764526 1.650131
v -6.029536 -0.784259 2.062661
v -6.252206 -1.058527 1.650131
v -6.252206 -1.074152 2.062661
v -6.430341 -1.378238 1.650131
v -6.430341 -1.389331 2.062661
v -6.578820 -1.604874 1.650131
v -6.578820 -1.615584 2.062661
v -1.462263 3.277199 1.866751
v -1.462263 3.450177 1.552175
v -0.462263 3.280040 1.866751
v -0.462263 3.453019 1.552175
v -2.251509 3.223899 1.866751
v -2.251509 3.396877 1.552176
v -2.869180 3.152426 1.866752
v -2.869180 3.325405 1.552176
v 8.330798 -1.127745 1.574843
v 8.330798 -1.176710 1.912090
v 7.863406 -0.359936 1.574844
v 7.863406 -0.411230 1.912090
v 6.114968 0.648273 1.574844
v 6.114968 0.596979 1.912091
v 5.415675 0.760074 1.574845
v 5.415675 0.708779 1.912091
v 4.787645 0.824084 1.574845
v 4.787645 0.772789 1.912092
v 4.089694 0.834617 1.574845
v 4.089695 0.783321 1.912092
v 4.288526 0.840557 1.574845
v 4.288526 0.789261 1.912092
v 3.615533 0.789801 1.574845
v 3.615533 0.738505 1.912092
v 2.447822 2.878031 1.574846
v 2.407255 2.878031 1.912092
v 2.653832 2.454813 1.912091
v 2.843240 1.986660 1.912092
v 2.347606 -2.229062 2.062659
v 2.347606 -2.165417 1.650128
v 2.801507 -2.227319 2.062659
v 2.801506 -2.163673 1.650128
v 3.436972 -2.225296 2.062658
v 3.436972 -2.161651 1.650128
v 0.609905 -2.167081 1.650129
v 0.609905 -2.230727 2.062659
v -0.695246 -2.166615 1.650129
v -0.695246 -2.230259 2.062660
v -2.000397 -2.166148 1.650130
v -2.000397 -2.229793 2.062660
v -0.042671 -2.166848 1.650129
v -0.042671 -2.230493 2.062659
v 0.037737 3.282521 1.866751
v 0.037737 3.455502 1.552175
v -1.347822 -2.166381 1.650129
v -1.347822 -2.230027 2.062660
v -0.962263 3.278619 1.866751
v -0.962263 3.451598 1.552175
v 1.262480 -2.167315 1.650129
v 1.262481 -2.230959 2.062659
v 1.739315 3.240141 1.552174
v 1.738764 3.149199 1.866750
v -2.652973 -2.165914 1.650130
v -2.652973 -2.229559 2.062660
v -2.457399 3.200074 1.866751
v -2.457399 3.373054 1.552176
v -2.663289 3.176251 1.866751
v -2.663290 3.349229 1.552176
v -3.063632 3.109402 1.866752
v -3.063632 3.282382 1.552176
v -6.905369 -1.907047 1.650131
v -6.905369 -1.918207 2.062662
v -7.194838 -1.990584 1.650131
v -7.194838 -2.002294 2.062662
v -7.484308 -2.076530 1.650131
v -7.484308 -2.088307 2.062662
v -7.837016 -2.129138 1.650131
v -7.837016 -2.140965 2.062661
v -7.660662 -2.102480 1.650131
v -7.660662 -2.114331 2.062661
v -8.013370 -2.156440 1.650131
v -8.013370 -2.168162 2.062661
v 8.097113 -1.790109 1.650127
v 8.097113 -1.851919 2.062657
v 8.358307 -1.612900 1.744402
v 8.358307 -1.676545 2.156932
v -1.462263 3.698102 0.618804
v -0.462264 3.700944 0.618804
v -2.251509 3.644804 0.618806
v -2.869180 3.573331 0.618806
v 0.537736 3.609437 0.618804
v 1.364530 3.460739 0.618803
v 2.325804 3.231972 0.618803
v 3.390526 0.854259 0.618802
v 3.890862 0.924905 0.618802
v 4.487359 0.942726 0.618802
v 5.087929 0.897901 0.618802
v 5.743421 0.814707 0.618802
v 6.486514 0.674299 0.618802
v 7.026899 0.426341 0.618802
v 7.608113 0.034247 0.618802
v 8.118698 -0.561660 0.618802
v 8.425216 -1.242993 0.618801
v 8.464512 -1.417447 0.618801
v 8.252100 -1.581211 0.618801
v 1.915056 -2.058969 0.618804
v 8.058450 -1.688146 0.618802
v 7.935868 -1.509523 0.618802
v 7.706028 -1.311532 0.618802
v 7.480017 -1.097014 0.618802
v 7.284653 -0.832697 0.618802
v 7.100780 -0.599026 0.618802
v 6.878600 -0.407492 0.618802
v 6.575977 -0.200635 0.618802
v 6.277184 -0.097207 0.618802
v 5.986053 -0.035916 0.618802
v 5.671937 -0.047408 0.618802
v 5.476573 -0.101037 0.618803
v 5.219917 -0.208296 0.618803
v 4.997737 -0.361523 0.618803
v 4.802373 -0.533904 0.618803
v 4.645315 -0.717776 0.618803
v 4.530395 -0.932294 0.618803
v 4.426967 -1.227257 0.618803
v 4.338861 -1.541373 0.618803
v 4.273739 -1.817181 0.618803
v 4.158819 -1.981901 0.618803
v 4.063886 -2.051077 0.618803
v 8.330797 -1.041591 0.618802
v 7.863405 -0.263707 0.618802
v 6.114968 0.744503 0.618802
v 5.415674 0.856304 0.618802
v 4.787644 0.920314 0.618802
v 4.089694 0.930845 0.618802
v 4.288526 0.936786 0.618802
v 3.615532 0.886029 0.618802
v 2.609126 2.878031 0.618803
v 2.347606 -2.056838 0.618803
v 2.801506 -2.055094 0.618803
v 3.436971 -2.053072 0.618803
v 0.609904 -2.058503 0.618804
v -0.695247 -2.058036 0.618804
v -2.000398 -2.057569 0.618805
v -0.042671 -2.058269 0.618804
v 0.037736 3.655191 0.618804
v -1.347822 -2.057803 0.618805
v -0.962263 3.699523 0.618804
v 1.262480 -2.058736 0.618804
v 1.849950 3.346356 0.618803
v -2.652973 -2.057336 0.618805
v -2.457400 3.620979 0.618806
v -2.663290 3.597155 0.618806
v -3.063632 3.530307 0.618806
v 8.097112 -1.686571 0.618802
v 8.358306 -1.504320 0.713077
v 0.537737 3.119455 2.024040
v 1.326983 3.055978 2.024040
v 2.111121 2.974944 2.025538
v 3.390527 0.681087 2.080715
v 3.890862 0.751733 2.080715
v 4.487359 0.769555 2.080715
v 5.087929 0.724729 2.080715
v 5.743421 0.641535 2.080715
v 6.486516 0.501127 2.080714
v 7.026899 0.253169 2.080714
v 7.608113 -0.138925 2.080714
v 8.118699 -0.734832 2.080713
v 8.425217 -1.405456 2.080713
v 8.464513 -1.581006 2.080713
v 8.252101 -1.791716 2.361727
v 1.915056 -2.263016 2.268924
v 8.058451 -1.884636 2.268922
v -3.305548 -2.261149 2.268925
v -3.439150 -1.787659 2.268925
v 7.935869 -1.706591 2.268922
v 7.706028 -1.515579 2.268922
v 7.480018 -1.301061 2.268922
v 7.284654 -1.036744 2.268922
v 7.100781 -0.803073 2.268922
v 6.878601 -0.611538 2.268922
v 6.575978 -0.404682 2.268922
v 6.277185 -0.301253 2.268922
v 5.986054 -0.239962 2.268922
v 5.671938 -0.251454 2.268923
v 5.476573 -0.305084 2.268923
v 5.219917 -0.412343 2.268923
v 4.997738 -0.565569 2.268923
v 4.802374 -0.737951 2.268923
v 4.645316 -0.921822 2.268923
v 4.530396 -1.136340 2.268923
v 4.338862 -1.745419 2.268923
v 4.158820 -2.185946 2.268923
v 3.844079 -2.257030 2.268923
v -3.498528 -1.357488 2.268925
v -3.721198 -0.948567 2.268925
v -4.032935 -0.666447 2.268925
v -4.404051 -0.466961 2.268925
v -4.730632 -0.426764 2.268926
v -5.079480 -0.399128 2.268926
v -5.443173 -0.457573 2.268926
v -5.747488 -0.564833 2.268926
v -6.029536 -0.794125 2.268926
v -6.252205 -1.081964 2.268926
v -6.430341 -1.394878 2.268926
v -6.578819 -1.620937 2.268926
v 8.330798 -1.201192 2.080713
v 7.863406 -0.436879 2.080714
v 6.114968 0.571331 2.080714
v 5.415675 0.683133 2.080715
v 4.787645 0.747142 2.080715
v 4.089695 0.757673 2.080715
v 4.288526 0.763615 2.080715
v 3.615533 0.712857 2.080715
v 2.367179 2.878031 2.080715
v 2.653832 2.454813 2.080715
v 2.843240 1.986660 2.080714
v 0.609905 -2.262549 2.268924
v -0.695246 -2.262082 2.268924
v -2.000397 -2.261616 2.268925
v -0.042670 -2.262316 2.268924
v -1.347822 -2.261849 2.268925
v 1.262481 -2.262782 2.268924
v 1.738764 3.055847 2.024039
v -2.652973 -2.261382 2.268925
v -6.905368 -1.923787 2.268926
v -7.194838 -2.008149 2.268926
v -7.484308 -2.094197 2.268926
v -7.837015 -2.146879 2.268926
v -7.660662 -2.120255 2.268926
v -8.013370 -2.174023 2.268926
v 8.097113 -1.882823 2.268922
v 8.358307 -1.708367 2.363198
v -1.462263 3.208120 2.024040
v -0.462263 3.210962 2.024040
v -2.251509 3.154820 2.024040
v -2.869180 3.083348 2.024040
v 2.347606 -2.260885 2.268924
v 2.801507 -2.259140 2.268924
v 3.436972 -2.257119 2.268923
v 0.037737 3.165209 2.024040
v -0.962263 3.209541 2.024040
v -2.457399 3.130996 2.024040
v -2.663289 3.107172 2.024040
v -3.063632 3.040324 2.024040
v 3.067671 1.266735 2.249338
v 3.116883 1.346697 1.912092
v 3.116883 1.333873 2.080715
v 3.618545 -2.167577 2.475188
v 3.750429 -2.007140 0.000008
v 3.750429 -2.097009 1.237598
v 3.662506 -2.225061 2.062658
v 3.706468 -2.161035 1.650128
v 3.750429 -2.052075 0.618803
v 3.640526 -2.257074 2.268923
v 8.277502 -1.522041 0.000007
v 8.277502 -1.603600 1.260145
v 8.103817 -1.569530 2.582465
v 7.681034 -0.990220 2.582466
v 7.207661 -0.462051 2.582466
v 6.793417 -0.169946 2.582466
v 6.392903 -0.005477 2.582466
v 5.683829 0.085545 2.582466
v 5.123542 -0.011817 2.582466
v 4.607099 -0.254679 2.582466
v 4.052143 -1.040205 2.575135
v 8.277503 -1.805416 2.582465
v 7.896404 -1.341961 2.582466
v 7.459713 -0.709076 2.582466
v 6.047585 0.069407 2.582466
v 5.428269 0.058551 2.582466
v 4.854565 -0.125453 2.582466
v 4.420774 -0.402171 2.582466
v 4.268251 -0.574320 2.582467
v 3.825928 -1.354336 2.582467
v 3.717112 -1.572231 2.582467
v 8.277503 -1.738144 2.141692
v 8.277503 -1.670873 1.700919
v 8.277502 -1.562821 0.641350
v 8.277503 -1.771781 2.362079
v 3.553878 -1.604787 2.475189
v 3.618545 -1.989178 2.475188
v 3.390908 -1.946864 2.475189
v 3.339708 -0.077404 2.560875
v -8.189723 -1.487378 1.915219
v -8.098216 -0.890073 1.901793
v -7.892326 -0.303403 1.901793
v -7.537736 0.296580 1.901793
v -7.171710 0.850934 1.901792
v -6.737053 1.364679 1.901792
v -6.233765 1.861363 1.901792
v -5.627532 2.339367 1.901792
v -4.861163 2.718764 1.901792
v -4.413010 2.816919 1.857144
v -5.372076 2.475545 1.901792
v -5.116620 2.595695 1.901793
v -6.031688 2.023563 1.901793
v -5.829610 2.183851 1.901792
v -8.189723 -1.781054 2.115567
v -7.840502 -0.230522 0.000011
v -7.840501 -0.281070 1.237995
v -5.728652 2.202662 0.000011
v -5.791559 2.154449 1.237995
v -7.840501 -0.329213 1.902187
v -7.532342 0.219803 1.902187
v -7.166315 0.774156 1.902187
v -6.731658 1.287902 1.902187
v -6.228370 1.784585 1.902188
v -6.026294 1.946786 1.902188
v -5.824216 2.107074 1.902188
v 0.501482 2.685870 2.222651
v 0.545647 2.681463 2.222638
v 0.293831 2.706593 2.222014
v 0.415243 0.814656 2.433648
v 0.175899 0.814656 2.435440
v 0.315365 0.814656 2.434796
v 0.821863 2.653900 2.222557
v 0.695291 0.814656 2.431467
v 1.110279 2.625120 2.222473
v 1.002474 0.814656 2.429154
v 1.281987 2.607986 2.222840
v 1.398695 2.596339 2.222942
v 1.323225 0.814656 2.426729
v 1.058822 0.814656 2.428730
v 1.670947 2.560137 2.224361
v 1.563223 0.814656 2.425158
v 1.643977 0.814656 2.418645
v 1.910870 2.509089 2.207317
v 1.707315 2.552398 2.225009
v 1.943869 0.818680 2.415889
v 2.229074 2.332767 2.222875
v 2.102300 2.435774 2.208955
v 2.054769 2.453976 2.206342
v 2.047435 0.823523 2.414496
v 2.202042 0.830750 2.411946
v 2.383096 1.919834 2.271155
v 2.412884 1.772294 2.288790
v 2.353308 2.067375 2.253518
v 2.304602 2.211900 2.236873
v 2.307355 2.207494 2.237339
v 2.491756 1.381647 2.335486
v 2.468264 1.498001 2.321578
v 2.441624 1.629949 2.305805
v 2.511050 1.286085 2.346791
v 2.541243 1.136541 2.363496
v 2.527196 1.206114 2.355724
v 2.554240 1.072164 2.370687
v 2.567238 1.007787 2.377878
v 2.559376 0.947433 2.385745
v 2.509796 0.895127 2.394963
v 2.357660 0.849957 2.406835
v 2.397637 0.854891 2.404922
v -0.217615 2.757629 2.221145
v -0.087800 2.744674 2.221264
v -0.007035 2.736614 2.221738
v 0.078615 2.728069 2.221815
v -0.246388 0.814656 2.437771
v -0.270777 0.814656 2.437893
v -0.153543 0.814656 2.436962
v -0.009174 0.814656 2.436294
v -0.323030 2.768148 2.221050
v -0.374442 0.814656 2.438411
v -0.416245 2.777449 2.220964
v -0.478108 0.814656 2.438928
v -0.509460 2.786751 2.220879
v -0.575295 0.819404 2.438883
v -0.596849 2.784593 2.221170
v -0.672586 2.759516 2.223945
v -0.515307 2.786607 2.220954
v -0.659523 0.833642 2.437712
v -0.765801 2.594763 2.242308
v -0.730846 2.700059 2.230564
v -0.783279 2.455087 2.257895
v -0.789105 1.483538 2.366291
v -0.782626 0.971294 2.423397
v -0.763189 0.909589 2.429991
v -0.784032 0.986747 2.421710
v -0.789105 1.042493 2.415491
v -0.724314 0.862122 2.434852
v -0.789105 2.292493 2.276045
v -0.789105 1.944383 2.314882
v -0.789105 2.118438 2.295465
v -0.789105 1.776460 2.333615
v -0.789105 1.620802 2.350979
v -0.789105 1.370802 2.378867
v -0.789105 1.276461 2.389390
v -0.789105 1.194384 2.398548
v -0.789105 1.118438 2.407019
v -1.843796 2.839296 2.212685
v -1.943185 2.835376 2.212365
v -1.744407 2.843215 2.213004
v -1.645017 2.847133 2.213324
v -1.597484 2.845175 2.213901
v -1.549950 2.843215 2.214286
v -1.521989 2.842062 2.214512
v -1.502416 2.841254 2.214608
v -1.454882 2.839296 2.214843
v -2.120356 2.826557 2.212005
v -2.042574 2.831456 2.212045
v -1.430034 2.825577 2.216383
v -1.405187 2.811862 2.217925
v -1.380340 2.798145 2.219467
v -1.341449 2.770711 2.222546
v -1.355493 2.784427 2.221009
v -1.299316 2.729560 2.227160
v -1.327405 2.756994 2.224085
v -1.313360 2.743276 2.225622
v -1.288513 2.709964 2.229355
v -1.277710 2.690368 2.231550
v -1.256104 2.651178 2.235937
v -1.266907 2.670773 2.233743
v -1.245301 2.629623 2.238352
v -1.234497 2.608067 2.240764
v -1.223694 2.586511 2.243179
v -1.212891 2.564956 2.245591
v -1.212891 2.203418 2.285922
v -1.212891 1.841879 2.326232
v -1.212891 1.709034 2.341044
v -1.212757 1.480045 2.366566
v -1.212353 1.450195 2.369799
v -1.199929 1.090326 2.406912
v -1.214080 1.073141 2.408620
v -1.228314 1.056139 2.410326
v -1.242646 1.039353 2.412033
v -1.257090 1.022814 2.413740
v -1.345218 0.928400 2.424119
v -1.333178 0.940520 2.422723
v -1.321244 0.952872 2.421327
v -1.322398 0.951661 2.421463
v -1.357356 0.916496 2.425516
v -1.288837 0.987117 2.417534
v -1.304989 0.969881 2.419431
v -1.272877 1.004775 2.415637
v -1.402647 0.880164 2.429962
v -1.413758 0.872153 2.430978
v -1.369584 0.904792 2.426912
v -1.380556 0.896474 2.427929
v -1.391578 0.888267 2.428945
v -1.537642 0.822138 2.438043
v -1.503248 0.822993 2.437593
v -1.480767 0.835046 2.435939
v -1.458341 0.847218 2.434286
v -1.435996 0.859568 2.432632
v -1.572085 0.821392 2.438493
v -1.606525 0.820635 2.438943
v -1.640906 0.819754 2.439393
v -4.623448 2.204397 2.249852
v -4.704471 2.161287 2.261320
v -4.278697 0.828786 2.418301
v -4.652616 0.828786 2.417179
v -3.900717 0.828786 2.420519
v -3.912248 0.828786 2.420333
v -4.542424 2.247507 2.236979
v -4.471089 2.285464 2.232181
v -4.461401 2.290618 2.231796
v -4.380377 2.333729 2.228566
v -4.292871 2.367040 2.226809
v -4.205366 2.400354 2.225054
v -4.117861 2.433666 2.223296
v -4.030354 2.466979 2.220199
v -3.940689 2.495393 2.219477
v -4.019851 2.470307 2.219797
v -3.851023 2.523805 2.219115
v -3.148817 0.828786 2.422531
v -3.220814 0.828784 2.422163
v -3.462538 0.828786 2.421481
v -3.761356 2.552220 2.218754
v -3.622106 2.592011 2.217067
v -3.671690 2.580632 2.218378
v -3.582024 2.601208 2.216626
v -3.492358 2.621783 2.215642
v -3.402692 2.642359 2.214658
v -3.313025 2.662935 2.213674
v -3.238483 2.676652 2.213257
v -3.163941 2.690368 2.212812
v -2.794473 2.756014 2.211297
v -2.721012 2.768750 2.210733
v -2.867935 2.743276 2.211774
v -2.914068 2.735277 2.212073
v -2.941397 2.730540 2.212594
v -3.014858 2.717803 2.212219
v -3.089400 2.704086 2.211894
v -3.114225 2.699517 2.211787
v -2.863802 0.828786 2.422892
v -3.008525 0.828784 2.422531
v -2.658056 0.828784 2.436498
v -2.396917 0.828786 2.437850
v -2.198139 2.821658 2.211964
v -2.275922 2.816761 2.211924
v -2.353705 2.811862 2.210285
v -2.300237 2.815229 2.211912
v -2.445531 2.801084 2.210302
v -2.506163 2.793967 2.210313
v -2.537358 2.790305 2.210499
v -2.629185 2.779528 2.210515
v -2.705086 2.770621 2.210530
v -1.926882 0.828786 2.439475
v -4.786575 0.842503 2.414591
v -4.853555 0.849360 2.413724
v -4.844912 2.073107 2.269830
v -4.774692 2.117197 2.262478
v -4.719596 0.835643 2.415458
v -4.680980 0.831690 2.415958
v -4.985353 1.984926 2.291263
v -5.032887 1.940837 2.294794
v -5.022084 0.897370 2.411222
v -4.971309 0.876795 2.410256
v -4.939132 2.013948 2.289638
v -4.915133 2.029017 2.283539
v -4.920535 0.856219 2.412857
v -5.201416 0.995347 2.409934
v -5.162526 0.966935 2.412734
v -5.175489 1.808566 2.308122
v -5.127954 1.852656 2.300717
v -5.123634 0.938521 2.415535
v -5.080420 1.896745 2.297794
v -5.078760 0.920336 2.417328
v -5.072860 0.917946 2.416692
v -5.304047 1.090387 2.397973
v -5.279199 1.052175 2.403399
v -5.248950 1.714507 2.331588
v -5.285682 1.667477 2.337276
v -5.240309 1.023762 2.407133
v -5.226245 1.743580 2.324867
v -5.212220 1.761536 2.320365
v -5.353741 1.166810 2.389302
v -5.378588 1.205022 2.385332
v -5.359143 1.510713 2.353567
v -5.377508 1.455845 2.359268
v -5.340778 1.565580 2.347865
v -5.328894 1.128598 2.393273
v -5.322412 1.620448 2.342162
v -5.316497 1.109534 2.395254
v -5.395874 1.400977 2.364970
v -5.391551 1.351989 2.370059
v -5.387231 1.302999 2.375150
v -5.382910 1.254011 2.380240
v -6.132726 1.890746 2.249341
v -6.742078 -1.716918 2.475191
v -6.597754 -0.956381 2.475191
v -6.742078 -1.529351 3.076659
v -6.597754 -0.982073 3.076659
v -6.634002 -0.957033 2.662406
v -6.784533 -1.660674 2.662406
v -6.375485 0.225291 2.520344
v -6.742078 -1.792127 2.062662
v -6.742078 -1.781191 1.650131
v -6.742078 -1.797595 2.268926
v -6.132726 1.942463 1.901792
v -6.127332 1.865685 1.902188
v 3.390527 -0.210342 2.173739
v 3.390527 -0.210342 1.994748
v 3.717111 -1.572232 2.173738
v 3.717111 -2.000367 2.173739
v 3.717111 -1.572232 1.994748
v 3.759923 -2.000367 1.994748
v 3.863254 -2.000367 1.650128
v 3.749344 -1.572232 1.650128
v 3.390527 -0.210343 1.711942
v 3.863254 -2.000368 1.237598
v 3.749344 -1.572232 1.237598
v 3.423809 -0.210343 1.237597
v 3.863253 -1.971968 0.618803
v 3.863253 -1.572232 0.618803
v 3.423808 -0.210343 0.618803
v 3.863253 -1.971968 0.000008
v 3.863253 -1.572232 0.000008
v 3.423808 -0.210343 0.000008
v 3.253704 1.171060 0.000008
v 3.709331 -2.167650 2.475188
v 3.253705 1.103659 1.237598
v 3.253705 1.026716 1.912092
v 3.253705 1.065187 1.574845
v 3.253705 1.137359 0.618803
v 3.253705 1.007481 2.080715
v 3.229099 0.961087 2.249338
v 3.907157 -2.006642 0.000008
v 3.907158 -2.096510 1.237598
v 3.775273 -2.224943 2.062658
v 3.841216 -2.160728 1.650128
v 3.907157 -2.051576 0.618803
v 3.742302 -2.257052 2.268923
v 3.693427 -1.994772 2.530872
v 3.635495 -1.588509 2.528827
v 3.446982 -0.143873 2.570228
v 0.533274 3.001698 2.093012
v -1.460514 3.088773 2.094137
v -0.464474 3.091088 2.094585
v -2.246873 3.035729 2.094079
v -2.860719 2.964067 2.094641
v -3.955724 2.739269 2.094799
v -4.404805 2.636097 2.095809
v 1.323767 2.924690 2.090137
v 2.047128 2.839402 2.057610
v 0.526038 3.591280 -0.013977
v -1.459175 3.679211 -0.013909
v -0.466145 3.682083 -0.013906
v -2.243481 3.626218 -0.013860
v -2.854622 3.555575 -0.013731
v -3.941840 3.248429 -0.013218
v -4.384790 3.093091 -0.012955
v 1.367963 3.443648 -0.014513
v 2.341462 3.181760 -0.013016
v 3.386648 0.587598 2.161942
v 3.322881 0.841552 0.000008
v 3.899519 0.600511 2.179452
v 4.489448 0.673330 2.185004
v 5.083458 0.625369 2.190358
v 5.732790 0.539624 2.196341
v 6.462657 0.400550 2.199847
v 6.988061 0.158652 2.200819
v 7.554771 -0.223723 2.202187
v 8.050505 -0.803492 2.204587
v 8.347453 -1.461254 2.213385
v 8.379457 -1.583710 2.233013
v 8.187087 -1.781137 2.537759
v 8.002361 -1.678271 2.480512
v 8.101841 -1.838398 2.486908
v 1.914950 -2.126975 2.384971
v 1.914854 -1.925366 0.000009
v -3.258988 -2.113896 2.416539
v -3.306945 -1.923377 0.000011
v -7.220776 -2.380163 2.415178
v -7.231618 -2.341575 0.000012
v -7.268486 -2.370548 2.413853
v -7.256147 -2.331674 0.000012
v -7.292412 -2.096496 0.000012
v -8.211530 -2.086627 0.000012
v -8.151947 -2.128875 2.496195
v -8.103118 -1.542265 2.248792
v -8.159330 -1.386985 -0.001307
v -8.022511 -0.933070 2.201359
v -8.070238 -0.834882 -0.002055
v -7.826377 -0.362047 2.190532
v -7.908459 -0.282980 -0.004981
v -7.478321 0.226227 2.185459
v -7.117245 0.770776 2.182549
v -6.688104 1.274620 2.180169
v -6.190268 1.761078 2.178365
v -5.595420 2.229620 2.174966
v -5.576214 2.462443 -0.007478
v -4.848929 2.570739 2.166497
v -4.824664 2.946156 -0.011636
v 4.000318 -1.944416 0.009904
v 3.786814 -2.094685 2.416898
v -3.325895 -1.803096 2.409204
v -3.436796 -1.346373 2.402062
v -3.671370 -0.937440 2.399521
v -3.996721 -0.639509 2.398690
v -4.385230 -0.428337 2.396599
v -4.724067 -0.379165 2.398538
v -5.082044 -0.351784 2.397170
v -5.458484 -0.410497 2.398239
v -5.778580 -0.523169 2.398747
v -6.076542 -0.759620 2.402548
v -6.308337 -1.053188 2.405631
v -6.489799 -1.364701 2.408976
v -6.647676 -1.570445 2.484432
v -6.950760 -1.855294 2.498134
v -6.929910 -1.804065 0.000012
v -7.499934 -2.030793 2.538865
v -7.503458 -1.971473 0.000012
v 0.526772 3.455003 1.209773
v 1.310396 3.306188 1.215451
v 2.162870 3.086175 1.217108
v -1.459349 3.545610 1.200279
v -0.465061 3.547941 1.201919
v -2.243937 3.492588 1.200341
v -2.855436 3.421782 1.200751
v -3.944194 3.112161 1.207844
v -4.388158 2.955832 1.210704
v 3.321941 0.753179 1.228074
v 3.898345 0.792060 1.223722
v 4.485395 0.809590 1.223677
v 5.079096 0.765180 1.223732
v 5.729680 0.682609 1.223832
v 6.459790 0.545210 1.224335
v 6.983685 0.304284 1.225418
v 7.549354 -0.076946 1.227121
v 8.043865 -0.654355 1.230133
v 8.341149 -1.310120 1.233313
v 8.380276 -1.427409 1.241122
v 8.199839 -1.549155 1.247731
v 1.914855 -2.015699 1.251677
v 8.098317 -1.651166 1.229723
v -3.306575 -2.013553 1.248873
v -7.231471 -2.355829 1.652325
v -8.148724 -1.410381 1.232492
v -8.059602 -0.874683 1.231163
v -7.898221 -0.333577 1.228902
v -5.577257 2.372314 1.225248
v -4.827551 2.818330 1.215803
v 7.997552 -1.497344 1.200236
v 4.001231 -2.032892 1.233724
v -7.212065 -2.096985 0.000012
v -7.259284 -2.227404 2.268236
v -7.259265 -2.223624 2.061967
v -7.259097 -2.209375 1.633588
v -7.256440 -2.346092 1.652189
v -6.929936 -1.810363 1.239569
v -7.503476 -1.977860 1.239662
v -7.231976 -2.343466 1.239110
v -7.255865 -2.333515 1.238997
v -7.270986 -2.116226 1.238113
v -7.235401 -2.122304 1.242629
v -8.200212 -2.091981 1.238014
v 8.257745 -1.261916 2.207013
v 8.249965 -1.115731 1.232100
v 7.803132 -0.514394 2.201870
v 7.796075 -0.366331 1.228466
v 6.101056 0.469268 2.197740
v 6.098584 0.612856 1.223890
v 5.408328 0.582395 2.193285
v 5.404566 0.723839 1.223761
v 4.785561 0.649739 2.186863
v 4.781079 0.787400 1.223690
v 4.294926 0.661797 2.182239
v 4.098669 0.629579 2.180090
v 4.092327 0.797728 1.223657
v 4.291159 0.803669 1.223657
v 2.620823 2.823004 -0.012935
v 3.621603 0.585591 2.178545
v 3.627867 0.753728 1.223787
v 2.756465 1.916442 2.164068
v 2.574793 2.381850 2.105508
v 2.263429 2.779053 2.067467
v 2.457536 2.815353 1.217036
v 3.436691 -1.919469 0.000008
v 2.801196 -1.921491 0.000009
v 2.347217 -1.923235 0.000009
v 2.347405 -2.124913 2.384919
v 2.801346 -2.123163 2.384921
v 3.436907 -2.121168 2.384902
v 3.436703 -2.009802 1.251684
v 2.801197 -2.011824 1.251674
v 2.347220 -2.013568 1.251674
v 0.519334 -1.924899 0.000009
v -0.695217 -1.924433 0.000010
v -2.000368 -1.923966 0.000010
v -2.000381 -2.125629 2.384930
v -0.695230 -2.126097 2.384929
v 0.609922 -2.126563 2.384929
v 0.609935 -2.015233 1.251674
v -0.695217 -2.014766 1.251675
v -2.000368 -2.014299 1.251675
v -0.042641 -1.924666 0.000010
v -0.042654 -2.126329 2.384929
v -0.042641 -2.014999 1.251675
v 0.033225 3.046628 2.093660
v 0.029697 3.636606 -0.013861
v 0.031055 3.501438 1.205293
v -1.347793 -1.924199 0.000010
v -1.347805 -2.125863 2.384929
v -1.347792 -2.014533 1.251675
v -0.962070 3.090399 2.093951
v -0.962014 3.680578 -0.013919
v -0.962027 3.547040 1.200097
v 1.731799 2.891245 2.087538
v 1.868414 3.330126 -0.013332
v 1.262497 -2.126797 2.384929
v 1.740878 3.192196 1.218663
v 1.262510 -1.925133 0.000009
v 1.262510 -2.015466 1.251674
v -2.652944 -1.923733 0.000010
v -2.652943 -2.014066 1.251675
v -2.652957 -2.125397 2.384930
v -2.451606 3.012476 2.093723
v -2.657594 2.988649 2.093715
v -2.447261 3.602609 -0.013827
v -2.653151 3.578785 -0.013827
v -2.447830 3.468983 1.200294
v -2.653721 3.445160 1.200295
v -3.054188 2.923486 2.092859
v -3.559249 2.852307 2.094805
v -3.042270 3.513942 -0.013510
v -3.545981 3.373243 -0.013350
v -3.044936 3.379173 1.202555
v -3.549112 3.237391 1.205646
v -5.325261 2.623466 -0.008308
v -5.070593 2.787035 -0.009556
v -5.095969 2.460912 2.167882
v -5.349497 2.352043 2.171138
v -5.327558 2.529566 1.222758
v -5.073381 2.675983 1.220054
v -5.743764 2.351289 0.000011
v -5.792675 2.079805 2.174836
v -5.991619 1.920241 2.176592
v -5.744768 2.258166 1.233940
v -7.219751 -1.887270 0.000012
v -7.214690 -1.946706 2.540203
v -7.219769 -1.893458 1.239594
v -7.850542 -2.029366 1.239678
v -7.847570 -2.083576 2.540432
v -7.850600 -2.023225 0.000012
v -8.026038 -2.056644 1.239743
v -7.671020 -2.056933 2.540432
v -7.673806 -1.996177 0.000012
v -7.673791 -2.002626 1.239694
v -8.029153 -2.112811 2.542081
v -8.025745 -2.050934 0.000012
v -8.159019 -2.030407 0.000012
v 8.068460 -1.644736 1.250453
v -8.148306 -2.037892 1.234256
v -8.105419 -2.107908 2.500985
v 8.028743 -1.609175 2.493067
v 7.803257 -1.378732 2.494396
v 7.588434 -1.038023 2.492506
v 7.375393 -0.762562 2.492064
v 7.128139 -0.526238 2.491939
v 6.743513 -0.250832 2.491161
v 6.368845 -0.100909 2.491361
v 6.033879 -0.026259 2.491032
v 5.678016 -0.017566 2.491020
v 5.437895 -0.053221 2.491145
v 5.141809 -0.136245 2.490791
v 4.882356 -0.266551 2.491339
v 4.646003 -0.412414 2.490949
v 4.466771 -0.574006 2.491155
v 4.327277 -0.761113 2.492091
v 4.114322 -1.310673 2.492878
v 3.885049 -1.714534 2.488272
v 3.785194 -1.997752 2.482834
v 3.347969 -1.603375 2.369582
v 2.775608 -1.535545 2.369507
v 2.356339 -1.466897 2.369514
v 1.939836 -1.743434 2.369507
v 0.685611 -1.719796 2.369508
v 0.018605 -1.704428 2.369508
v -0.617878 -1.699661 2.369508
v -1.254364 -1.694899 2.369508
v -1.890847 -1.694941 2.369509
v 1.312771 -1.731514 2.369508
v -2.527330 -1.694988 2.369509
v -3.127395 -1.698740 2.382559
v -3.274182 -1.169871 2.382990
v -3.394737 -0.642579 2.384127
v -3.605711 -0.323478 2.383656
v -3.886835 -0.100127 2.382801
v -4.270856 0.071067 2.381752
v -4.602064 0.125107 2.380854
v -4.962871 0.135096 2.380556
v -5.329250 0.109773 2.380615
v -5.603639 0.059671 2.380741
v -5.851775 -0.067365 2.380915
v -6.070988 -0.286976 2.380057
v -6.243538 -0.529707 2.381205
v -6.392025 -0.732946 2.384172
v -6.705481 -1.261513 2.514735
v -7.069142 -1.542666 2.499243
v -7.392385 -1.698993 2.478217
v -7.599578 -1.805169 2.479607
v -7.800327 -1.917731 2.480204
v -7.974152 -2.030514 2.479229
v 8.007183 -1.967690 3.025051
v 7.978575 -1.942372 2.993067
v 6.878601 -0.548209 2.763492
v 6.575978 -0.361215 2.740585
v 6.284137 -0.221541 2.740585
v 5.986054 -0.221541 2.775832
v 5.671938 -0.221541 2.775832
v 5.476573 -0.221541 2.775832
v 8.036649 -1.886504 2.778986
v 8.044058 -1.869123 2.729527
v 8.067078 -1.830692 2.488401
v 8.294660 -1.709723 2.505057
v -8.159019 -1.705452 0.000012
v 8.304095 -1.479432 1.344138
v 8.051980 -1.328972 2.473219
v 7.607154 -0.647741 2.472681
v 6.070858 0.219229 2.472155
v 5.421589 0.264795 2.470040
v 4.827570 0.192922 2.467382
v 4.368813 0.043965 2.466014
v 4.200229 -0.056890 2.465744
v 3.732363 -0.258164 2.464828
v 3.551333 -0.224882 2.475374
v 3.119155 0.049118 2.399395
v -0.290745 0.455728 2.419680
v -1.426269 0.482044 2.419538
v 1.525320 0.355308 2.419612
v -2.926088 0.460031 2.404450
v -3.063728 0.460694 2.404312
v -3.528882 0.461603 2.404219
v -3.970962 0.462382 2.404145
v -5.409657 0.466738 2.403924
v -5.666372 0.466670 2.403913
v -6.059097 0.432260 2.419332
v -6.246033 0.337350 2.410439
v -8.148376 -1.721252 1.374123
v -8.129859 -1.812214 2.422469
v 8.203610 -1.549680 2.477518
v 7.839124 -0.933029 2.473384
v 7.356676 -0.383400 2.473255
v 6.876271 -0.052100 2.473290
v 6.422093 0.145869 2.473039
v 5.706180 0.259817 2.471333
v 5.108869 0.245080 2.468766
v 4.559077 0.129640 2.466747
v 3.978895 -0.242309 2.434009
v 2.712277 0.292606 2.399167
v 2.378720 0.280637 2.419441
v 2.044454 0.324820 2.419622
v 1.005915 0.384885 2.419622
v 0.277829 0.432549 2.419670
v -0.858741 0.483113 2.419490
v -1.994488 0.482542 2.419732
v -2.720214 0.460113 2.419784
v -3.277904 0.461073 2.404270
v -4.335168 0.463185 2.404079
v -4.733951 0.463856 2.404035
v -5.137648 0.465077 2.403974
v -5.903210 0.465157 2.403964
v -6.496683 0.102499 2.419495
v -6.920284 -0.297772 2.419682
v -7.291735 -0.635982 2.420082
v -7.577567 -0.961471 2.420346
v -7.853593 -1.305490 2.421223
v -8.018908 -1.455614 2.414968
v 0.529512 3.334867 1.504307
v 0.531827 3.178538 1.802761
v 1.313964 3.241523 1.514167
v 1.320024 3.111643 1.807223
v 2.124198 3.034033 1.530557
v 2.117765 2.977167 1.832222
v 3.321012 0.703473 1.562282
v 3.340588 0.634159 1.897087
v 3.898305 0.741400 1.556128
v 3.898305 0.690106 1.893373
v 4.485406 0.758937 1.556066
v 4.485406 0.707641 1.893312
v 5.079153 0.714517 1.556154
v 5.079153 0.663221 1.893400
v 5.729767 0.631933 1.556282
v 5.729767 0.580639 1.893528
v 6.459875 0.494504 1.556920
v 6.459875 0.443210 1.894166
v 6.983834 0.253467 1.558407
v 6.983834 0.202173 1.895654
v 7.549415 -0.127813 1.560726
v 7.549415 -0.179108 1.897972
v 8.043918 -0.705389 1.564748
v 8.043959 -0.756744 1.901982
v 8.341089 -1.359472 1.568921
v 8.341068 -1.409136 1.906181
v 8.380991 -1.475744 1.581368
v 8.380816 -1.526232 1.918511
v 8.199596 -1.618377 1.702376
v 8.199910 -1.686561 2.152077
v 1.914858 -2.080006 1.669172
v 1.914858 -2.143651 2.081702
v 8.097479 -1.713374 1.666722
v 8.097632 -1.775122 2.079239
v -3.278322 -2.081311 1.640886
v -3.251994 -2.159402 2.077829
v -3.375030 -1.681591 1.578473
v -3.352106 -1.738373 2.066524
v 8.001348 -1.555249 1.662716
v 8.001217 -1.616448 2.075275
v 3.918425 -2.092681 1.655618
v 3.834581 -2.153713 2.065432
v -3.434621 -1.247645 1.581647
v -3.414157 -1.300448 2.068027
v -3.668146 -0.826959 1.582948
v -3.651863 -0.867382 2.072314
v -3.994774 -0.541812 1.582431
v -3.982640 -0.570963 2.073665
v -4.384915 -0.347087 1.583535
v -4.378489 -0.364332 2.072958
v -4.725061 -0.321527 1.578613
v -4.722573 -0.325112 2.071276
v -5.082414 -0.294000 1.580957
v -5.083251 -0.297808 2.070323
v -5.459770 -0.357129 1.580068
v -5.465261 -0.359593 2.069708
v -5.780660 -0.471806 1.581509
v -5.791173 -0.476109 2.068576
v -6.077118 -0.718414 1.579574
v -6.093431 -0.722403 2.066814
v -6.306493 -1.022714 1.577988
v -6.326435 -1.025104 2.065299
v -6.485245 -1.344932 1.576959
v -6.506333 -1.343035 2.064567
v -6.630217 -1.564808 1.578155
v -6.659122 -1.577232 2.064083
v -1.459563 3.200451 1.813339
v -1.459658 3.376058 1.493753
v -0.462850 3.204767 1.810367
v -0.462893 3.378075 1.495179
v -2.244496 3.147347 1.813493
v -2.244738 3.322941 1.493902
v -2.856395 3.076452 1.813843
v -2.856832 3.251974 1.494292
v 8.250104 -1.164720 1.567157
v 8.250110 -1.213699 1.904400
v 7.796285 -0.417447 1.562509
v 7.796285 -0.468743 1.899755
v 6.098698 0.562169 1.556379
v 6.098698 0.510874 1.893626
v 5.404648 0.673169 1.556205
v 5.404648 0.621874 1.893451
v 4.781125 0.736739 1.556112
v 4.781125 0.685444 1.893358
v 4.092308 0.747071 1.556070
v 4.092308 0.695776 1.893317
v 4.291140 0.753013 1.556070
v 4.291140 0.701717 1.893316
v 3.627780 0.703051 1.556241
v 3.627780 0.651756 1.893486
v 2.393013 2.809595 1.556712
v 2.350301 2.812163 1.890261
v 2.574746 2.414343 1.905792
v 2.761011 1.952623 1.911163
v 2.347223 -2.141521 2.081702
v 2.347223 -2.077875 1.669171
v 2.801200 -2.139777 2.081702
v 2.801200 -2.076131 1.669171
v 3.436782 -2.137758 2.081727
v 3.436735 -2.074112 1.669194
v 0.609935 -2.079540 1.669172
v 0.609935 -2.143185 2.081702
v -0.695216 -2.079073 1.669172
v -0.695216 -2.142719 2.081703
v -2.000367 -2.078606 1.669173
v -2.000367 -2.142251 2.081703
v -0.042641 -2.079306 1.669172
v -0.042641 -2.142951 2.081702
v 0.034342 3.210455 1.804871
v 0.033834 3.378813 1.498742
v -1.347792 -2.078840 1.669172
v -1.347792 -2.142485 2.081703
v -0.962046 3.201812 1.813361
v -0.962054 3.377444 1.493737
v 1.262510 -2.079773 1.669172
v 1.262511 -2.143419 2.081702
v 1.720062 3.156507 1.524197
v 1.725362 3.071789 1.817096
v -2.652943 -2.078373 1.669173
v -2.652943 -2.142019 2.081703
v -2.448558 3.123647 1.813626
v -2.448860 3.299242 1.494008
v -2.654449 3.099824 1.813627
v -2.654750 3.275418 1.494008
v -3.048332 3.033425 1.814801
v -3.048631 3.207685 1.497554
v -6.944932 -1.836489 1.606068
v -6.954873 -1.844285 2.065380
v -7.219829 -1.905213 1.653511
v -7.219903 -1.916945 2.066041
v -7.503489 -1.989673 1.653628
v -7.503514 -2.001456 2.066158
v -7.850465 -2.041214 1.653679
v -7.850439 -2.053035 2.066209
v -7.673783 -2.014504 1.653686
v -7.673794 -2.026357 2.066216
v -8.026312 -2.068441 1.653815
v -8.026291 -2.080161 2.066345
v 8.068835 -1.707034 1.667731
v 8.069118 -1.768753 2.080281
v 8.303913 -1.543586 1.759307
v 8.303677 -1.607410 2.171799
v -1.459164 3.609934 0.604886
v -0.466161 3.612805 0.604891
v -2.243464 3.556942 0.604935
v -2.854559 3.486308 0.605068
v 0.525864 3.522031 0.604748
v 1.346394 3.374527 0.603822
v 2.278915 3.157608 0.602350
v 3.321976 0.797693 0.613291
v 1.914855 -1.970300 0.627883
v 3.999022 -1.990561 0.627302
v 2.542398 2.820765 0.602489
v 2.347218 -1.968170 0.627883
v 2.801197 -1.966425 0.627883
v 3.436692 -1.964403 0.627883
v 0.609934 -1.969834 0.627884
v -0.695217 -1.969367 0.627884
v -2.000368 -1.968900 0.627884
v -0.042641 -1.969600 0.627884
v 0.029697 3.567329 0.604935
v -1.347792 -1.969134 0.627884
v -0.962014 3.611300 0.604877
v 1.262510 -1.970067 0.627883
v 1.828413 3.260993 0.603316
v -2.652944 -1.968667 0.627885
v -2.447260 3.533331 0.604967
v -2.653150 3.509507 0.604967
v -3.042221 3.444676 0.605287
v 0.531563 3.047900 1.961623
v 1.322376 2.986126 1.958775
v 2.090954 2.905695 1.963627
v 3.403573 0.597218 2.048929
v 3.898305 0.664457 2.061997
v 4.485406 0.681995 2.061935
v 5.079153 0.637573 2.062023
v 5.729767 0.554990 2.062151
v 6.459875 0.417562 2.062789
v 6.983834 0.176526 2.064277
v 7.549415 -0.204757 2.066596
v 8.043989 -0.782438 2.070595
v 8.341051 -1.433954 2.074814
v 8.380684 -1.551599 2.087057
v 8.200128 -1.720614 2.376935
v 1.914858 -2.174985 2.253377
v 8.097742 -1.806009 2.285491
v -3.256978 -2.187074 2.258674
v -3.352201 -1.768717 2.270396
v 8.001125 -1.647014 2.281562
v 3.801626 -2.179459 2.256983
v -3.414100 -1.324771 2.239321
v -3.651545 -0.893758 2.278508
v -3.981907 -0.594114 2.279853
v -4.377226 -0.382541 2.279176
v -4.721712 -0.338511 2.277534
v -5.083044 -0.310436 2.276588
v -5.465065 -0.371516 2.275977
v -5.790931 -0.487318 2.274851
v -6.093175 -0.732009 2.273096
v -6.326234 -1.032615 2.271581
v -6.506232 -1.348418 2.270842
v -6.659119 -1.582586 2.270348
v 8.250116 -1.238190 2.073020
v 7.796285 -0.494391 2.068378
v 6.098698 0.485227 2.062249
v 5.404648 0.596226 2.062075
v 4.781125 0.659796 2.061982
v 4.092308 0.670129 2.061940
v 4.291140 0.676070 2.061940
v 3.627780 0.626110 2.062109
v 2.319744 2.817827 2.027003
v 2.580273 2.414571 2.045284
v 2.763002 1.953266 2.057953
v 0.609935 -2.174518 2.253371
v -0.695216 -2.174052 2.253372
v -2.000367 -2.173585 2.253372
v -0.042641 -2.174285 2.253371
v -1.347792 -2.173818 2.253372
v 1.262511 -2.174752 2.253371
v 1.729558 2.987124 1.957784
v -2.652943 -2.173352 2.253372
v -6.954823 -1.849830 2.271645
v -7.219954 -1.922817 2.272307
v -7.503530 -2.007347 2.272423
v -7.850420 -2.058946 2.272474
v -7.673799 -2.032281 2.272480
v -8.026274 -2.086020 2.272610
v 8.069329 -1.799589 2.286562
v 8.303544 -1.639335 2.378041
v -1.459492 3.129245 1.975193
v -0.464713 3.133525 1.972032
v -2.244309 3.076169 1.975330
v -2.856058 3.005300 1.975704
v 2.347221 -2.172858 2.253367
v 2.801200 -2.171113 2.253367
v 3.436822 -2.169088 2.253390
v 0.032011 3.091044 1.966017
v -0.962040 3.130628 1.975168
v -2.448316 3.052497 1.975423
v -2.654207 3.028672 1.975424
v -3.048141 2.963401 1.974171
v 3.015792 1.239144 2.169960
v 3.034965 1.312018 1.908912
v 3.036988 1.299679 2.057934
v 3.625610 -2.118267 2.387605
v 3.750149 -1.918472 0.009088
v 3.750168 -2.008808 1.251709
v 3.662403 -2.137533 2.081785
v 3.706272 -2.073504 1.669245
v 3.750149 -1.963406 0.627883
v 3.640507 -2.169034 2.253454
v 8.223016 -1.533820 1.270931
v 8.098022 -1.574050 2.477139
v 7.676859 -0.993111 2.476952
v 7.204344 -0.466036 2.476959
v 6.790873 -0.174573 2.476965
v 6.391339 -0.010468 2.476962
v 5.683870 0.080876 2.476927
v 5.124487 -0.015191 2.476862
v 4.608427 -0.256946 2.476827
v 4.053917 -1.042299 2.469499
v 8.231096 -1.756233 2.513757
v 7.891709 -1.345511 2.477010
v 7.455932 -0.712445 2.476952
v 6.046906 0.064415 2.476949
v 5.428826 0.054492 2.476891
v 4.855725 -0.128212 2.476840
v 4.422385 -0.404059 2.476821
v 4.273482 -0.576050 2.476982
v 3.825311 -1.355631 2.476795
v 3.689285 -1.575569 2.482159
v 8.222789 -1.669081 2.156580
v 8.222469 -1.602056 1.715756
v 8.223020 -1.702540 2.377006
v 3.574366 -1.600455 2.372468
v 3.637596 -1.984139 2.372126
v 3.390908 -1.946864 2.369501
v 3.333447 -0.086160 2.455964
v -8.101239 -1.495476 1.909188
v -8.012071 -0.911729 1.895219
v -7.828023 -0.362058 1.923871
v -7.482753 0.261917 1.973988
v -7.118924 0.810863 1.972332
v -6.688357 1.319016 1.971684
v -6.189188 1.810619 1.970614
v -5.579598 2.265814 1.884467
v -4.834124 2.638578 1.869065
v -4.393981 2.736972 1.816577
v -5.332320 2.398010 1.880276
v -5.078800 2.518082 1.876128
v -5.989949 1.971068 1.971269
v -5.757466 2.132149 1.909567
v -8.100840 -2.073712 2.045444
v -8.100764 -1.781160 2.112438
v -7.861766 -0.316846 -0.004827
v -7.865542 -0.366321 1.231983
v -5.647906 2.239770 0.005823
v -5.707082 2.182014 1.243882
v -7.861258 -0.388718 1.976810
v -7.532853 0.220103 2.007872
v -7.166815 0.774505 2.007872
v -6.732059 1.288258 2.007872
v -6.228705 1.784943 2.007871
v -6.026583 1.947148 2.007871
v -5.776501 2.117428 1.990548
v 0.500700 2.677521 2.117434
v 0.544810 2.673080 2.117429
v 0.293106 2.698279 2.116794
v 0.414382 0.797512 2.329947
v 0.175339 0.796735 2.331920
v 0.314645 0.797148 2.331179
v 0.821026 2.645517 2.117347
v 0.694430 0.797512 2.327765
v 1.109442 2.616736 2.117264
v 1.001613 0.797512 2.325453
v 1.281192 2.599551 2.117631
v 1.397942 2.587857 2.117740
v 1.322495 0.798211 2.322866
v 1.058032 0.797889 2.324942
v 1.670194 2.551655 2.119160
v 1.562283 0.798047 2.321334
v 1.642849 0.797903 2.314857
v 1.903653 2.500835 2.102434
v 1.703072 2.544032 2.119911
v 1.942741 0.801927 2.312101
v 2.229224 2.323284 2.117790
v 2.102450 2.426291 2.103869
v 2.052080 2.444959 2.101248
v 2.046183 0.807162 2.310621
v 2.200670 0.814758 2.307992
v 2.383313 1.908591 2.166314
v 2.413102 1.761050 2.183952
v 2.353525 2.056133 2.148679
v 2.304808 2.200948 2.131993
v 2.307573 2.196252 2.132500
v 2.491973 1.370406 2.230647
v 2.468481 1.486760 2.216739
v 2.441841 1.618707 2.200966
v 2.511267 1.274842 2.241951
v 2.541460 1.125297 2.258656
v 2.527413 1.194872 2.250884
v 2.554457 1.060922 2.265847
v 2.567455 0.996545 2.273037
v 2.559593 0.936191 2.280905
v 2.510013 0.883886 2.290123
v 2.357130 0.836470 2.302372
v 2.397855 0.843650 2.300083
v -0.218338 2.749409 2.115916
v -0.088522 2.736456 2.116033
v -0.007758 2.728349 2.116511
v 0.077890 2.719754 2.116596
v -0.247660 0.796817 2.334240
v -0.272879 0.796915 2.334360
v -0.154103 0.796735 2.333441
v -0.009733 0.796735 2.332774
v -0.323753 2.759928 2.115819
v -0.376545 0.796915 2.334877
v -0.416968 2.769231 2.115734
v -0.480210 0.796915 2.335395
v -0.510183 2.778533 2.115650
v -0.577397 0.801661 2.335349
v -0.596643 2.774503 2.116166
v -0.672380 2.749426 2.118942
v -0.515511 2.777348 2.115840
v -0.661625 0.815901 2.334177
v -0.765595 2.584673 2.137305
v -0.730640 2.689968 2.125561
v -0.783073 2.444998 2.152891
v -0.788899 1.473447 2.261287
v -0.784728 0.953551 2.319863
v -0.765291 0.891847 2.326457
v -0.784008 0.976043 2.316790
v -0.788899 1.032401 2.310487
v -0.726417 0.844381 2.331317
v -0.788899 2.282403 2.171040
v -0.788899 1.934292 2.209877
v -0.788899 2.108348 2.190461
v -0.788899 1.766369 2.228609
v -0.788899 1.610710 2.245974
v -0.788899 1.360711 2.273863
v -0.788899 1.266370 2.284387
v -0.788899 1.184292 2.293543
v -0.788899 1.108348 2.302015
v -1.843239 2.830766 2.107487
v -1.942628 2.826848 2.107168
v -1.743850 2.834686 2.107807
v -1.644460 2.838605 2.108126
v -1.596927 2.836645 2.108703
v -1.549393 2.834686 2.109087
v -1.521682 2.833619 2.109301
v -1.502413 2.832922 2.109384
v -1.454879 2.830961 2.109618
v -2.119800 2.818030 2.106807
v -2.042017 2.822929 2.106848
v -1.430032 2.817246 2.111161
v -1.405185 2.803529 2.112703
v -1.380338 2.789811 2.114243
v -1.341446 2.762378 2.117324
v -1.355490 2.776095 2.115784
v -1.299313 2.721226 2.121938
v -1.327402 2.748661 2.118861
v -1.313358 2.734944 2.120399
v -1.288510 2.701630 2.124131
v -1.277707 2.682036 2.126325
v -1.256101 2.642843 2.130714
v -1.266904 2.662440 2.128519
v -1.245298 2.621289 2.133128
v -1.234495 2.599734 2.135540
v -1.223691 2.578179 2.137954
v -1.212888 2.556624 2.140367
v -1.212888 2.195084 2.180700
v -1.212888 1.833545 2.221009
v -1.212695 1.699038 2.236027
v -1.212551 1.469954 2.261562
v -1.212147 1.440103 2.264795
v -1.199723 1.080234 2.301908
v -1.213874 1.063050 2.303615
v -1.228108 1.046049 2.305322
v -1.242439 1.029261 2.307029
v -1.256884 1.012722 2.308736
v -1.344373 0.909645 2.320812
v -1.332333 0.921765 2.319415
v -1.321037 0.942780 2.316323
v -1.322078 0.940036 2.316684
v -1.356511 0.897741 2.322207
v -1.288631 0.977026 2.312529
v -1.304782 0.959790 2.314426
v -1.272671 0.994684 2.310633
v -1.401802 0.861408 2.326653
v -1.412913 0.853398 2.327670
v -1.368740 0.886037 2.323605
v -1.379711 0.877719 2.324622
v -1.390733 0.869512 2.325638
v -1.536797 0.803384 2.334734
v -1.502404 0.804238 2.334285
v -1.479922 0.816291 2.332631
v -1.457496 0.828463 2.330977
v -1.435151 0.840813 2.329325
v -1.571241 0.802637 2.335185
v -1.605680 0.801881 2.335636
v -1.640062 0.800999 2.336085
v -4.631912 2.199259 2.144821
v -4.712934 2.156149 2.156290
v -4.278521 0.810236 2.314935
v -4.652472 0.810069 2.313856
v -3.900624 0.810718 2.317034
v -3.912107 0.810563 2.316886
v -4.550888 2.242368 2.131949
v -4.476415 2.278959 2.126967
v -4.459331 2.280941 2.126765
v -4.378307 2.324051 2.123535
v -4.290802 2.357363 2.121779
v -4.203296 2.390676 2.120023
v -4.115791 2.423989 2.118266
v -4.028285 2.457300 2.115170
v -3.938171 2.486014 2.114423
v -4.017624 2.460736 2.114758
v -3.848505 2.514426 2.114061
v -3.148754 0.811013 2.318974
v -3.220735 0.810954 2.318620
v -3.462439 0.810806 2.317973
v -3.758838 2.542841 2.113697
v -3.620107 2.582861 2.111968
v -3.669172 2.571254 2.113322
v -3.580883 2.592436 2.111464
v -3.491216 2.613011 2.110481
v -3.401551 2.633587 2.109496
v -3.311884 2.654162 2.108513
v -3.237342 2.667878 2.108094
v -3.162801 2.681596 2.107651
v -2.793558 2.747654 2.106084
v -2.720097 2.760391 2.105520
v -2.867020 2.734916 2.106560
v -2.912628 2.726724 2.106890
v -2.939612 2.721862 2.107433
v -3.013073 2.709125 2.107056
v -3.087615 2.695408 2.106734
v -3.112837 2.690781 2.106624
v -2.860909 0.810502 2.319517
v -3.008447 0.811035 2.318969
v -2.655522 0.810280 2.333165
v -2.396488 0.810460 2.334430
v -2.197583 2.813131 2.106767
v -2.275365 2.808232 2.106726
v -2.352504 2.803526 2.105075
v -2.299308 2.806812 2.106704
v -2.444331 2.792748 2.105090
v -2.505125 2.785661 2.105096
v -2.536435 2.782022 2.105278
v -2.628262 2.771245 2.105295
v -2.704168 2.762293 2.105313
v -1.926222 0.810220 2.336116
v -4.788749 0.824857 2.311035
v -4.855728 0.831716 2.310168
v -4.853376 2.067968 2.164800
v -4.783156 2.112057 2.157448
v -4.721768 0.818000 2.311902
v -4.681966 0.813495 2.312511
v -4.986522 1.979488 2.185786
v -5.034056 1.935398 2.189317
v -5.024257 0.879725 2.307666
v -4.973482 0.859151 2.306700
v -4.942356 2.008591 2.184212
v -4.923597 2.023877 2.178509
v -4.922707 0.838575 2.309300
v -5.203275 0.981572 2.305546
v -5.164384 0.953159 2.308346
v -5.176657 1.803128 2.202645
v -5.129123 1.847219 2.195237
v -5.125492 0.924745 2.311147
v -5.081590 1.891308 2.192315
v -5.080751 0.904927 2.313265
v -5.075032 0.900301 2.313136
v -5.305905 1.076610 2.293585
v -5.281057 1.038398 2.299012
v -5.252541 1.705072 2.226583
v -5.289272 1.658042 2.232271
v -5.242166 1.009986 2.302745
v -5.229433 1.734810 2.219762
v -5.213387 1.756098 2.214887
v -5.357332 1.157374 2.284297
v -5.382179 1.195585 2.280327
v -5.362734 1.501276 2.248562
v -5.381099 1.446408 2.254264
v -5.344369 1.556144 2.242861
v -5.332485 1.119162 2.288268
v -5.326003 1.611013 2.237159
v -5.319693 1.099105 2.290363
v -5.399464 1.391540 2.259964
v -5.395142 1.342553 2.265056
v -5.390821 1.293563 2.270145
v -5.386500 1.244574 2.275237
v -6.092593 1.840101 2.176672
v -6.799630 -1.737622 2.496624
v -6.525765 -1.005437 2.496812
v -6.373382 0.220499 2.414840
v -6.802131 -1.726478 2.065116
v -6.786194 -1.733046 1.578326
v -6.802161 -1.731973 2.271381
v -6.090977 1.890127 1.971426
v -6.127622 1.866048 2.007871
v 3.406324 -0.293550 2.141262
v 3.555817 -0.906097 0.307249
v 3.628942 -1.583803 2.178068
v 3.631278 -2.022763 2.165189
v 3.630023 -1.587947 1.983529
v 3.678534 -2.029471 1.969573
v 3.785854 -2.041378 1.631417
v 3.663046 -1.592712 1.641406
v 3.775576 -1.587091 0.306556
v 3.790857 -2.051521 1.228176
v 3.662875 -1.592500 1.230744
v 3.792201 -2.025379 0.304568
v 3.792112 -2.025123 0.611872
v 3.775815 -1.588119 0.613104
v 3.313786 -1.586063 0.000008
v 3.792291 -1.888049 -0.002736
v 3.775337 -1.586063 0.000008
v 3.336111 -0.225519 0.000008
v 3.173926 1.131725 -0.003513
v 3.722445 -2.110602 2.395578
v 3.173095 1.066182 1.232543
v 3.172012 0.991763 1.906183
v 3.172604 1.028989 1.568053
v 3.173633 1.098621 0.615333
v 3.173704 0.971737 2.062208
v 3.169517 0.927768 2.181530
v 3.906877 -1.917973 0.009088
v 3.906897 -2.008312 1.251732
v 3.775170 -2.137424 2.081847
v 3.841020 -2.073205 1.669293
v 3.906877 -1.962907 0.627883
v 3.742283 -2.169005 2.253516
v 3.728313 -1.979510 2.435350
v 3.670772 -1.582757 2.432038
v 3.441713 -0.155371 2.465614
v 3.553819 -0.891288 2.173739
v 3.553819 -0.891288 1.994748
v 3.569935 -0.891288 1.681035
v 3.586576 -0.891288 1.237598
v 3.643530 -0.891288 0.618803
v 3.643530 -0.891288 0.000008
v 3.517633 -0.938675 2.159665
v 3.467207 -0.910255 1.987501
v 3.482675 -0.907150 1.674693
v 3.499351 -0.907750 1.231520
v 3.555911 -0.906403 0.614523
v 3.555724 -0.905791 0.000008
v 2.966800 0.739350 0.602794
v 2.966765 0.694837 1.217576
v 2.965836 0.645131 1.551784
v 2.985411 0.575817 1.886589
v 2.967704 0.783209 0.000009
v 3.016503 0.569772 2.084598
v 3.051148 -0.250563 2.130764
v 2.949213 -0.189575 1.980976
v 3.127499 -0.965493 1.664195
v 2.947127 -0.178602 1.697483
v 3.144175 -0.966093 1.221022
v 2.980651 -0.180014 1.221797
v 3.200734 -0.964745 0.604025
v 2.980829 -0.180314 0.605443
v 3.200548 -0.964133 0.000008
v 2.980817 -0.172628 0.000009
v 3.162457 -0.997019 2.149167
v 3.112030 -0.968597 1.977003
v 2.967252 0.761280 0.293345
v 2.980881 -0.172449 0.302727
v 3.200641 -0.964439 0.302017
v 3.313786 -1.586063 0.302017
v 2.347217 -1.945702 0.302017
v 2.801196 -1.943958 0.302017
v 3.436691 -1.941936 0.302017
v 1.914854 -1.947833 0.302017
v 0.609934 -1.947367 0.302018
v -0.695217 -1.946900 0.302018
v -2.000368 -1.946433 0.302019
v -0.042641 -1.947133 0.302018
v -1.347793 -1.946667 0.302018
v 1.262510 -1.947600 0.302018
v -2.652944 -1.946200 0.302019
v 3.750149 -1.940939 0.302017
v 3.906877 -1.940440 0.302017
v 2.347099 -0.775044 0.000009
v 2.347216 -0.797575 0.302017
v 2.788634 -0.957635 0.302017
v 2.347217 -1.455942 0.302017
v 2.801196 -1.541823 0.302017
v 2.347217 -1.433475 0.000009
v 2.790896 -0.958860 0.000009
v 1.262510 -0.842153 0.000009
v 1.914854 -0.797575 0.302017
v 1.262510 -0.864621 0.302018
v 1.262510 -1.456775 0.302018
v 1.914854 -1.457008 0.302017
v 1.262510 -1.434307 0.000009
v 1.914854 -0.774875 0.000009
v 3.100710 -0.964210 0.000009
v 3.000872 -0.964286 0.000009
v 2.898460 -0.962968 0.000009
v 2.769403 -0.301643 0.302549
v 2.558185 -0.456467 0.302372
v 2.452571 -0.665428 0.302194
v 2.768030 -0.295573 0.000009
v 2.558212 -0.445161 0.000009
v 2.451171 -0.647891 0.000009
v 0.519334 -1.434308 0.000009
v 0.609934 -1.456775 0.302018
v 0.519334 -0.842153 0.000009
v 0.609934 -0.864621 0.302018
v 3.397506 0.569772 2.084598
v 3.253704 1.154210 0.309406
v 3.322428 0.819622 0.303843
v 3.173779 1.115173 0.305910
v -0.368959 -2.013218 0.000010
v -0.368959 -2.103087 1.237599
v -0.368958 -2.172509 2.475189
v -0.299660 -1.702906 2.475190
v -0.005961 0.452201 2.524926
v -0.368958 -2.230376 2.062660
v -0.368959 -2.166731 1.650129
v -0.368959 -2.058153 0.618804
v -0.368958 -2.262199 2.268924
v -0.368929 -1.924549 0.000010
v -0.368929 -2.014882 1.251675
v -0.368942 -2.126213 2.384929
v -0.299636 -1.702044 2.369508
v -0.006458 0.444139 2.419675
v -0.368928 -2.142834 2.081703
v -0.368929 -2.079190 1.669172
v -0.368929 -1.969484 0.627884
v -0.368928 -2.174168 2.253372
v -0.368929 -1.947016 0.302018
v -0.042641 -1.456775 0.302018
v -0.368929 -1.434192 0.000010
v -0.368929 -1.456658 0.302018
v -0.042641 -0.864621 0.302018
v -0.335283 -0.842037 0.000010
v -0.262033 -0.864504 0.269046
v -0.042641 -0.864621 0.000010
v -8.437379 -2.035255 1.242324
v -8.448137 -2.028814 0.000012
v -8.389848 -2.069721 2.054783
v -8.437379 -2.073451 1.242324
v -8.339630 -2.172048 1.240017
v -8.429937 -2.110932 1.242148
v -8.408749 -2.142832 1.241649
v -8.377036 -2.164293 1.240900
v -8.389848 -2.082829 2.363833
v -8.292099 -2.088570 2.477608
v -8.382407 -2.084776 2.408079
v -8.361217 -2.086551 2.445239
v -8.329506 -2.087883 2.469654
v -8.292099 -2.206638 2.477608
v -8.394301 -2.104800 2.363953
v -8.329844 -2.198635 2.469663
v -8.362522 -2.176472 2.445274
v -8.385157 -2.143522 2.408154
v -8.448137 -2.068350 0.000012
v -8.350368 -2.166947 0.000012
v -8.440696 -2.105831 0.000012
v -8.419501 -2.137730 0.000012
v -8.387783 -2.159191 0.000012
v -8.339565 -1.719792 1.382012
v -8.437378 -1.814932 1.341239
v -8.376997 -1.726783 1.379616
v -8.408730 -1.747320 1.371026
v -8.429933 -1.778273 1.357550
v -8.389848 -1.898976 2.380761
v -8.292099 -1.811806 2.503090
v -8.382407 -1.865367 2.428281
v -8.361217 -1.837000 2.468216
v -8.329506 -1.818191 2.494485
v -8.350307 -1.704597 0.000012
v -8.448137 -1.800212 0.000012
v -8.387745 -1.711625 0.000012
v -8.419484 -1.732264 0.000012
v -8.440691 -1.763371 0.000012
v -8.292068 -1.780198 2.117982
v -8.389848 -1.876449 2.098389
v -8.329487 -1.787274 2.117198
v -8.361209 -1.808051 2.113200
v -8.382405 -1.839365 2.106594
v 6.161359 -1.555677 1.276567
v 6.161359 -1.555677 2.301237
v 6.133088 -1.558462 1.276567
v 6.133088 -1.558462 2.301237
v 6.105904 -1.566707 1.276567
v 6.105905 -1.566707 2.301237
v 6.080851 -1.580099 1.276567
v 6.080851 -1.580099 2.301237
v 6.058891 -1.598120 1.276567
v 6.058892 -1.598120 2.301237
v 6.040870 -1.620079 1.276567
v 6.040871 -1.620079 2.301237
v 6.027478 -1.645133 1.276567
v 6.027479 -1.645133 2.301237
v 6.019233 -1.672317 1.276567
v 6.019233 -1.672317 2.301237
v 6.016448 -1.700588 1.276567
v 6.016448 -1.700588 2.301237
v 6.019233 -1.728858 1.276567
v 6.019233 -1.728858 2.301237
v 6.027478 -1.756042 1.276567
v 6.027479 -1.756042 2.301237
v 6.040870 -1.781096 1.276567
v 6.040871 -1.781096 2.301237
v 6.058891 -1.803055 1.276567
v 6.058892 -1.803055 2.301237
v 6.080851 -1.821076 1.276567
v 6.080851 -1.821076 2.301237
v 6.105904 -1.834468 1.276567
v 6.105905 -1.834468 2.301237
v 6.133088 -1.842713 1.276567
v 6.133088 -1.842713 2.301237
v 6.161359 -1.845497 1.276567
v 6.161359 -1.845497 2.301237
v 6.189631 -1.842713 1.276567
v 6.189631 -1.842713 2.301237
v 6.216813 -1.834467 1.276567
v 6.216815 -1.834468 2.301237
v 6.241867 -1.821076 1.276567
v 6.241867 -1.821076 2.301237
v 6.263826 -1.803055 1.276567
v 6.263827 -1.803055 2.301237
v 6.281847 -1.781095 1.276567
v 6.281848 -1.781095 2.301237
v 6.295239 -1.756042 1.276567
v 6.295240 -1.756042 2.301237
v 6.303485 -1.728858 1.276567
v 6.303485 -1.728858 2.301237
v 6.306270 -1.700588 1.276567
v 6.306270 -1.700588 2.301237
v 6.303485 -1.672317 1.276567
v 6.303485 -1.672317 2.301237
v 6.295239 -1.645131 1.276567
v 6.295239 -1.645133 2.301237
v 6.281847 -1.620079 1.276567
v 6.281848 -1.620079 2.301237
v 6.263826 -1.598120 1.276567
v 6.263827 -1.598120 2.301237
v 6.241866 -1.580098 1.276567
v 6.241867 -1.580098 2.301237
v 6.216813 -1.566707 1.276567
v 6.216815 -1.566707 2.301237
v 6.189629 -1.558462 1.276567
v 6.189631 -1.558462 2.301237
v -5.031188 -1.555677 1.276571
v -5.031188 -1.555677 2.301239
v -5.059459 -1.558462 1.276571
v -5.059459 -1.558462 2.301239
v -5.086644 -1.566707 1.276571
v -5.086643 -1.566707 2.301239
v -5.111697 -1.580099 1.276571
v -5.111697 -1.580099 2.301240
v -5.133656 -1.598120 1.276571
v -5.133655 -1.598120 2.301240
v -5.151678 -1.620079 1.276571
v -5.151677 -1.620079 2.301240
v -5.165069 -1.645133 1.276571
v -5.165068 -1.645133 2.301240
v -5.173315 -1.672317 1.276571
v -5.173315 -1.672317 2.301240
v -5.176100 -1.700588 1.276571
v -5.176100 -1.700588 2.301240
v -5.173315 -1.728858 1.276571
v -5.173315 -1.728858 2.301240
v -5.165069 -1.756042 1.276571
v -5.165068 -1.756042 2.301240
v -5.151678 -1.781096 1.276571
v -5.151677 -1.781096 2.301240
v -5.133656 -1.803055 1.276571
v -5.133655 -1.803055 2.301240
v -5.111697 -1.821076 1.276571
v -5.111697 -1.821076 2.301240
v -5.086644 -1.834468 1.276571
v -5.086643 -1.834468 2.301240
v -5.059459 -1.842713 1.276571
v -5.059459 -1.842713 2.301240
v -5.031188 -1.845497 1.276571
v -5.031188 -1.845497 2.301240
v -5.002918 -1.842713 1.276571
v -5.002918 -1.842713 2.301240
v -4.975735 -1.834467 1.276571
v -4.975734 -1.834468 2.301240
v -4.950681 -1.821076 1.276571
v -4.950681 -1.821076 2.301240
v -4.928722 -1.803055 1.276571
v -4.928721 -1.803055 2.301240
v -4.910701 -1.781095 1.276571
v -4.910700 -1.781095 2.301240
v -4.897309 -1.756042 1.276571
v -4.897308 -1.756042 2.301240
v -4.889063 -1.728858 1.276571
v -4.889063 -1.728858 2.301240
v -4.886278 -1.700588 1.276571
v -4.886278 -1.700588 2.301240
v -4.889063 -1.672317 1.276571
v -4.889063 -1.672317 2.301240
v -4.897309 -1.645131 1.276571
v -4.897309 -1.645133 2.301240
v -4.910701 -1.620079 1.276571
v -4.910700 -1.620079 2.301240
v -4.928722 -1.598120 1.276571
v -4.928721 -1.598120 2.301240
v -4.950681 -1.580098 1.276571
v -4.950681 -1.580098 2.301240
v -4.975735 -1.566707 1.276571
v -4.975734 -1.566707 2.301239
v -5.002919 -1.558462 1.276571
v -5.002918 -1.558462 2.301239
vn -0.0617 0.9138 -0.4013
vn -0.1054 0.9105 -0.3999
vn -0.2653 0.8839 -0.3852
vn -0.2507 0.8987 -0.3598
vn 0.2702 0.9582 -0.0943
vn 0.1767 0.9777 -0.1135
vn 0.1738 0.9783 -0.1125
vn 0.1767 0.9777 -0.1136
vn 0.0906 0.9897 -0.1108
vn -0.0028 0.9938 -0.1113
vn 0.8966 0.4419 -0.0281
vn 0.8965 0.4421 -0.0281
vn 0.9241 -0.3777 0.0583
vn -0.0298 0.9969 -0.0724
vn 0.0742 0.9946 -0.0722
vn 0.1256 0.9895 -0.0719
vn 0.1852 0.9801 -0.0712
vn 0.4161 0.9069 -0.0659
vn 0.5582 0.8275 -0.0601
vn 0.7585 0.6499 -0.0472
vn 0.9052 0.4242 -0.0259
vn 0.9047 0.4253 -0.0258
vn 0.9755 0.2198 -0.0136
vn 0.9754 0.2198 -0.0137
vn 0.9755 0.2197 -0.0136
vn 0.6132 -0.7884 0.0501
vn 0.6039 -0.7954 0.0515
vn 0.6108 -0.7897 0.0569
vn -0.0004 -0.9974 0.0724
vn -0.0947 -0.9955 0.0012
vn -0.0948 -0.9955 0.0012
vn -0.9986 -0.0527 0.0002
vn -0.9986 -0.0533 0.0008
vn -0.9986 -0.0535 0.0009
vn -0.9986 -0.0537 0.0013
vn -0.9986 -0.0537 0.0012
vn -0.9867 0.1619 -0.0127
vn -0.9867 0.1618 -0.0127
vn -0.9462 0.3230 -0.0200
vn -0.9462 0.3230 -0.0201
vn -0.6201 0.7825 -0.0568
vn -0.5180 0.8525 -0.0703
vn -0.5173 0.8519 -0.0821
vn -0.5169 0.8521 -0.0819
vn -0.3059 0.9466 -0.1020
vn 0.0331 -0.9972 0.0677
vn -0.8249 -0.5639 0.0392
vn -0.8239 -0.5654 0.0393
vn -0.8237 -0.5657 0.0392
vn -0.6529 -0.7555 0.0542
vn -0.6518 -0.7564 0.0542
vn -0.6514 -0.7568 0.0540
vn -0.6875 -0.7243 0.0526
vn -0.8034 -0.5938 0.0431
vn -0.7851 -0.6178 0.0449
vn -0.6520 -0.7563 0.0549
vn -0.5633 -0.8241 0.0598
vn -0.3263 -0.9428 0.0685
vn -0.2055 -0.9761 0.0709
vn 0.0365 -0.9967 0.0724
vn 0.2641 -0.9620 0.0699
vn 0.3847 -0.9206 0.0669
vn 0.5667 -0.8217 0.0597
vn 0.6606 -0.7487 0.0544
vn 0.7595 -0.6488 0.0471
vn 0.8810 -0.4719 0.0343
vn 0.9434 -0.3308 0.0240
vn 0.9627 -0.2700 0.0196
vn 0.9731 -0.2298 0.0167
vn 0.8194 -0.5717 0.0415
vn 0.5879 -0.8068 0.0586
vn 0.2810 -0.9593 0.0271
vn 0.2844 -0.9583 0.0273
vn 0.2846 -0.9583 0.0273
vn -0.0936 -0.9951 0.0313
vn -0.0934 -0.9951 0.0313
vn -0.0935 -0.9951 0.0313
vn 0.0032 -0.9974 0.0724
vn 0.0024 -0.9881 0.1536
vn 0.0031 -0.9881 0.1535
vn 0.0023 -0.9882 0.1535
vn -0.0000 -0.0000 1.0000
vn 0.4459 -0.8905 0.0907
vn 0.9529 -0.2997 0.0462
vn 0.8792 -0.4710 0.0727
vn 0.7566 -0.6462 0.0997
vn 0.7566 -0.6463 0.0997
vn 0.6572 -0.7449 0.1149
vn 0.5632 -0.8167 0.1260
vn 0.3817 -0.9135 0.1409
vn 0.2618 -0.9538 0.1472
vn 0.0361 -0.9877 0.1524
vn -0.2037 -0.9676 0.1493
vn -0.3237 -0.9351 0.1443
vn -0.5598 -0.8189 0.1263
vn -0.6485 -0.7523 0.1161
vn -0.7823 -0.6156 0.0950
vn -0.8008 -0.5919 0.0913
vn -0.6842 -0.7208 0.1112
vn -0.6440 -0.7564 0.1147
vn -0.6438 -0.7566 0.1145
vn -0.6439 -0.7565 0.1146
vn -0.8198 -0.5664 0.0845
vn -0.2318 0.9285 -0.2902
vn -0.4551 0.8632 -0.2187
vn -0.6109 0.7823 -0.1217
vn -0.6025 0.7886 -0.1225
vn -0.6107 0.7825 -0.1215
vn -0.9409 0.3270 -0.0884
vn -0.9409 0.3269 -0.0885
vn -0.9409 0.3271 -0.0883
vn -0.9839 0.1579 -0.0842
vn -0.9838 0.1581 -0.0840
vn -0.9838 0.1580 -0.0841
vn 0.7378 -0.6748 0.0156
vn 0.7363 -0.6764 0.0156
vn 0.7378 -0.6749 0.0155
vn -0.0004 -0.9883 0.1525
vn 0.6223 -0.7737 0.1186
vn 0.6184 -0.7769 0.1182
vn 0.6200 -0.7756 0.1186
vn 0.9752 0.2189 -0.0323
vn 0.9752 0.2191 -0.0324
vn 0.9752 0.2188 -0.0324
vn 0.9074 0.4157 -0.0614
vn 0.9047 0.4216 -0.0616
vn 0.9052 0.4205 -0.0617
vn 0.7557 0.6475 -0.0985
vn 0.5549 0.8225 -0.1251
vn 0.4131 0.9003 -0.1369
vn 0.1836 0.9718 -0.1478
vn 0.1245 0.9809 -0.1492
vn 0.0736 0.9859 -0.1500
vn -0.0295 0.9882 -0.1503
vn -0.1382 0.9791 -0.1489
vn 0.9089 0.4134 -0.0551
vn 0.9088 0.4137 -0.0548
vn 0.9088 0.4135 -0.0550
vn -0.0025 0.8729 -0.4878
vn -0.0025 0.8696 -0.4938
vn 0.0388 0.8969 -0.4406
vn 0.1431 0.9456 -0.2922
vn 0.2662 0.9506 -0.1599
vn -0.3290 0.9385 -0.1051
vn -0.2990 0.9483 -0.1062
vn -0.1142 0.9873 -0.1105
vn -0.0670 0.9916 -0.1110
vn -0.0092 -0.9999 0.0040
vn -0.0092 -1.0000 0.0040
vn -0.0091 -1.0000 0.0039
vn -0.0082 -0.9996 0.0269
vn -0.0079 -0.9996 0.0268
vn -0.0079 -0.9996 0.0267
vn 0.0236 -0.0000 -0.9997
vn 1.0000 -0.0000 -0.0000
vn -0.0913 -0.9957 0.0157
vn -0.0911 -0.9957 0.0156
vn -0.0912 -0.9957 0.0157
vn 0.0318 -0.9987 0.0395
vn 0.7363 -0.6765 0.0155
vn 0.7348 -0.6781 0.0157
vn 0.7729 -0.6238 -0.1159
vn 0.7729 -0.6238 -0.1160
vn -0.0000 -0.0000 -1.0000
vn 0.0150 -0.9953 0.0955
vn 0.0150 -0.9953 0.0956
vn -0.0098 -0.9999 0.0052
vn -0.0099 -0.9999 0.0052
vn 0.0330 0.9991 -0.0255
vn -0.6434 -0.6933 0.3247
vn 0.9098 0.4105 -0.0611
vn 0.9050 0.4209 -0.0617
vn 0.9132 0.4067 -0.0267
vn 0.9156 0.4011 -0.0269
vn 0.9143 0.4042 -0.0268
vn 0.7021 0.4445 -0.5563
vn 0.7020 0.4446 -0.5563
vn -0.1182 0.8064 -0.5794
vn -0.1175 0.8049 -0.5816
vn -0.1177 0.8051 -0.5813
vn 0.5926 0.4933 -0.6368
vn 0.5925 0.4933 -0.6368
vn 0.7204 -0.3406 0.6041
vn 0.7204 -0.3406 0.6042
vn 0.7204 -0.3409 0.6040
vn -0.2179 0.7730 -0.5958
vn -0.2178 0.7730 -0.5959
vn -0.2181 0.7730 -0.5957
vn 0.1497 0.7536 -0.6400
vn 0.1498 0.7535 -0.6401
vn 0.1497 0.7535 -0.6401
vn -0.3500 0.7061 -0.6156
vn -0.3498 0.7061 -0.6157
vn 0.0393 0.7146 -0.6984
vn 0.0394 0.7146 -0.6985
vn -0.0562 0.5889 -0.8063
vn -0.0562 0.5888 -0.8063
vn -0.1361 0.4511 -0.8820
vn -0.1737 0.4009 -0.8995
vn -0.6056 -0.7237 0.3310
vn -0.6055 -0.7238 0.3308
vn -0.1383 0.9791 -0.1489
vn 0.6421 0.7478 -0.1687
vn -0.1394 0.9876 -0.0717
vn 0.7960 -0.2734 0.5400
vn 0.0456 0.4010 -0.9150
vn 0.7781 0.6196 -0.1034
vn 0.7780 0.6197 -0.1034
vn 0.0043 -0.9883 0.1525
vn 0.0023 -0.9883 0.1525
vn 0.0035 -0.9883 0.1525
vn 0.0026 -0.9883 0.1526
vn 0.0044 -0.9974 0.0724
vn 0.0023 -0.9974 0.0724
vn 0.0035 -0.9974 0.0724
vn 0.0808 0.9228 -0.3767
vn 0.0807 0.9228 -0.3766
vn 0.0105 0.2269 -0.9739
vn 0.0075 0.2372 -0.9714
vn 0.0074 0.2371 -0.9715
vn -0.0031 0.8740 -0.4858
vn -0.0028 0.1343 -0.9909
vn 0.2242 0.9599 -0.1685
vn 0.2233 0.9674 -0.1195
vn 0.2235 0.9674 -0.1194
vn -0.0679 0.2473 -0.9665
vn -0.0680 0.2473 -0.9666
vn -0.0011 0.2347 -0.9721
vn -0.0011 0.2350 -0.9720
vn 0.6092 0.7499 -0.2579
vn 0.6095 0.7498 -0.2577
vn 0.6094 0.7498 -0.2578
vn -0.2147 0.9706 -0.1087
vn -0.2148 0.9706 -0.1087
vn -0.2674 0.9576 -0.1072
vn -0.1985 0.8974 -0.3941
vn -0.1612 0.8895 -0.4275
vn -0.0013 0.2389 -0.9710
vn -0.0012 0.2362 -0.9717
vn -0.0011 0.2382 -0.9712
vn -0.0013 0.2391 -0.9710
vn -0.4890 0.8691 -0.0741
vn -0.4888 0.8692 -0.0742
vn -0.4887 0.8693 -0.0742
vn 0.3926 0.8887 -0.2370
vn 0.3927 0.8886 -0.2369
vn 0.3926 0.8887 -0.2369
vn 0.8793 -0.4713 -0.0687
vn 0.8794 -0.4711 -0.0688
vn 0.8796 -0.4708 -0.0690
vn -0.4965 0.8547 -0.1517
vn -0.4548 0.8706 -0.1879
vn -0.5352 0.8424 -0.0623
vn -0.5351 0.8425 -0.0623
vn -0.5183 0.8523 -0.0701
vn 0.0247 0.1829 -0.9828
vn 0.0478 0.1256 -0.9909
vn 0.0479 0.1256 -0.9909
vn -0.6844 -0.7284 0.0302
vn -0.6843 -0.7286 0.0304
vn -0.6843 -0.7285 0.0303
vn -0.0383 0.1562 -0.9870
vn -0.0359 0.1435 -0.9890
vn -0.1366 0.1780 -0.9745
vn -0.1376 0.1776 -0.9744
vn -0.1373 0.1777 -0.9745
vn -0.5435 0.8350 -0.0862
vn -0.5432 0.8352 -0.0863
vn -0.5433 0.8351 -0.0863
vn 0.2756 -0.9612 0.0048
vn 0.2798 -0.9600 0.0048
vn 0.2800 -0.9600 0.0048
vn 0.2839 -0.9588 0.0048
vn 0.2844 -0.9587 0.0049
vn 0.2762 -0.9607 0.0266
vn 0.2802 -0.9596 0.0269
vn 0.1394 0.9650 -0.2223
vn 0.1393 0.9650 -0.2223
vn -0.7423 0.6674 -0.0588
vn -0.7423 0.6675 -0.0588
vn -0.7424 0.6674 -0.0588
vn 0.1477 -0.9890 0.0051
vn 0.1448 -0.9894 0.0051
vn 0.1451 -0.9894 0.0051
vn 0.1529 -0.9878 0.0282
vn 0.1480 -0.9886 0.0273
vn 0.1428 -0.9894 0.0264
vn 0.1519 -0.9880 -0.0280
vn 0.1506 -0.9882 -0.0280
vn 0.1521 -0.9880 -0.0282
vn 0.1549 -0.9879 0.0047
vn 0.1526 -0.9883 0.0049
vn 0.1527 -0.9883 0.0049
vn 0.1475 -0.9891 0.0050
vn 0.1232 -0.9924 0.0048
vn 0.1231 -0.9924 0.0049
vn 0.1475 -0.9887 0.0284
vn 0.1515 -0.9881 0.0283
vn 0.1512 -0.9881 0.0283
vn 0.1477 -0.9886 -0.0279
vn 0.1462 -0.9889 -0.0280
vn 0.1479 -0.9779 -0.1478
vn 0.1479 -0.9779 -0.1479
vn 0.1478 -0.9779 -0.1479
vn -0.9671 -0.2404 -0.0837
vn -0.9670 -0.2405 -0.0837
vn 0.0173 0.9750 -0.2216
vn 0.0170 0.9749 -0.2218
vn 0.0170 0.9750 -0.2218
vn 0.9541 -0.1784 -0.2404
vn 0.9541 -0.1785 -0.2405
vn 0.9542 -0.1783 -0.2403
vn 0.0962 -0.0663 -0.9932
vn 0.0029 -0.0758 -0.9971
vn 0.0030 -0.0758 -0.9971
vn 0.0725 -0.0768 -0.9944
vn 0.0538 -0.0619 -0.9966
vn 0.0538 -0.0618 -0.9966
vn 0.0539 -0.0618 -0.9966
vn 0.0396 -0.0480 -0.9981
vn 0.0361 -0.0511 -0.9980
vn 0.0370 -0.0503 -0.9980
vn 0.0404 -0.0473 -0.9981
vn 0.0820 -0.0532 -0.9952
vn 0.0833 -0.0542 -0.9951
vn 0.0829 -0.0539 -0.9951
vn 0.4086 -0.9123 0.0288
vn -0.0605 0.9737 -0.2195
vn -0.0604 0.9738 -0.2194
vn -0.0604 0.9737 -0.2195
vn 0.0325 -0.0663 -0.9973
vn 0.8627 -0.4999 -0.0770
vn 0.8625 -0.5002 -0.0767
vn 0.8626 -0.5000 -0.0768
vn -0.8767 -0.4660 0.1194
vn -0.8766 -0.4661 0.1195
vn -0.8768 -0.4659 0.1193
vn -0.0005 -0.1132 -0.9936
vn 0.0089 -0.1061 -0.9943
vn 0.0029 -0.1137 -0.9935
vn -0.0015 -0.1131 -0.9936
vn -0.0014 -0.1131 -0.9936
vn -0.0075 -0.0972 -0.9952
vn -0.0074 -0.0972 -0.9952
vn -0.1698 0.9630 -0.2093
vn -0.1698 0.9630 -0.2094
vn -0.0860 -0.9880 -0.1287
vn -0.0864 -0.9879 -0.1290
vn -0.0861 -0.9879 -0.1288
vn -0.0236 -0.0293 -0.9993
vn -0.0228 -0.0299 -0.9993
vn -0.4377 0.8805 -0.1820
vn 0.2499 -0.9399 -0.2325
vn 0.0002 -0.0229 -0.9997
vn 0.0006 -0.0229 -0.9997
vn 0.0002 -0.0228 -0.9997
vn -0.0000 -0.0227 -0.9997
vn -0.0000 -0.0228 -0.9997
vn 0.0069 -0.0259 -0.9996
vn -0.0013 -0.0237 -0.9997
vn 0.0077 -0.0265 -0.9996
vn -0.0002 -0.0228 -0.9997
vn -0.0005 -0.0228 -0.9997
vn -0.0009 -0.0229 -0.9997
vn -0.0006 -0.0233 -0.9997
vn -0.0008 -0.0231 -0.9997
vn -0.0009 -0.0234 -0.9997
vn -0.0005 -0.0236 -0.9997
vn 0.0080 -0.0262 -0.9996
vn 0.0254 -0.0218 -0.9994
vn -0.0055 -0.0172 -0.9998
vn -0.0055 -0.0173 -0.9998
vn 0.8686 0.3524 -0.3483
vn -0.4106 0.6639 -0.6251
vn -0.4107 0.6638 -0.6250
vn -0.4108 0.6638 -0.6250
vn 0.5931 -0.5070 0.6254
vn -0.5116 0.5694 -0.6435
vn -0.5117 0.5693 -0.6435
vn -0.5115 0.5694 -0.6435
vn -0.0185 0.0393 -0.9991
vn -0.0224 0.0305 -0.9993
vn -0.0155 0.0368 -0.9992
vn 0.6632 0.6257 -0.4107
vn -0.0078 0.0584 -0.9983
vn -0.0180 0.0410 -0.9990
vn -0.0132 0.0546 -0.9984
vn -0.6010 0.4535 -0.6581
vn -0.6012 0.4534 -0.6580
vn 0.0146 0.0671 -0.9976
vn -0.0064 0.0632 -0.9980
vn 0.0091 0.0666 -0.9977
vn 0.0268 0.0660 -0.9975
vn 0.0209 0.0666 -0.9976
vn 0.0274 0.0657 -0.9975
vn 0.0471 0.0501 -0.9976
vn 0.0407 0.0579 -0.9975
vn 0.0442 0.0531 -0.9976
vn 0.0526 0.0421 -0.9977
vn 0.0486 0.0486 -0.9976
vn 0.0583 0.0365 -0.9976
vn 0.0561 0.0341 -0.9978
vn 0.0583 0.0362 -0.9976
vn 0.6389 0.6115 -0.4667
vn 0.6391 0.6114 -0.4666
vn 0.0863 0.0657 -0.9941
vn 0.0894 0.0590 -0.9942
vn 0.0893 0.0583 -0.9943
vn 0.0086 0.9999 -0.0109
vn 0.0084 0.9999 -0.0109
vn 0.5613 -0.8258 0.0542
vn 0.5572 -0.8286 0.0544
vn 0.5574 -0.8284 0.0551
vn -1.0000 -0.0019 -0.0083
vn -1.0000 -0.0002 -0.0087
vn -1.0000 -0.0009 -0.0085
vn 0.3219 -0.9344 -0.1523
vn 0.3216 -0.9346 -0.1521
vn 0.3218 -0.9345 -0.1522
vn 0.2722 -0.9232 -0.2711
vn 0.2756 -0.9225 -0.2703
vn 0.2753 -0.9226 -0.2703
vn -0.4561 0.8874 -0.0675
vn -0.4560 0.8874 -0.0676
vn -0.4562 0.8873 -0.0675
vn 0.6031 -0.7761 -0.1841
vn 0.6034 -0.7759 -0.1840
vn 0.6035 -0.7758 -0.1844
vn 0.8064 0.5237 -0.2748
vn 0.8064 0.5236 -0.2748
vn -0.4291 0.9011 -0.0623
vn -0.4292 0.9011 -0.0622
vn -0.4961 -0.8675 -0.0362
vn -0.4958 -0.8677 -0.0359
vn -0.4959 -0.8676 -0.0360
vn 0.9355 0.2289 -0.2693
vn 0.9355 0.2291 -0.2691
vn 0.9355 0.2289 -0.2692
vn -0.6003 0.7953 -0.0846
vn -0.6002 0.7953 -0.0847
vn -0.6003 0.7953 -0.0847
vn 0.2719 -0.9233 -0.2713
vn 0.2724 -0.9231 -0.2715
vn 0.9605 0.0960 -0.2613
vn 0.9605 0.0961 -0.2612
vn -0.9322 -0.2211 0.2864
vn -0.9322 -0.2212 0.2864
vn -0.9322 -0.2212 0.2863
vn 0.6169 -0.7757 -0.1330
vn 0.6169 -0.7757 -0.1329
vn 0.6170 -0.7757 -0.1330
vn -0.8202 0.5622 -0.1058
vn -0.8198 0.5623 -0.1083
vn -0.8200 0.5625 -0.1058
vn 0.3134 -0.9442 -0.1014
vn 0.3135 -0.9442 -0.1015
vn -0.7869 0.6062 -0.1153
vn -0.7869 0.6063 -0.1152
vn -0.1560 -0.9813 -0.1125
vn -0.1561 -0.9813 -0.1126
vn -0.8006 0.5871 -0.1198
vn -0.8005 0.5873 -0.1196
vn -0.8005 0.5872 -0.1197
vn -0.9646 -0.0988 0.2444
vn 0.7800 -0.6170 -0.1045
vn 0.7798 -0.6173 -0.1043
vn -0.6972 0.7026 -0.1424
vn -0.6971 0.7027 -0.1423
vn 0.6262 -0.7781 0.0496
vn 0.6262 -0.7781 0.0497
vn 0.6261 -0.7781 0.0497
vn 0.7705 -0.2423 0.5896
vn -0.7164 0.3012 -0.6293
vn -0.7163 0.3013 -0.6294
vn 0.0206 0.8277 -0.5608
vn 0.0205 0.8277 -0.5607
vn 0.6564 -0.6485 0.3855
vn 0.6563 -0.6485 0.3855
vn 0.1818 0.8232 -0.5379
vn 0.1819 0.8231 -0.5379
vn -0.6955 0.2714 -0.6653
vn -0.6954 0.2715 -0.6654
vn -0.6953 0.2715 -0.6655
vn 0.3185 0.7928 -0.5196
vn 0.3184 0.7929 -0.5196
vn -0.7562 0.2667 -0.5976
vn -0.7561 0.2668 -0.5976
vn -0.7942 -0.5112 0.3286
vn -0.7941 -0.5113 0.3286
vn 0.3235 -0.6893 0.6482
vn 0.5023 0.7068 -0.4981
vn 0.5024 0.7067 -0.4983
vn 0.8842 -0.3039 -0.3547
vn 0.6011 0.6299 -0.4918
vn 0.6011 0.6300 -0.4918
vn 0.6011 0.6299 -0.4919
vn 0.6878 0.5351 -0.4905
vn 0.6878 0.5351 -0.4906
vn 0.6876 0.5352 -0.4907
vn -0.7110 -0.5595 0.4260
vn 0.8617 -0.2710 -0.4290
vn 0.8617 -0.2710 -0.4289
vn -0.8166 0.0688 -0.5731
vn -0.8166 0.0689 -0.5731
vn 0.5102 -0.5656 0.6479
vn 0.7346 0.4643 -0.4948
vn 0.7348 0.4642 -0.4947
vn -0.9735 -0.1741 0.1483
vn -0.9735 -0.1740 0.1483
vn -0.9021 -0.4287 -0.0500
vn -0.1213 0.0225 -0.9924
vn 0.7067 0.4500 -0.5459
vn 0.7068 0.4500 -0.5459
vn 0.5706 -0.6109 -0.5489
vn 0.5706 -0.6108 -0.5489
vn -0.8756 -0.1469 -0.4601
vn -0.7670 -0.6036 -0.2178
vn -0.7670 -0.6036 -0.2179
vn 0.6615 0.5143 -0.5458
vn 0.6615 0.5142 -0.5459
vn 0.0595 0.0309 -0.9977
vn -0.8049 0.3144 -0.5034
vn -0.8049 0.3145 -0.5032
vn -0.8050 0.3146 -0.5030
vn 0.5755 0.6030 -0.5524
vn 0.4806 0.6760 -0.5587
vn 0.4806 0.6759 -0.5587
vn 0.4806 0.6759 -0.5588
vn 0.4210 -0.7332 -0.5341
vn 0.4210 -0.7332 -0.5340
vn -0.8305 -0.5348 -0.1557
vn -0.7007 0.2232 -0.6776
vn -0.7007 0.2232 -0.6777
vn 0.3063 0.7628 -0.5694
vn 0.3063 0.7629 -0.5694
vn 0.3063 0.7629 -0.5693
vn 0.1766 0.7993 -0.5744
vn 0.1694 -0.8822 0.4394
vn 0.1695 -0.8821 0.4394
vn 0.0201 0.8162 -0.5774
vn 0.0201 0.8163 -0.5773
vn 0.0202 0.8161 -0.5775
vn 0.6052 0.5853 -0.5395
vn 0.6052 0.5853 -0.5396
vn -0.7224 0.3266 -0.6094
vn -0.6717 0.5072 -0.5399
vn -0.6717 0.5071 -0.5400
vn 0.6554 0.5169 -0.5508
vn 0.6554 0.5169 -0.5507
vn 0.6555 0.5169 -0.5507
vn -0.5559 0.6186 -0.5552
vn -0.5559 0.6187 -0.5551
vn 0.6523 -0.5574 -0.5136
vn 0.6523 -0.5576 -0.5135
vn -0.4356 0.7018 -0.5637
vn -0.4356 0.7017 -0.5638
vn -0.4355 0.7019 -0.5636
vn -0.6393 -0.7689 0.0038
vn -0.6395 -0.7688 0.0039
vn -0.3663 0.7371 -0.5679
vn -0.3664 0.7370 -0.5679
vn -0.2225 0.7879 -0.5742
vn -0.2226 0.7878 -0.5743
vn 0.8038 -0.3993 -0.4410
vn -0.1187 0.8079 -0.5772
vn -0.6844 -0.7289 -0.0152
vn -0.6844 -0.7290 -0.0153
vn 0.4731 -0.8284 -0.2999
vn -0.7019 0.6977 0.1433
vn -0.7020 0.6976 0.1434
vn 0.7393 -0.5784 -0.3448
vn 0.7393 -0.5783 -0.3449
vn -0.8693 -0.1189 -0.4798
vn -0.8695 -0.1193 -0.4792
vn -0.8694 -0.1191 -0.4795
vn -0.8018 0.5805 0.1415
vn -0.8019 0.5805 0.1416
vn -0.1237 -0.8568 -0.5006
vn -0.7870 0.5993 0.1465
vn -0.7871 0.5992 0.1463
vn -0.7871 0.5992 0.1464
vn 0.1242 -0.8204 -0.5581
vn 0.1222 -0.8208 -0.5580
vn 0.1242 -0.8206 -0.5579
vn -0.8169 0.5546 0.1585
vn -0.8176 0.5549 0.1539
vn -0.8175 0.5549 0.1541
vn 0.5754 -0.7147 -0.3977
vn -0.8973 -0.2201 -0.3827
vn -0.8973 -0.2201 -0.3828
vn -0.8973 -0.2200 -0.3827
vn 0.8703 0.0878 0.4847
vn 0.8702 0.0878 0.4848
vn 0.3406 -0.8129 -0.4725
vn 0.3407 -0.8129 -0.4724
vn -0.5990 0.7946 0.0995
vn -0.5993 0.7944 0.0988
vn -0.5990 0.7946 0.0994
vn 0.8590 0.2130 0.4656
vn 0.8589 0.2131 0.4658
vn 0.8589 0.2131 0.4657
vn -0.4167 -0.7490 -0.5151
vn -0.4166 -0.7490 -0.5152
vn -0.4166 -0.7490 -0.5151
vn -0.4288 0.9028 0.0334
vn -0.4284 0.9029 0.0340
vn -0.4285 0.9029 0.0339
vn 0.7609 0.5022 0.4108
vn 0.7609 0.5022 0.4109
vn 0.5735 -0.7400 -0.3515
vn 0.5734 -0.7400 -0.3515
vn -0.4563 0.8888 0.0441
vn -0.4561 0.8888 0.0443
vn 0.2328 -0.7811 -0.5794
vn 0.2330 -0.7812 -0.5791
vn 0.2925 -0.8374 -0.4618
vn 0.2927 -0.8371 -0.4621
vn 0.1222 -0.8207 -0.5582
vn 0.1218 -0.8206 -0.5583
vn -0.4469 0.8802 0.1597
vn -0.4470 0.8802 0.1597
vn -0.0716 -0.8603 -0.5047
vn -0.0715 -0.8603 -0.5048
vn -0.1756 0.9685 0.1763
vn -0.1757 0.9685 0.1765
vn -0.1756 0.9685 0.1764
vn -0.7618 -0.4096 -0.5020
vn -0.7618 -0.4096 -0.5019
vn 0.8231 -0.4737 -0.3131
vn 0.8232 -0.4737 -0.3131
vn 0.8231 -0.4737 -0.3130
vn -0.0648 0.9815 0.1804
vn -0.0648 0.9814 0.1805
vn 0.2158 -0.8259 -0.5208
vn 0.2159 -0.8259 -0.5208
vn 0.7979 -0.1663 0.5793
vn 0.7980 -0.1663 0.5793
vn 0.0244 0.9808 0.1936
vn 0.0244 0.9808 0.1935
vn -0.9980 -0.0000 0.0627
vn 0.1351 -0.8651 -0.4831
vn -0.7437 0.6664 0.0529
vn -0.7438 0.6664 0.0528
vn 0.1496 0.9612 0.2318
vn 0.1497 0.9612 0.2318
vn -0.5435 0.8345 0.0910
vn -0.5826 -0.6316 -0.5116
vn 0.8327 -0.4909 -0.2562
vn 0.8327 -0.4910 -0.2561
vn 0.8327 -0.4909 -0.2561
vn 0.3866 0.8727 0.2982
vn 0.3865 0.8727 0.2982
vn -0.4890 0.8703 0.0595
vn -0.4888 0.8704 0.0597
vn 0.5830 0.7326 0.3514
vn 0.0534 -0.9876 0.1478
vn 0.5643 -0.8163 0.1233
vn 0.5607 -0.8187 0.1238
vn 0.5641 -0.8165 0.1235
vn 0.0064 -0.9745 0.2245
vn 0.9795 -0.0668 -0.1902
vn 0.9795 -0.0668 -0.1903
vn 0.0239 -0.9885 0.1495
vn 0.0240 -0.9885 0.1495
vn 0.6698 -0.7400 -0.0612
vn 0.6699 -0.7400 -0.0612
vn -1.0000 0.0019 -0.0082
vn -1.0000 0.0017 -0.0083
vn -1.0000 0.0018 -0.0083
vn -1.0000 -0.0000 -0.0000
vn 0.8105 0.3598 -0.4622
vn 0.6922 0.3493 -0.6315
vn 0.6922 0.3493 -0.6316
vn 0.5683 0.5168 -0.6403
vn 0.5682 0.5168 -0.6404
vn 0.4400 0.6436 -0.6262
vn 0.3165 0.7121 -0.6267
vn 0.1023 0.7466 -0.6574
vn 0.1023 0.7465 -0.6574
vn 0.0013 0.6604 -0.7509
vn -0.0620 0.5194 -0.8523
vn -0.0620 0.5195 -0.8522
vn 0.0867 0.1485 -0.9851
vn 0.0869 0.1484 -0.9851
vn -0.0029 0.1495 -0.9888
vn -0.0020 0.1262 -0.9920
vn 0.0099 0.1130 -0.9935
vn 0.0105 0.1124 -0.9936
vn 0.0106 0.1124 -0.9936
vn 0.0111 0.1117 -0.9937
vn 0.0104 0.1112 -0.9937
vn 0.0100 0.1094 -0.9940
vn 0.0097 0.1095 -0.9939
vn 0.0096 0.1095 -0.9939
vn 0.0960 0.1098 -0.9893
vn 0.0002 0.1109 -0.9938
vn -0.0003 0.1111 -0.9938
vn -0.0069 0.1134 -0.9935
vn -0.0077 0.1137 -0.9935
vn -0.0123 0.1114 -0.9937
vn -0.0132 0.1119 -0.9936
vn -0.0226 0.1153 -0.9931
vn -0.0336 0.1249 -0.9916
vn -0.0282 0.1283 -0.9913
vn -0.0276 0.1288 -0.9913
vn -0.0275 0.1288 -0.9913
vn 0.1126 0.0684 -0.9913
vn -0.0357 0.1425 -0.9891
vn -0.0379 0.1537 -0.9874
vn -0.1364 0.1783 -0.9745
vn -0.1369 0.1788 -0.9743
vn -0.1368 0.1787 -0.9743
vn -0.1771 0.1850 -0.9666
vn -0.1772 0.1850 -0.9666
vn -0.2028 0.1943 -0.9598
vn -0.2028 0.1942 -0.9598
vn -0.2843 0.2127 -0.9348
vn -0.3441 0.2333 -0.9095
vn -0.3442 0.2333 -0.9095
vn -0.5228 0.2660 -0.8099
vn -0.5229 0.2659 -0.8099
vn -0.8919 0.2028 -0.4041
vn 0.0148 -0.0482 -0.9987
vn 0.1088 -0.0767 -0.9911
vn 0.1087 -0.0767 -0.9911
vn 0.0229 -0.0892 -0.9958
vn 0.0098 -0.1047 -0.9945
vn 0.0048 -0.1123 -0.9937
vn -0.0140 -0.0673 -0.9976
vn -0.0187 -0.0440 -0.9989
vn -0.0244 -0.0279 -0.9993
vn -0.0303 -0.0197 -0.9993
vn -0.0727 -0.0069 -0.9973
vn -0.0726 -0.0069 -0.9973
vn -0.0001 -0.0227 -0.9997
vn -0.0009 -0.0230 -0.9997
vn -0.0007 -0.0231 -0.9997
vn -0.0002 -0.0230 -0.9997
vn 0.0290 0.0094 -0.9995
vn 0.9257 -0.3783 0.0050
vn 0.9523 -0.2995 0.0585
vn -0.0199 0.0234 -0.9995
vn -0.0259 0.0247 -0.9994
vn -0.0212 0.0232 -0.9995
vn -0.0196 0.0238 -0.9995
vn -0.0124 0.0338 -0.9994
vn -0.0079 0.0490 -0.9988
vn -0.0051 0.0542 -0.9985
vn 0.0272 0.0650 -0.9975
vn 0.0488 0.0470 -0.9977
vn 0.0673 0.0553 -0.9962
vn 0.0662 0.0610 -0.9959
vn 0.0672 0.0563 -0.9961
vn 0.6060 -0.7865 0.1192
vn 0.5978 -0.7926 0.1201
vn 0.6020 -0.7895 0.1200
vn 0.6043 -0.7952 0.0498
vn 0.6085 -0.7920 0.0499
vn 0.6099 -0.7910 0.0484
vn 0.6159 -0.7789 0.1180
vn 0.6117 -0.7821 0.1193
vn 0.6154 -0.7793 0.1185
vn 0.6141 -0.7803 0.1183
vn 0.5604 -0.8190 0.1237
vn 0.5564 -0.8216 0.1240
vn 0.5577 -0.8208 0.1238
vn 0.5582 -0.8204 0.1239
vn 0.0460 -0.9880 0.1478
vn 0.0480 -0.9878 0.1478
vn 0.0462 -0.9879 0.1478
vn 0.0482 -0.9878 0.1479
vn 0.0499 -0.9878 0.1478
vn 0.1474 -0.9887 0.0283
vn 0.1455 -0.9890 0.0283
vn 0.1451 -0.9890 0.0282
vn 0.1459 -0.9889 0.0283
vn 0.1477 -0.9886 0.0284
vn 0.1508 -0.9882 0.0283
vn 0.1507 -0.9882 0.0283
vn 0.1476 -0.9886 0.0284
vn 0.2792 -0.9599 0.0265
vn 0.2819 -0.9591 0.0271
vn 0.2822 -0.9590 0.0273
vn 0.2785 -0.9601 0.0264
vn -0.1900 0.8601 -0.4735
vn -0.1889 0.8539 -0.4849
vn -0.1903 0.8602 -0.4730
vn -0.1886 0.8542 -0.4845
vn -0.1005 0.8685 -0.4854
vn -0.1001 0.8652 -0.4913
vn -0.1009 0.8718 -0.4794
vn -0.1010 0.8716 -0.4796
vn 0.0355 0.8163 -0.5766
vn 0.1345 0.9308 -0.3399
vn -0.0026 0.9156 -0.4021
vn -0.0034 0.8763 -0.4818
vn 0.0621 0.7850 -0.6164
vn 0.0621 0.7850 -0.6163
vn 0.0661 0.8792 -0.4719
vn 0.0660 0.8792 -0.4718
vn 0.0017 -0.9883 0.1525
vn 0.0020 -0.9883 0.1526
vn 0.9270 0.3751 -0.0000
vn 0.4003 0.8633 -0.3074
vn 0.4003 0.8633 -0.3073
vn 0.5907 0.7982 -0.1183
vn 0.5906 0.7982 -0.1183
vn -0.0220 0.0238 -0.9995
vn -0.1395 0.9876 -0.0717
vn 0.8419 0.5303 -0.1000
vn 0.8418 0.5304 -0.1001
vn -0.0812 0.0273 -0.9963
vn 0.0736 0.9860 -0.1500
vn 0.9088 0.4127 -0.0615
vn 0.9073 0.4161 -0.0610
vn 0.9086 0.4131 -0.0614
vn 0.9091 0.4121 -0.0613
vn 0.1896 0.8512 -0.4894
vn 0.2510 0.9410 -0.2270
vn 0.2509 0.9410 -0.2270
vn 0.0624 0.7710 -0.6338
vn 0.0624 0.7711 -0.6336
vn 0.0624 0.7711 -0.6337
vn 0.0878 0.8973 -0.4326
vn 0.0372 0.8597 -0.5094
vn -0.0044 0.8763 -0.4818
vn -0.0025 0.8763 -0.4818
vn 0.9196 0.3893 -0.0518
vn 0.9154 0.3990 -0.0527
vn 0.9195 0.3897 -0.0513
vn 0.9152 0.3994 -0.0531
vn 0.9056 0.4196 -0.0614
vn 0.9059 0.4191 -0.0614
vn 0.9753 0.2184 -0.0323
vn 0.9753 0.2183 -0.0324
vn 0.9753 0.2185 -0.0323
vn 0.6139 -0.7803 0.1193
vn 0.6165 -0.7784 0.1186
vn 0.6139 -0.7804 0.1189
vn 0.6164 -0.7784 0.1191
vn -0.9615 -0.2716 0.0418
vn -0.9615 -0.2716 0.0411
vn -0.9616 -0.2715 0.0416
vn -0.9614 -0.2721 0.0415
vn -0.9614 -0.2720 0.0412
vn -0.8205 -0.5653 0.0844
vn -0.8207 -0.5652 0.0841
vn -0.8208 -0.5650 0.0843
vn -0.8204 -0.5656 0.0845
vn -0.8204 -0.5655 0.0843
vn -0.6376 -0.7617 0.1154
vn -0.6350 -0.7638 0.1158
vn -0.6348 -0.7640 0.1157
vn -0.6395 -0.7601 0.1152
vn -0.6362 -0.7628 0.1160
vn 0.2335 -0.9643 0.1248
vn 0.2941 -0.9487 0.1159
vn -0.9903 -0.1375 0.0200
vn -0.9904 -0.1369 0.0202
vn -0.9904 -0.1369 0.0201
vn -0.9902 -0.1379 0.0201
vn -0.9903 -0.1377 0.0198
vn -0.8734 -0.4826 0.0648
vn -0.8757 -0.4787 0.0639
vn -0.8757 -0.4786 0.0639
vn -0.8733 -0.4829 0.0644
vn -0.8756 -0.4788 0.0642
vn -0.6597 -0.7463 0.0879
vn -0.6663 -0.7406 0.0873
vn -0.6596 -0.7465 0.0880
vn -0.6661 -0.7407 0.0872
vn -0.4673 -0.8799 0.0863
vn -0.4672 -0.8799 0.0863
vn -0.4537 -0.8869 0.0870
vn -0.4536 -0.8869 0.0870
vn -0.1151 -0.9905 0.0748
vn -0.0948 -0.9927 0.0749
vn -0.0764 -0.9951 0.0626
vn -0.0778 -0.9950 0.0625
vn -0.0779 -0.9950 0.0626
vn -0.0750 -0.9952 0.0627
vn -0.0763 -0.9951 0.0625
vn 0.1596 -0.9854 0.0593
vn 0.1606 -0.9853 0.0588
vn 0.1592 -0.9855 0.0588
vn 0.1620 -0.9850 0.0589
vn 0.3330 -0.9414 0.0536
vn 0.3340 -0.9411 0.0531
vn 0.3328 -0.9415 0.0532
vn 0.3344 -0.9409 0.0538
vn 0.3357 -0.9405 0.0534
vn 0.6315 -0.7743 0.0398
vn 0.6333 -0.7729 0.0397
vn 0.6333 -0.7729 0.0396
vn 0.6353 -0.7712 0.0399
vn 0.7918 -0.6102 0.0264
vn 0.7933 -0.6083 0.0261
vn 0.7917 -0.6103 0.0261
vn 0.7933 -0.6082 0.0261
vn 0.7950 -0.6060 0.0262
vn 0.8697 -0.4933 0.0161
vn 0.8708 -0.4914 0.0159
vn 0.8697 -0.4933 0.0160
vn 0.8709 -0.4913 0.0160
vn 0.8720 -0.4893 0.0158
vn 0.8359 -0.5487 0.0145
vn 0.8359 -0.5487 0.0144
vn 0.8357 -0.5489 0.0142
vn 0.8360 -0.5485 0.0146
vn 0.8362 -0.5482 0.0146
vn 0.6112 -0.7912 0.0212
vn 0.6111 -0.7913 0.0213
vn 0.6109 -0.7914 0.0211
vn 0.6105 -0.7917 0.0211
vn 0.0005 -0.9881 0.1539
vn 0.0014 -0.9881 0.1536
vn 0.0003 -0.9881 0.1536
vn 0.0012 -0.9881 0.1538
vn 0.2848 -0.9582 0.0273
vn 0.2848 -0.9582 0.0274
vn -0.1001 0.8653 -0.4911
vn -0.0592 0.8746 -0.4812
vn -0.0586 0.8681 -0.4930
vn -0.0591 0.8747 -0.4810
vn -0.0587 0.8681 -0.4928
vn 0.6182 -0.7842 0.0529
vn 0.5655 -0.8230 0.0540
vn 0.2392 0.9620 -0.1318
vn 0.2392 0.9620 -0.1317
vn 0.7211 0.6738 -0.1611
vn 0.0157 0.3574 -0.9338
vn -0.1030 0.6580 -0.7459
vn 0.9131 0.4069 -0.0269
vn 0.9131 0.4068 -0.0270
vn -0.6506 -0.7575 0.0543
vn -0.8227 -0.5671 0.0394
vn -0.8228 -0.5670 0.0394
vn 0.0481 -0.9965 0.0677
vn 0.6021 -0.7967 0.0517
vn 0.6025 -0.7964 0.0523
vn 0.9756 0.2193 -0.0136
vn 0.9756 0.2192 -0.0137
vn 0.9055 0.4236 -0.0258
vn 0.9055 0.4236 -0.0257
vn 0.9033 0.4281 -0.0272
vn 0.1797 0.9770 -0.1148
vn 0.1797 0.9770 -0.1147
vn 0.2390 0.9597 -0.1477
vn 0.2391 0.9597 -0.1477
vn 0.2849 -0.9582 -0.0273
vn 0.2849 -0.9582 -0.0274
vn -0.0002 -0.9176 -0.3975
vn 0.0001 -0.9176 -0.3976
vn -0.0006 -0.9175 -0.3978
vn 0.5844 -0.7558 -0.2954
vn 0.5845 -0.7556 -0.2956
vn 0.8171 -0.5369 -0.2100
vn 0.8171 -0.5369 -0.2101
vn 0.8171 -0.5368 -0.2102
vn 0.8528 -0.4873 -0.1877
vn 0.8529 -0.4872 -0.1878
vn 0.7698 -0.5977 -0.2240
vn 0.7698 -0.5977 -0.2239
vn 0.7698 -0.5976 -0.2240
vn 0.6055 -0.7473 -0.2736
vn 0.6056 -0.7473 -0.2737
vn 0.3137 -0.8932 -0.3222
vn 0.3140 -0.8929 -0.3228
vn 0.3138 -0.8930 -0.3225
vn 0.1487 -0.9311 -0.3331
vn 0.1490 -0.9308 -0.3337
vn 0.1488 -0.9310 -0.3333
vn -0.0754 -0.9398 -0.3334
vn -0.0753 -0.9398 -0.3333
vn -0.1220 -0.9391 -0.3213
vn -0.1221 -0.9391 -0.3213
vn -0.4601 -0.8457 -0.2702
vn -0.4601 -0.8457 -0.2703
vn -0.6572 -0.7220 -0.2163
vn -0.6572 -0.7220 -0.2164
vn -0.8710 -0.4725 -0.1342
vn -0.8710 -0.4725 -0.1343
vn -0.9900 -0.1365 -0.0368
vn -0.9900 -0.1362 -0.0373
vn -0.9900 -0.1363 -0.0372
vn 0.0309 -0.9895 -0.1412
vn -0.0752 0.6301 -0.7729
vn -0.6337 -0.7648 0.1159
vn -0.8209 -0.5649 0.0842
vn -0.9551 -0.2797 -0.0982
vn -0.0003 -0.9171 -0.3988
vn 0.6129 -0.7811 0.1194
vn 0.6129 -0.7811 0.1190
vn 0.9396 0.2587 -0.2241
vn 0.8494 0.4245 -0.3135
vn 0.6944 0.6019 -0.3944
vn 0.7011 0.5971 -0.3898
vn 0.5098 0.7537 -0.4148
vn 0.5098 0.7537 -0.4147
vn 0.3749 0.8221 -0.4284
vn 0.1678 0.8785 -0.4473
vn 0.0981 0.8705 -0.4822
vn 0.0979 0.8706 -0.4821
vn 0.0980 0.8706 -0.4822
vn 0.0324 0.8257 -0.5631
vn 0.0327 0.8256 -0.5633
vn 0.0326 0.8257 -0.5632
vn -0.0654 0.7531 -0.6546
vn 0.8965 0.3706 -0.2429
vn 0.0835 0.9124 -0.4007
vn 0.0817 0.8935 -0.4416
vn 0.0817 0.8935 -0.4417
vn 0.1734 0.7605 -0.6257
vn 0.8504 0.3954 -0.3470
vn 0.8504 0.3954 -0.3471
vn 0.6941 0.6022 -0.3944
vn 0.7009 0.5972 -0.3901
vn 0.1558 0.8758 -0.4569
vn 0.0859 0.8521 -0.5163
vn 0.0280 0.7921 -0.6098
vn 0.0280 0.7920 -0.6098
vn -0.3015 0.3209 -0.8978
vn -0.0688 0.7176 -0.6930
vn 0.5973 0.4718 -0.6486
vn -0.0709 0.6534 -0.7537
vn 0.1529 0.7308 -0.6653
vn 0.8565 0.3675 -0.3625
vn 0.8565 0.3676 -0.3624
vn 0.0021 -0.9171 -0.3988
vn 0.0040 -0.9170 -0.3988
vn 0.0032 -0.9171 -0.3988
vn 0.0014 -0.9171 -0.3986
vn 0.0383 0.8304 -0.5559
vn 0.3805 -0.9051 -0.1897
vn 0.3806 -0.9051 -0.1897
vn 0.1505 -0.9882 -0.0279
vn 0.0454 -0.9880 0.1479
vn 0.5561 -0.8218 0.1241
vn 0.4287 -0.8823 0.1942
vn 0.1460 -0.9889 0.0283
vn 0.1524 -0.9879 0.0282
vn -0.0617 0.9138 -0.4014
vn 0.9208 0.3898 -0.0148
vn -0.0005 -0.9173 -0.3982
vn 0.0011 -0.9171 -0.3988
vn 0.0011 -0.9882 0.1532
vn 0.0004 -0.9882 0.1531
vn 0.0023 -0.9882 0.1531
vn 0.0030 -0.9883 0.1527
vn 0.6128 -0.7811 0.1198
vn 0.6040 -0.7951 0.0551
vn 0.0659 0.0619 -0.9959
vn 0.0579 0.0368 -0.9976
vn 0.0150 0.0669 -0.9976
vn 0.0017 0.0657 -0.9978
vn -0.0132 0.0486 -0.9987
vn -0.0193 0.0321 -0.9993
vn -0.0237 0.0263 -0.9994
vn -0.0274 0.0224 -0.9994
vn -0.0219 0.0083 -0.9997
vn 0.0899 0.0582 -0.9942
vn 0.0528 0.0415 -0.9977
vn 0.0591 0.0338 -0.9977
vn 0.0412 0.0570 -0.9975
vn 0.0404 0.0580 -0.9975
vn 0.0277 0.0655 -0.9975
vn -0.0025 0.0588 -0.9983
vn 0.0096 0.0665 -0.9977
vn -0.0124 0.0410 -0.9991
vn -0.0171 0.0282 -0.9995
vn 0.6224 -0.7736 0.1187
vn 0.6223 -0.7737 0.1187
vn -0.2977 -0.4541 -0.8397
vn -0.2978 -0.4541 -0.8397
vn -0.5666 -0.0857 -0.8195
vn -0.3356 -0.0856 -0.9381
vn -0.3355 -0.0856 -0.9381
vn -0.1488 -0.0559 -0.9873
vn 0.3886 0.3025 -0.8704
vn 0.3886 0.3025 -0.8703
vn 0.2442 0.2110 -0.9465
vn 0.2441 0.2111 -0.9465
vn 0.2442 0.2111 -0.9465
vn -0.9967 0.0398 -0.0711
vn -0.6181 0.7773 -0.1175
vn -0.6169 0.7781 -0.1181
vn -0.6182 0.7772 -0.1174
vn -0.6195 0.7766 -0.1146
vn -0.6193 0.7766 -0.1154
vn -0.3974 0.8970 -0.1936
vn -0.4474 0.8806 -0.1563
vn -0.4474 0.8806 -0.1562
vn -0.9888 0.1487 -0.0135
vn -0.9888 0.1488 -0.0135
vn -0.9428 0.3326 -0.0212
vn -0.9429 0.3325 -0.0214
vn -0.9428 0.3326 -0.0213
vn -0.8589 0.5104 -0.0417
vn -0.8589 0.5104 -0.0418
vn -0.8318 0.5523 -0.0552
vn -0.8318 0.5523 -0.0553
vn -0.7593 0.6462 -0.0760
vn -0.7593 0.6463 -0.0760
vn -0.6967 0.7108 -0.0968
vn -0.6967 0.7108 -0.0967
vn -0.6023 0.7888 -0.1227
vn -0.4058 0.8860 -0.2245
vn -0.4057 0.8860 -0.2244
vn -0.4057 0.8860 -0.2245
vn -0.1300 0.9409 -0.3128
vn 0.3224 0.9449 -0.0570
vn 0.3223 0.9449 -0.0570
vn 0.0067 -0.0039 1.0000
vn 0.0069 -0.0041 1.0000
vn 0.0069 -0.0042 1.0000
vn 0.0039 -0.0049 1.0000
vn 0.0067 -0.0047 1.0000
vn 0.0066 -0.0046 1.0000
vn -0.9077 -0.4171 0.0463
vn -0.9077 -0.4172 0.0463
vn 0.0041 -0.0048 1.0000
vn 0.0050 -0.0047 1.0000
vn 0.0053 -0.0047 1.0000
vn 0.2390 0.9702 -0.0386
vn 0.2391 0.9702 -0.0386
vn -0.9776 -0.2051 0.0470
vn -0.9776 -0.2052 0.0469
vn -0.9776 -0.2052 0.0470
vn 0.0042 -0.0049 1.0000
vn 0.0097 0.2179 -0.9759
vn 0.0123 0.2199 -0.9754
vn 0.0094 0.2182 -0.9759
vn 0.0094 0.1109 -0.9938
vn 0.0097 0.1107 -0.9938
vn 0.0097 0.1100 -0.9939
vn 0.0182 0.2120 -0.9771
vn 0.0148 0.2216 -0.9750
vn 0.0278 0.2348 -0.9716
vn 0.0149 0.2219 -0.9749
vn 0.0109 0.2268 -0.9739
vn -0.0153 0.1168 -0.9930
vn -0.0153 0.1169 -0.9930
vn -0.0152 0.1168 -0.9930
vn 0.0288 0.2336 -0.9719
vn -0.0112 0.2480 -0.9687
vn -0.0238 0.1156 -0.9930
vn -0.0160 0.1167 -0.9930
vn -0.0019 0.2475 -0.9689
vn -0.0025 0.2437 -0.9698
vn -0.0018 0.2472 -0.9690
vn -0.0016 0.2393 -0.9709
vn -0.0126 0.1108 -0.9938
vn -0.0126 0.1104 -0.9938
vn -0.0123 0.1103 -0.9938
vn -0.0160 0.1110 -0.9937
vn -0.0057 0.2423 -0.9702
vn -0.0108 0.2477 -0.9688
vn -0.0057 0.2425 -0.9701
vn 0.0156 0.0725 -0.9972
vn -0.0010 0.2353 -0.9719
vn -0.6196 0.7766 -0.1145
vn -0.6195 0.7766 -0.1145
vn 0.7099 -0.6558 -0.2567
vn 0.7099 -0.6559 -0.2567
vn 0.7099 -0.6559 -0.2566
vn 0.7340 -0.6789 0.0177
vn 0.7338 -0.6791 0.0178
vn 0.7341 -0.6788 0.0179
vn 0.7342 -0.6787 0.0178
vn 0.7343 -0.6786 0.0180
vn 0.6553 -0.7075 -0.2646
vn -0.8169 0.5545 0.1587
vn -0.8202 0.5626 -0.1032
vn 0.6029 -0.7762 -0.1844
vn 0.6031 -0.7760 -0.1845
vn 0.0817 -0.0529 -0.9952
vn 0.0817 -0.0529 -0.9953
vn -0.9495 0.0012 -0.3138
vn -0.9495 0.0012 -0.3137
vn 0.9656 0.1733 0.1941
vn 0.9655 0.1733 0.1941
vn 0.9963 0.0593 0.0621
vn 0.9963 0.0592 0.0621
vn 0.9339 0.3521 0.0617
vn 0.9724 0.2332 -0.0000
vn 0.9917 0.0496 -0.1186
vn 0.8257 0.5154 -0.2291
vn 0.8005 0.5453 -0.2486
vn 0.9657 0.1768 -0.1900
vn 0.9658 0.1767 -0.1899
vn 0.9677 0.2419 -0.0710
vn 0.9677 0.2419 -0.0711
vn 0.6271 0.7685 -0.1268
vn 0.6272 0.7685 -0.1268
vn 0.9664 0.2571 -0.0000
vn 0.9698 0.2432 -0.0189
vn 0.9989 0.0196 -0.0422
vn 0.3987 0.9155 -0.0542
vn 0.9863 0.1357 -0.0939
vn 0.9863 0.1358 -0.0939
vn 0.9544 0.2680 -0.1318
vn 0.9544 0.2680 -0.1317
vn 0.9995 0.0313 -0.0011
vn 0.9995 0.0319 -0.0012
vn 0.9995 0.0312 -0.0012
vn 0.2715 0.9618 -0.0349
vn 0.2716 0.9618 -0.0349
vn 0.9517 0.3071 -0.0000
vn 0.9995 0.0307 -0.0010
vn 0.9995 0.0306 -0.0012
vn 0.6055 0.3671 -0.7061
vn 0.6056 0.3671 -0.7060
vn -0.3288 -0.0541 -0.9429
vn -0.3289 -0.0541 -0.9428
vn -0.5682 -0.0683 -0.8201
vn -0.5682 -0.0683 -0.8200
vn -0.3193 -0.1625 -0.9336
vn -0.3194 -0.1624 -0.9336
vn 0.8558 0.4038 -0.3233
vn 0.8558 0.4039 -0.3233
vn 0.0001 -0.9174 -0.3979
vn 0.9202 0.3896 -0.0370
vn 0.0031 -0.9882 0.1532
vn 0.0638 -0.9450 0.3208
vn 0.0638 -0.9449 0.3209
vn 0.0638 -0.9450 0.3207
vn 0.1105 -0.9414 0.3187
vn 0.1098 -0.9420 0.3172
vn 0.1097 -0.9420 0.3171
vn 0.2662 -0.8877 0.3756
vn 0.2617 -0.9003 0.3479
vn -0.2619 -0.9605 0.0945
vn -0.1769 -0.9777 0.1132
vn -0.1738 -0.9783 0.1125
vn -0.0906 -0.9897 0.1108
vn -0.0910 -0.9898 0.1093
vn -0.0907 -0.9898 0.1095
vn 0.0029 -0.9940 0.1093
vn 0.0027 -0.9938 0.1113
vn 0.0027 -0.9940 0.1093
vn -0.8948 -0.4455 0.0295
vn -0.8911 -0.4529 0.0292
vn -0.8911 -0.4528 0.0293
vn 0.0003 0.9976 -0.0697
vn 0.0008 0.9974 -0.0719
vn 0.0004 0.9974 -0.0718
vn 0.3794 0.9252 -0.0014
vn 0.3793 0.9253 -0.0014
vn 0.9936 0.1128 0.0077
vn 0.9936 0.1129 0.0077
vn 0.7260 -0.6876 0.0100
vn 0.9868 -0.1617 0.0126
vn 0.9588 -0.2836 0.0185
vn 0.5549 -0.8297 0.0612
vn 0.5201 -0.8502 0.0815
vn 0.5178 -0.8526 0.0704
vn 0.5194 -0.8507 0.0814
vn 0.3055 -0.9467 0.1016
vn 0.3055 -0.9468 0.1016
vn -0.2852 0.9581 -0.0272
vn -0.2851 0.9581 -0.0272
vn -0.2850 0.9581 -0.0272
vn 0.3735 0.9272 -0.0280
vn 0.2733 0.9593 -0.0710
vn 0.2744 0.9591 -0.0694
vn 0.8403 0.5378 -0.0691
vn 0.2299 -0.9285 0.2917
vn 0.4570 -0.8623 0.2182
vn 0.5689 -0.8113 0.1349
vn 0.9495 -0.2984 0.0967
vn 0.9496 -0.2983 0.0966
vn 0.9495 -0.2984 0.0966
vn 0.9839 -0.1578 0.0842
vn 0.9839 -0.1579 0.0841
vn 0.9839 -0.1578 0.0841
vn -0.7723 0.6352 -0.0070
vn -0.7757 0.6310 -0.0106
vn -0.7758 0.6309 -0.0106
vn -0.0058 0.9869 -0.1612
vn -0.0027 0.9876 -0.1567
vn -0.0017 0.9879 -0.1552
vn -0.6200 0.7756 -0.1183
vn -0.6227 0.7735 -0.1184
vn -0.6210 0.7748 -0.1184
vn -0.9438 -0.3270 0.0487
vn -0.9450 -0.3237 0.0459
vn -0.9033 -0.4245 0.0620
vn -0.9037 -0.4237 0.0619
vn -0.9036 -0.4238 0.0619
vn -0.7556 -0.6476 0.0986
vn -0.7541 -0.6493 0.0989
vn -0.7542 -0.6491 0.0992
vn -0.5542 -0.8229 0.1253
vn -0.5542 -0.8229 0.1254
vn -0.4137 -0.9001 0.1370
vn -0.4136 -0.9000 0.1372
vn -0.4136 -0.9001 0.1371
vn -0.1828 -0.9719 0.1480
vn -0.1819 -0.9721 0.1481
vn -0.1828 -0.9719 0.1481
vn -0.1245 -0.9809 0.1493
vn -0.1244 -0.9809 0.1495
vn -0.1245 -0.9809 0.1495
vn -0.0737 -0.9859 0.1501
vn -0.0735 -0.9859 0.1502
vn -0.0737 -0.9859 0.1502
vn 0.0301 -0.9882 0.1504
vn 0.0298 -0.9881 0.1506
vn 0.0298 -0.9882 0.1504
vn 0.1387 -0.9790 0.1491
vn 0.1387 -0.9791 0.1489
vn -0.9054 -0.4209 0.0562
vn -0.9054 -0.4208 0.0563
vn -0.9055 -0.4206 0.0565
vn 0.0027 -0.8658 0.5004
vn 0.0024 -0.8659 0.5002
vn -0.0381 -0.8944 0.4456
vn -0.1431 -0.9454 0.2930
vn -0.2623 -0.9516 0.1602
vn 0.3295 -0.9384 0.1043
vn 0.3296 -0.9384 0.1043
vn 0.2992 -0.9484 0.1050
vn 0.2993 -0.9484 0.1050
vn 0.1138 -0.9876 0.1086
vn 0.1142 -0.9877 0.1067
vn 0.1140 -0.9875 0.1086
vn 0.0670 -0.9918 0.1091
vn 0.0670 -0.9920 0.1072
vn 0.0185 0.9998 -0.0099
vn 0.5781 -0.8140 0.0570
vn 0.5781 -0.8139 0.0570
vn -0.9994 0.0346 0.0092
vn -0.9994 0.0347 0.0092
vn 0.2565 0.9660 -0.0311
vn 0.2566 0.9660 -0.0312
vn 0.2566 0.9660 -0.0311
vn -0.0360 0.9983 -0.0459
vn -0.7792 0.6266 -0.0143
vn 0.0043 -0.0772 0.9970
vn -0.0297 0.9805 -0.1941
vn 0.0009 -0.0342 0.9994
vn 0.0558 0.9983 -0.0182
vn 0.0559 0.9983 -0.0182
vn -0.9955 -0.0857 0.0393
vn -0.9109 -0.4081 0.0608
vn -0.9109 -0.4082 0.0606
vn -0.9109 -0.4082 0.0607
vn -0.6984 -0.4161 0.5824
vn -0.6984 -0.4160 0.5824
vn -0.7571 -0.6459 0.0983
vn -0.7571 -0.6459 0.0984
vn -0.5711 -0.4807 0.6655
vn -0.5713 -0.4806 0.6653
vn -0.5712 -0.4806 0.6654
vn -0.1837 -0.9718 0.1479
vn -0.1837 -0.9718 0.1481
vn -0.1406 -0.7188 0.6809
vn -0.1403 -0.7190 0.6807
vn -0.1404 -0.7189 0.6808
vn -0.1246 -0.9809 0.1493
vn -0.1246 -0.9809 0.1495
vn -0.0478 -0.6771 0.7343
vn -0.0479 -0.6771 0.7343
vn 0.2398 -0.7702 0.5910
vn -0.0740 -0.9859 0.1501
vn -0.0740 -0.9859 0.1502
vn 0.0336 -0.5531 0.8324
vn 0.0335 -0.5531 0.8324
vn 0.0288 -0.9882 0.1505
vn 0.0292 -0.9882 0.1503
vn 0.0292 -0.9882 0.1504
vn 0.0292 -0.9882 0.1506
vn 0.1151 -0.4233 0.8986
vn 0.1445 -0.3795 0.9138
vn 0.0159 -0.8759 0.4823
vn 0.0161 -0.8760 0.4821
vn 0.0160 -0.8759 0.4822
vn -0.0021 -0.9888 0.1491
vn -0.0022 -0.9888 0.1490
vn -0.0023 -0.9889 0.1489
vn -0.6464 -0.7443 0.1681
vn -0.0154 -0.3427 0.9393
vn -0.7840 -0.6122 0.1031
vn -0.7843 -0.6118 0.1028
vn -0.7841 -0.6120 0.1030
vn -0.0023 0.9883 -0.1522
vn -0.0043 0.9883 -0.1524
vn -0.0023 0.9883 -0.1524
vn -0.0043 0.9883 -0.1522
vn -0.0035 0.9883 -0.1524
vn -0.0035 0.9883 -0.1522
vn -0.0026 0.9883 -0.1525
vn -0.0023 0.9972 -0.0742
vn -0.0049 0.9972 -0.0742
vn -0.0038 0.9972 -0.0742
vn -0.0035 0.9972 -0.0742
vn -0.0032 0.9972 -0.0742
vn -0.0059 -0.0271 0.9996
vn -0.0096 -0.0293 0.9995
vn -0.0091 -0.0291 0.9995
vn 0.0039 -0.0276 0.9996
vn 0.0005 -0.0389 0.9992
vn 0.0088 -0.0295 0.9995
vn 0.0004 0.9883 -0.1524
vn 0.0004 0.9883 -0.1522
vn 0.0003 0.9972 -0.0741
vn 0.0003 0.9972 -0.0742
vn 0.0004 0.9972 -0.0742
vn 0.0004 0.9974 -0.0715
vn 0.0004 0.9975 -0.0706
vn -0.0005 -0.0380 0.9993
vn -0.0002 -0.0387 0.9992
vn -0.0005 -0.0392 0.9992
vn 0.0004 0.9972 -0.0741
vn 0.0004 0.9973 -0.0741
vn -0.0003 -0.0367 0.9993
vn -0.0003 -0.0376 0.9993
vn -0.0802 -0.9216 0.3797
vn -0.0802 -0.9216 0.3798
vn -0.0904 -0.9897 0.1108
vn -0.0907 -0.9898 0.1098
vn -0.0074 -0.2389 0.9710
vn -0.0075 -0.2389 0.9710
vn -0.0001 -0.0358 0.9994
vn -0.0001 -0.0360 0.9994
vn -0.0002 -0.0362 0.9993
vn 0.0029 -0.8655 0.5008
vn 0.0028 -0.9940 0.1094
vn 0.0029 -0.9938 0.1113
vn -0.0034 -0.1278 0.9918
vn -0.0035 -0.1278 0.9918
vn 0.0098 -0.0303 0.9995
vn -0.2257 -0.9600 0.1659
vn -0.2235 -0.9674 0.1194
vn -0.2234 -0.9674 0.1195
vn -0.0000 -0.0358 0.9994
vn -0.0373 -0.0470 0.9982
vn 0.1143 -0.9875 0.1086
vn 0.1144 -0.9877 0.1067
vn 0.1144 -0.9875 0.1086
vn 0.1143 -0.9877 0.1066
vn 0.1086 -0.9424 0.3163
vn 0.1086 -0.9420 0.3175
vn 0.1084 -0.9422 0.3171
vn 0.1087 -0.9424 0.3163
vn 0.0680 -0.2491 0.9661
vn 0.0680 -0.2492 0.9661
vn 0.0013 -0.2363 0.9717
vn 0.0012 -0.2364 0.9717
vn 0.0009 -0.2367 0.9716
vn 0.2154 -0.9707 0.1068
vn 0.2164 -0.9706 0.1052
vn 0.2152 -0.9707 0.1068
vn 0.2671 -0.9578 0.1058
vn 0.2670 -0.9579 0.1058
vn 0.2015 -0.9297 0.3083
vn 0.2016 -0.9296 0.3085
vn 0.2015 -0.9297 0.3084
vn 0.1526 -0.8942 0.4208
vn 0.0007 -0.2382 0.9712
vn 0.0011 -0.2411 0.9705
vn 0.0011 -0.2393 0.9710
vn 0.0011 -0.2414 0.9704
vn 0.4959 -0.8550 0.1519
vn 0.4544 -0.8706 0.1883
vn 0.4545 -0.8706 0.1883
vn 0.5351 -0.8425 0.0622
vn 0.5352 -0.8425 0.0622
vn 0.5186 -0.8522 0.0699
vn -0.0258 -0.1842 0.9825
vn -0.0891 -0.1082 0.9901
vn 0.0310 -0.1425 0.9893
vn 0.0311 -0.1425 0.9893
vn 0.1271 -0.1653 0.9780
vn 0.1239 -0.1649 0.9785
vn 0.1263 -0.1652 0.9781
vn -0.2760 0.9612 -0.0049
vn -0.2802 0.9599 -0.0048
vn -0.2759 0.9612 -0.0049
vn -0.2803 0.9599 -0.0049
vn -0.2849 0.9585 -0.0049
vn -0.2561 0.9657 -0.0419
vn -0.1474 0.9891 -0.0051
vn -0.1435 0.9896 -0.0051
vn -0.1471 0.9891 -0.0051
vn -0.2238 0.9739 -0.0384
vn -0.1544 0.9835 -0.0941
vn -0.1516 0.9840 -0.0932
vn -0.1545 0.9835 -0.0941
vn -0.1549 0.9879 -0.0047
vn -0.1526 0.9883 -0.0049
vn -0.1937 0.9811 -0.0052
vn -0.1936 0.9811 -0.0052
vn -0.1515 0.9881 -0.0283
vn -0.1469 0.9888 -0.0283
vn -0.1512 0.9881 -0.0283
vn -0.1474 0.9849 -0.0910
vn -0.1469 0.9850 -0.0904
vn -0.1478 0.9848 -0.0913
vn 0.1481 -0.1486 0.9777
vn 0.0948 -0.0950 0.9909
vn 0.0948 -0.0951 0.9909
vn 0.0728 -0.0792 0.9942
vn 0.0727 -0.0792 0.9942
vn 0.0534 -0.0648 0.9965
vn 0.0778 -0.0677 0.9947
vn 0.0778 -0.0678 0.9947
vn 0.0872 -0.0785 0.9931
vn 0.0873 -0.0785 0.9931
vn 0.0120 -0.0699 0.9975
vn -0.0184 0.0415 0.9990
vn -0.0150 0.0520 0.9985
vn -0.0179 0.0428 0.9989
vn -0.0053 0.0647 0.9979
vn 0.0009 0.0688 0.9976
vn -0.0016 0.0694 0.9976
vn 0.0052 0.0594 0.9982
vn 0.0021 0.0669 0.9978
vn 0.0059 0.0578 0.9983
vn 0.0141 0.0163 0.9998
vn 0.0123 0.0241 0.9996
vn 0.0146 0.0156 0.9998
vn -0.0103 0.0224 0.9997
vn -0.0009 0.0232 0.9997
vn -0.0095 0.0226 0.9997
vn -0.0000 0.0230 0.9997
vn -0.0002 0.0230 0.9997
vn 0.0007 0.0239 0.9997
vn -0.0073 0.0262 0.9996
vn -0.0084 0.0260 0.9996
vn 0.0003 0.0230 0.9997
vn 0.0003 0.0231 0.9997
vn 0.0011 0.0232 0.9997
vn -0.0004 -0.0368 0.9993
vn -0.0002 -0.0364 0.9993
vn -0.0001 -0.0363 0.9993
vn 0.0008 0.0234 0.9997
vn 0.0009 0.0236 0.9997
vn 0.0013 0.0237 0.9997
vn 0.0005 0.0239 0.9997
vn -0.0085 0.0265 0.9996
vn -0.0084 0.0265 0.9996
vn -0.0253 0.0220 0.9994
vn 0.0059 0.0176 0.9998
vn -0.8924 -0.3588 0.2736
vn 0.0497 -0.0860 0.9951
vn 0.0497 -0.0861 0.9950
vn 0.0308 -0.1187 0.9925
vn 0.0308 -0.1187 0.9924
vn -0.0051 -0.1469 0.9891
vn -0.0589 -0.1447 0.9877
vn -0.0590 -0.1448 0.9877
vn -0.0906 -0.1290 0.9875
vn -0.0907 -0.1290 0.9875
vn -0.1097 -0.1136 0.9875
vn -0.1431 -0.0915 0.9855
vn -0.1494 -0.3364 0.9298
vn -0.1495 -0.3365 0.9298
vn 0.9980 0.0423 -0.0475
vn 1.0000 0.0005 0.0085
vn 1.0000 0.0020 0.0082
vn 1.0000 0.0006 0.0077
vn -0.1189 -0.8585 0.4988
vn -0.3286 -0.8275 0.4553
vn -0.5399 -0.7309 0.4174
vn -0.5399 -0.7310 0.4174
vn -0.5399 -0.7309 0.4175
vn -0.5904 -0.6540 0.4730
vn 0.1306 -0.9510 -0.2801
vn 0.1305 -0.9511 -0.2801
vn 0.0179 -0.9830 -0.1830
vn 0.0180 -0.9829 -0.1831
vn 0.0180 -0.9829 -0.1830
vn -0.0833 -0.9579 -0.2749
vn -0.0832 -0.9579 -0.2748
vn -0.3614 -0.8780 -0.3138
vn -0.5349 -0.8075 -0.2486
vn -0.6471 -0.7284 -0.2252
vn -0.6472 -0.7282 -0.2254
vn 0.2710 -0.8697 -0.4126
vn 0.0344 -0.8575 0.5133
vn 0.0344 -0.8575 0.5132
vn 0.1203 -0.0217 0.9925
vn 0.1203 -0.0216 0.9925
vn -0.0591 -0.0302 0.9978
vn -0.2603 -0.9554 0.1394
vn -0.2604 -0.9554 0.1394
vn -0.5773 0.8074 -0.1216
vn -0.5807 0.8050 -0.1215
vn -0.5803 0.8053 -0.1210
vn -0.4184 -0.8446 0.3339
vn -0.4184 -0.8447 0.3339
vn 1.0000 -0.0008 0.0082
vn 0.9988 -0.0162 -0.0457
vn 0.9988 -0.0163 -0.0458
vn -0.7649 -0.4154 0.4923
vn -0.6791 -0.3356 0.6528
vn -0.5527 -0.4957 0.6699
vn -0.5526 -0.4957 0.6700
vn -0.5527 -0.4957 0.6700
vn -0.4213 -0.6194 0.6624
vn -0.3049 -0.6809 0.6659
vn -0.1056 -0.7102 0.6961
vn -0.1054 -0.7103 0.6959
vn -0.0176 -0.6230 0.7820
vn 0.0381 -0.4863 0.8729
vn 0.0380 -0.4863 0.8729
vn -0.0712 -0.1410 0.9874
vn 0.0334 -0.1441 0.9890
vn 0.0333 -0.1441 0.9890
vn 0.0143 -0.1101 0.9938
vn 0.0145 -0.1100 0.9938
vn 0.0147 -0.1099 0.9938
vn -0.0087 -0.0783 0.9969
vn -0.0095 -0.0825 0.9965
vn -0.0097 -0.0870 0.9962
vn -0.0080 -0.0751 0.9971
vn -0.0094 -0.0781 0.9969
vn -0.0094 -0.0782 0.9969
vn -0.0066 -0.0679 0.9977
vn -0.0066 -0.0680 0.9977
vn -0.0930 -0.0909 0.9915
vn 0.0275 -0.0914 0.9954
vn 0.0276 -0.0914 0.9954
vn 0.0099 -0.0530 0.9985
vn 0.0046 -0.0576 0.9983
vn 0.0019 -0.0522 0.9986
vn 0.0015 -0.0520 0.9986
vn 0.0185 -0.0740 0.9971
vn 0.0127 -0.0823 0.9965
vn 0.0118 -0.0835 0.9964
vn 0.0118 -0.0836 0.9964
vn -0.1337 -0.0217 0.9908
vn -0.1336 -0.0217 0.9908
vn 0.0253 -0.1297 0.9912
vn 0.0254 -0.1297 0.9912
vn 0.1184 -0.1644 0.9793
vn 0.1220 -0.1647 0.9788
vn 0.1193 -0.1645 0.9791
vn 0.1632 -0.1717 0.9715
vn 0.1631 -0.1717 0.9716
vn 0.1861 -0.1801 0.9659
vn 0.1860 -0.1801 0.9659
vn 0.2639 -0.1997 0.9437
vn 0.3203 -0.2203 0.9213
vn 0.5041 -0.2579 0.8242
vn 0.9121 -0.2012 0.3573
vn -0.0123 0.0337 0.9994
vn -0.0969 0.0559 0.9937
vn -0.0968 0.0559 0.9937
vn -0.0073 0.0623 0.9980
vn -0.0028 0.0687 0.9976
vn -0.0131 0.0559 0.9984
vn 0.0096 0.0393 0.9992
vn 0.0095 0.0393 0.9992
vn 0.0122 0.0250 0.9996
vn 0.0181 0.0107 0.9998
vn 0.0503 0.0054 0.9987
vn 0.0504 0.0054 0.9987
vn 0.0001 0.0229 0.9997
vn 0.0009 0.0234 0.9997
vn 0.0006 0.0233 0.9997
vn 0.0005 0.0233 0.9997
vn -0.0432 -0.0117 0.9990
vn 0.0164 -0.0226 0.9996
vn 0.0179 -0.0204 0.9996
vn 0.0117 -0.0260 0.9996
vn 0.0177 -0.0206 0.9996
vn 0.0070 -0.0312 0.9995
vn 0.0115 -0.0266 0.9996
vn 0.0115 -0.0289 0.9995
vn -0.0009 -0.0309 0.9995
vn 0.0052 -0.0318 0.9995
vn 0.0040 -0.0319 0.9995
vn -0.0028 -0.0291 0.9996
vn -0.0095 -0.0237 0.9997
vn -0.0029 -0.0291 0.9996
vn -0.0200 -0.0117 0.9997
vn -0.0185 -0.0164 0.9997
vn -0.0184 -0.0165 0.9997
vn -0.0101 -0.0179 0.9998
vn -0.0190 -0.0123 0.9997
vn -0.0117 -0.0170 0.9998
vn -0.4493 0.8836 -0.1319
vn -0.4823 0.8660 -0.1321
vn -0.4743 0.8703 -0.1325
vn -0.4795 0.8675 -0.1322
vn -0.4714 0.8719 -0.1327
vn -0.5744 0.8094 -0.1225
vn -0.5768 0.8077 -0.1220
vn -0.5744 0.8093 -0.1225
vn -0.5748 0.8091 -0.1223
vn -0.2218 -0.9639 0.1474
vn -0.2208 -0.9646 0.1442
vn -0.2217 -0.9639 0.1474
vn -0.2207 -0.9646 0.1442
vn -0.2197 -0.9648 0.1443
vn -0.1467 0.9888 -0.0283
vn -0.1442 0.9891 -0.0283
vn -0.1446 0.9891 -0.0283
vn -0.1470 0.9887 -0.0284
vn -0.1509 0.9882 -0.0283
vn -0.1507 0.9882 -0.0283
vn -0.1534 0.9878 -0.0282
vn -0.1529 0.9878 -0.0282
vn -0.1523 0.9879 -0.0281
vn -0.2647 0.9640 -0.0265
vn -0.2648 0.9639 -0.0268
vn -0.2647 0.9639 -0.0267
vn -0.2517 0.9676 -0.0188
vn 0.1871 -0.8506 0.4915
vn 0.1875 -0.8504 0.4917
vn 0.1873 -0.8505 0.4916
vn 0.1906 -0.8603 0.4728
vn 0.1905 -0.8603 0.4728
vn 0.0992 -0.8617 0.4976
vn 0.0997 -0.8616 0.4976
vn 0.0998 -0.8616 0.4976
vn 0.1007 -0.8719 0.4791
vn 0.1009 -0.8719 0.4791
vn 0.0999 -0.8616 0.4976
vn 0.1010 -0.8719 0.4791
vn 0.0004 0.9837 -0.1796
vn 0.0004 0.9883 -0.1525
vn -0.0324 -0.8118 0.5831
vn -0.0325 -0.8117 0.5831
vn -0.1350 -0.9313 0.3384
vn -0.1350 -0.9312 0.3385
vn -0.0022 0.9837 -0.1796
vn -0.0023 0.9883 -0.1525
vn 0.0030 -0.9151 0.4031
vn 0.0027 -0.9153 0.4027
vn 0.0036 -0.8763 0.4818
vn 0.0024 -0.8764 0.4816
vn -0.0632 -0.7861 0.6148
vn -0.0632 -0.7862 0.6148
vn -0.0655 -0.8792 0.4719
vn -0.0035 0.9837 -0.1796
vn -0.0017 0.9837 -0.1796
vn -0.0021 0.9883 -0.1525
vn -0.0035 0.9883 -0.1525
vn -0.0043 0.9837 -0.1796
vn -0.0043 0.9883 -0.1525
vn -0.9284 -0.3707 -0.0255
vn -0.3973 -0.8679 0.2980
vn -0.5975 -0.7937 0.1141
vn -0.5974 -0.7938 0.1141
vn 0.0623 -0.0435 0.9971
vn 0.0924 -0.9737 0.2083
vn 0.0256 -0.9838 0.1773
vn 0.0255 -0.9838 0.1773
vn -0.8523 -0.5188 0.0662
vn 0.1336 -0.0503 0.9898
vn 0.1336 -0.0504 0.9898
vn 0.0298 -0.9882 0.1503
vn -0.0740 -0.9859 0.1500
vn -0.0737 -0.9859 0.1500
vn -0.1246 -0.9809 0.1492
vn -0.1245 -0.9809 0.1492
vn -0.1837 -0.9718 0.1478
vn -0.1828 -0.9720 0.1478
vn -0.7571 -0.6459 0.0982
vn -0.7556 -0.6476 0.0985
vn -0.9095 -0.4112 0.0611
vn -0.9072 -0.4162 0.0613
vn -0.9098 -0.4105 0.0610
vn -0.9101 -0.4099 0.0609
vn -0.1836 -0.8459 0.5007
vn -0.2506 -0.9416 0.2247
vn -0.2506 -0.9417 0.2247
vn -0.0621 -0.7700 0.6350
vn -0.0875 -0.8972 0.4329
vn -0.0377 -0.8602 0.5085
vn 0.0047 -0.8762 0.4819
vn 0.0025 -0.9153 0.4027
vn -0.8732 -0.4781 -0.0950
vn -0.8731 -0.4781 -0.0950
vn -0.8732 -0.4781 -0.0949
vn -0.9068 -0.4197 0.0411
vn -0.9066 -0.4201 0.0406
vn -0.9067 -0.4198 0.0409
vn 0.0301 -0.9882 0.1503
vn -0.0735 -0.9860 0.1500
vn -0.0735 -0.9859 0.1501
vn -0.1244 -0.9810 0.1492
vn -0.1244 -0.9809 0.1493
vn -0.1819 -0.9721 0.1479
vn -0.1819 -0.9721 0.1480
vn -0.4137 -0.9001 0.1369
vn -0.5542 -0.8229 0.1252
vn -0.7570 -0.6461 0.0981
vn -0.7541 -0.6493 0.0988
vn -0.9093 -0.4116 0.0610
vn -0.9048 -0.4214 0.0619
vn -0.9042 -0.4227 0.0620
vn -0.9447 -0.3243 0.0489
vn -0.9438 -0.3269 0.0489
vn -0.9445 -0.3248 0.0487
vn -0.9449 -0.3240 0.0462
vn -0.6157 0.7789 -0.1191
vn -0.6179 0.7773 -0.1185
vn -0.6173 0.7777 -0.1189
vn -0.0253 0.9860 -0.1647
vn -0.0230 0.9860 -0.1649
vn -0.0207 0.9861 -0.1652
vn 0.9729 0.2264 -0.0470
vn 0.9727 0.2316 0.0180
vn 0.9726 0.2317 0.0181
vn 0.9727 0.2315 0.0179
vn 0.8488 0.5237 -0.0723
vn 0.8512 0.5191 -0.0773
vn 0.8510 0.5195 -0.0771
vn 0.8512 0.5192 -0.0773
vn 0.8511 0.5193 -0.0773
vn 0.0288 -0.9882 0.1503
vn 0.0288 -0.9882 0.1506
vn 0.1387 -0.9790 0.1492
vn 0.9899 0.1400 -0.0200
vn 0.9900 0.1398 -0.0205
vn 0.9900 0.1398 -0.0206
vn 0.9900 0.1384 0.0286
vn 0.9900 0.1381 0.0284
vn 0.9900 0.1383 0.0286
vn 0.8758 0.4785 -0.0633
vn 0.8758 0.4784 -0.0634
vn 0.8755 0.4831 -0.0132
vn 0.8754 0.4831 -0.0132
vn 0.6673 0.7397 -0.0871
vn 0.6622 0.7485 -0.0339
vn 0.6623 0.7485 -0.0340
vn 0.4655 0.8809 -0.0861
vn 0.4546 0.8901 -0.0336
vn 0.4545 0.8901 -0.0335
vn 0.4546 0.8901 -0.0335
vn 0.1193 0.9900 -0.0752
vn 0.1193 0.9900 -0.0753
vn 0.0940 0.9954 -0.0202
vn 0.0940 0.9954 -0.0203
vn 0.0941 0.9954 -0.0203
vn 0.0762 0.9951 -0.0627
vn 0.0762 0.9951 -0.0626
vn 0.0760 0.9971 -0.0073
vn 0.0763 0.9971 -0.0075
vn 0.0762 0.9971 -0.0074
vn -0.1587 0.9856 -0.0589
vn -0.1585 0.9856 -0.0587
vn -0.1586 0.9856 -0.0588
vn -0.1624 0.9867 -0.0053
vn -0.1623 0.9867 -0.0053
vn -0.3355 0.9405 -0.0532
vn -0.3354 0.9406 -0.0531
vn -0.3355 0.9406 -0.0531
vn -0.3366 0.9416 -0.0010
vn -0.3366 0.9417 -0.0010
vn -0.3365 0.9417 -0.0010
vn -0.6301 0.7755 -0.0400
vn -0.6301 0.7755 -0.0399
vn -0.6354 0.7721 0.0110
vn -0.6355 0.7720 0.0109
vn -0.7912 0.6110 -0.0263
vn -0.7911 0.6111 -0.0261
vn -0.7951 0.6059 0.0257
vn -0.7952 0.6058 0.0255
vn -0.7952 0.6058 0.0256
vn -0.8695 0.4937 -0.0162
vn -0.8695 0.4937 -0.0160
vn -0.8695 0.4937 -0.0161
vn -0.8718 0.4886 0.0365
vn -0.8718 0.4885 0.0364
vn -0.8374 0.5464 -0.0145
vn -0.8373 0.5465 -0.0144
vn -0.8374 0.5463 -0.0147
vn -0.8358 0.5479 0.0369
vn -0.8357 0.5480 0.0370
vn -0.8357 0.5479 0.0370
vn -0.6115 0.7908 -0.0248
vn -0.6107 0.7915 -0.0212
vn -0.6108 0.7915 -0.0213
vn -0.5799 0.8145 0.0148
vn 0.2356 0.9525 -0.1930
vn 0.2355 0.9525 -0.1930
vn 0.2880 0.9375 -0.1952
vn -0.2855 0.9580 -0.0273
vn -0.2854 0.9580 -0.0272
vn -0.2853 0.9581 -0.0273
vn 0.0989 -0.8617 0.4977
vn 0.0994 -0.8616 0.4977
vn 0.1005 -0.8720 0.4791
vn 0.1007 -0.8720 0.4791
vn 0.0584 -0.8644 0.4994
vn 0.0591 -0.8749 0.4807
vn 0.2152 -0.9705 0.1087
vn 0.1140 -0.9873 0.1105
vn 0.1143 -0.9873 0.1105
vn 0.1144 -0.9873 0.1105
vn 0.0004 0.9974 -0.0726
vn 0.0004 0.9975 -0.0707
vn -0.2395 -0.9619 0.1316
vn -0.0023 0.9975 -0.0707
vn -0.0023 0.9974 -0.0726
vn 0.0027 -0.9942 0.1075
vn 0.0025 -0.9942 0.1078
vn -0.0912 -0.9899 0.1084
vn -0.0912 -0.9898 0.1091
vn -0.0035 0.9975 -0.0707
vn -0.0032 0.9974 -0.0726
vn -0.0035 0.9974 -0.0726
vn -0.0044 0.9975 -0.0707
vn -0.0044 0.9974 -0.0726
vn -0.7269 -0.6677 0.1605
vn -0.7269 -0.6677 0.1606
vn -0.0361 -0.3088 0.9504
vn 0.0810 -0.9102 0.4063
vn 0.0849 -0.9102 0.4055
vn 0.0851 -0.9102 0.4054
vn 0.0670 -0.9916 0.1110
vn 0.1137 -0.9873 0.1105
vn 0.2754 0.9589 -0.0679
vn -0.8999 -0.4353 0.0276
vn -0.8950 -0.4452 0.0290
vn -0.8998 -0.4354 0.0282
vn 0.0028 -0.9942 0.1074
vn -0.0915 -0.9899 0.1080
vn -0.1801 -0.9770 0.1140
vn -0.1801 -0.9770 0.1139
vn -0.2312 -0.9616 0.1479
vn -0.2833 0.9548 -0.0894
vn -0.2832 0.9549 -0.0892
vn -0.2833 0.9549 -0.0893
vn 0.0449 0.9047 0.4238
vn 0.0450 0.9047 0.4238
vn 0.0449 0.9046 0.4238
vn -0.6122 0.7902 -0.0282
vn -0.6116 0.7908 -0.0248
vn -0.8090 0.5835 -0.0709
vn -0.8090 0.5836 -0.0709
vn -0.8529 0.4922 -0.1742
vn -0.7696 0.6027 -0.2110
vn -0.7696 0.6026 -0.2111
vn -0.6038 0.7543 -0.2580
vn -0.3185 0.8998 -0.2980
vn -0.3186 0.8998 -0.2981
vn -0.1479 0.9376 -0.3147
vn 0.0718 0.9443 -0.3211
vn 0.0717 0.9444 -0.3209
vn 0.0718 0.9444 -0.3209
vn 0.1271 0.9307 -0.3430
vn 0.4419 0.8217 -0.3598
vn 0.4419 0.8217 -0.3599
vn 0.6315 0.6927 -0.3484
vn 0.6315 0.6926 -0.3485
vn 0.6315 0.6927 -0.3485
vn 0.8516 0.4683 -0.2354
vn 0.8516 0.4683 -0.2353
vn 0.9816 0.1893 -0.0234
vn 0.0890 -0.9101 0.4046
vn 0.0890 -0.9102 0.4046
vn 0.8486 0.5241 -0.0718
vn 0.8487 0.5239 -0.0719
vn 0.9703 0.2164 0.1078
vn -0.0135 0.9223 0.3861
vn -0.0135 0.9224 0.3861
vn -0.4296 0.8454 -0.3173
vn -0.4297 0.8454 -0.3173
vn -0.9558 -0.2909 0.0434
vn -0.9558 -0.2910 0.0433
vn -0.9558 -0.2909 0.0433
vn -0.9109 -0.4121 0.0215
vn -0.9088 -0.4162 0.0311
vn -0.9090 -0.4157 0.0306
vn -0.7592 -0.6482 0.0596
vn -0.7573 -0.6501 0.0620
vn -0.7574 -0.6500 0.0618
vn -0.5566 -0.8257 0.0922
vn -0.5566 -0.8257 0.0921
vn -0.4156 -0.9035 0.1046
vn -0.1853 -0.9765 0.1098
vn -0.1838 -0.9763 0.1147
vn -0.1845 -0.9764 0.1119
vn -0.1273 -0.9873 0.0953
vn -0.1271 -0.9863 0.1053
vn -0.1268 -0.9863 0.1052
vn -0.0772 -0.9944 0.0726
vn -0.0772 -0.9934 0.0847
vn -0.0776 -0.9934 0.0845
vn 0.0453 -0.9944 0.0952
vn -0.8356 -0.5137 0.1944
vn 0.0027 -0.9465 0.3227
vn 0.0028 -0.9469 0.3215
vn 0.0028 -0.9469 0.3216
vn -0.0846 -0.9412 0.3272
vn -0.0845 -0.9416 0.3260
vn -0.0845 -0.9412 0.3270
vn -0.0823 -0.9226 0.3769
vn -0.0823 -0.9226 0.3770
vn -0.1752 -0.7814 0.5990
vn -0.1752 -0.7814 0.5989
vn -0.9109 -0.4121 0.0206
vn -0.9109 -0.4121 0.0205
vn -0.7593 -0.6480 0.0596
vn -0.7593 -0.6481 0.0595
vn -0.1854 -0.9765 0.1097
vn -0.1854 -0.9765 0.1098
vn -0.1276 -0.9873 0.0951
vn -0.0767 -0.9944 0.0724
vn -0.0767 -0.9944 0.0725
vn 0.2248 -0.3008 0.9268
vn 0.0948 -0.9693 0.2269
vn -0.5746 -0.4582 0.6781
vn -0.5747 -0.4583 0.6780
vn 0.0705 -0.9760 0.2062
vn 0.0705 -0.9760 0.2061
vn -0.1330 -0.7304 0.6699
vn -0.1330 -0.7305 0.6699
vn -0.9018 -0.3716 0.2205
vn -0.0022 0.9394 0.3427
vn -0.0041 0.9395 0.3424
vn -0.0033 0.9395 0.3424
vn -0.0038 0.9384 0.3455
vn -0.0038 0.9384 0.3454
vn 0.0003 0.9395 0.3425
vn -0.0845 -0.9408 0.3281
vn 0.0026 -0.9460 0.3241
vn 0.0027 -0.9465 0.3228
vn -0.0364 -0.8562 0.5153
vn -0.0363 -0.8562 0.5153
vn -0.2916 0.9545 -0.0622
vn -0.1515 0.9841 -0.0931
vn -0.2215 -0.9635 0.1507
vn -0.5285 0.8281 -0.1869
vn -0.5285 0.8281 -0.1870
vn -0.0155 0.9363 -0.3510
vn -0.0156 0.9363 -0.3510
vn -0.1447 0.9891 -0.0283
vn -0.1521 0.9880 -0.0281
vn 0.1990 -0.8971 0.3946
vn 0.1989 -0.8971 0.3945
vn 0.1051 -0.9103 0.4005
vn 0.1054 -0.9102 0.4004
vn 0.1055 -0.9102 0.4005
vn 0.1049 -0.9103 0.4004
vn 0.1051 -0.9103 0.4004
vn 0.0617 -0.9136 0.4019
vn -0.9209 -0.3899 0.0029
vn -0.0046 0.9373 0.3485
vn -0.0032 0.9975 -0.0707
vn -0.0013 0.9882 -0.1530
vn -0.0019 0.9837 -0.1797
vn -0.0006 0.9836 -0.1802
vn -0.0030 0.9883 -0.1524
vn -0.0023 0.9882 -0.1530
vn -0.0043 0.9972 -0.0753
vn -0.0037 0.9971 -0.0759
vn -0.5549 0.7534 -0.3527
vn -0.6220 0.7740 -0.1187
vn -0.6165 0.7782 -0.1195
vn -0.6146 0.7798 -0.1194
vn -0.1478 -0.1365 0.9796
vn -0.1241 -0.0977 0.9874
vn -0.1244 -0.0978 0.9874
vn -0.0323 -0.1489 0.9883
vn -0.0323 -0.1492 0.9883
vn 0.0168 -0.1360 0.9906
vn 0.0456 -0.1012 0.9938
vn 0.0602 -0.0719 0.9956
vn 0.0602 -0.0718 0.9956
vn 0.0736 -0.0622 0.9953
vn 0.0736 -0.0621 0.9953
vn 0.0235 -0.0109 0.9997
vn 0.0227 -0.1698 0.9852
vn -0.0188 -0.0157 0.9997
vn -0.0144 -0.0196 0.9997
vn -0.0102 -0.0236 0.9997
vn -0.0179 -0.0171 0.9997
vn -0.0141 -0.0206 0.9997
vn 0.0012 -0.0314 0.9995
vn 0.0112 -0.0293 0.9995
vn 0.0159 -0.0233 0.9996
vn -0.6224 0.7737 -0.1186
vn 0.4647 0.3653 0.8066
vn 0.5401 0.0804 0.8377
vn 0.5402 0.0804 0.8377
vn 0.0043 -0.0991 0.9951
vn 0.0044 -0.0991 0.9951
vn 0.0116 0.0024 0.9999
vn 0.0121 0.0022 0.9999
vn 0.0120 0.0022 0.9999
vn 0.3396 0.0915 0.9361
vn 0.3397 0.0915 0.9361
vn 0.1504 0.0581 0.9869
vn 0.1505 0.0576 0.9869
vn -0.3607 -0.2976 0.8839
vn -0.3606 -0.2976 0.8840
vn -0.2228 -0.2032 0.9535
vn -0.2229 -0.2032 0.9534
vn 0.9967 -0.0397 0.0711
vn 0.9967 -0.0397 0.0710
vn 0.9980 0.0204 0.0600
vn 0.9980 0.0203 0.0600
vn 0.5788 -0.8048 0.1310
vn 0.5789 -0.8048 0.1311
vn 0.6126 -0.7687 0.1839
vn 0.6180 -0.7651 0.1806
vn 0.6130 -0.7684 0.1837
vn 0.4060 -0.9037 0.1360
vn 0.4552 -0.8848 0.0992
vn 0.4554 -0.8847 0.0994
vn 0.4552 -0.8849 0.0992
vn 0.9900 -0.1407 -0.0040
vn 0.9470 -0.3213 -0.0026
vn 0.8678 -0.4945 0.0480
vn 0.8678 -0.4946 0.0479
vn 0.8282 -0.5493 0.1111
vn 0.8281 -0.5496 0.1104
vn 0.8281 -0.5497 0.1101
vn 0.7552 -0.6419 0.1330
vn 0.7551 -0.6419 0.1329
vn 0.6913 -0.7051 0.1578
vn 0.5982 -0.7981 0.0722
vn 0.5982 -0.7981 0.0721
vn 0.5983 -0.7980 0.0722
vn 0.4159 -0.8939 0.1671
vn 0.4158 -0.8940 0.1671
vn 0.1384 -0.9522 0.2724
vn -0.9968 0.0599 -0.0537
vn -0.9968 0.0600 -0.0536
vn -0.9968 0.0600 -0.0537
vn -0.7934 0.4598 0.3989
vn -0.5657 0.8246 -0.0032
vn -0.7289 0.4814 0.4867
vn -0.7289 0.4815 0.4867
vn 0.8113 0.5820 -0.0553
vn -0.6218 0.7746 0.1158
vn -0.6225 0.7731 0.1215
vn -0.6224 0.7735 0.1199
vn -0.7158 0.6059 0.3471
vn -0.6419 -0.7663 0.0294
vn -0.6419 -0.7663 0.0285
vn -0.6418 -0.7663 0.0294
vn 0.9526 0.2894 -0.0938
vn 0.9526 0.2893 -0.0938
vn -0.6814 0.6910 0.2412
vn -0.0124 -0.2211 0.9752
vn -0.0101 -0.2190 0.9757
vn -0.0096 -0.2191 0.9757
vn -0.0063 -0.0726 0.9973
vn -0.0067 -0.0702 0.9975
vn -0.0066 -0.0722 0.9974
vn -0.0178 -0.2131 0.9769
vn -0.0177 -0.2131 0.9769
vn -0.0286 -0.2369 0.9711
vn -0.0149 -0.2231 0.9747
vn -0.0150 -0.2231 0.9747
vn -0.0149 -0.2228 0.9748
vn -0.0113 -0.2284 0.9735
vn -0.0114 -0.2285 0.9735
vn -0.0116 -0.2287 0.9734
vn 0.0040 -0.0631 0.9980
vn -0.0294 -0.2365 0.9712
vn -0.0293 -0.2365 0.9712
vn 0.0119 -0.2506 0.9680
vn 0.0169 -0.0605 0.9980
vn 0.0055 -0.0628 0.9980
vn 0.0022 -0.2465 0.9691
vn 0.0014 -0.2505 0.9681
vn 0.0017 -0.2508 0.9680
vn 0.0011 -0.2418 0.9703
vn 0.0023 -0.2461 0.9692
vn 0.0055 -0.0521 0.9986
vn 0.0056 -0.0522 0.9986
vn 0.0019 -0.0520 0.9986
vn 0.0105 -0.0526 0.9986
vn 0.0061 -0.0523 0.9986
vn 0.0114 -0.2503 0.9681
vn 0.0059 -0.2447 0.9696
vn 0.0058 -0.2440 0.9698
vn -0.0456 -0.0354 0.9983
vn 0.0008 -0.2370 0.9715
vn -0.3132 0.6805 -0.6625
vn -0.3132 0.6804 -0.6625
vn -0.1981 0.4999 -0.8431
vn -0.1113 0.3058 -0.9456
vn -0.1113 0.3057 -0.9456
vn -0.0708 0.2240 -0.9720
vn -0.0707 0.2240 -0.9720
vn -0.1036 0.1709 -0.9798
vn -0.1035 0.1709 -0.9798
vn 0.0363 0.0102 -0.9993
vn -0.6215 0.7750 0.1145
vn -0.6215 0.7750 0.1144
vn 0.6183 -0.7649 0.1804
vn 0.6183 -0.7650 0.1804
vn -0.7313 0.6820 -0.0132
vn -0.7311 0.6822 -0.0134
vn -0.7277 0.6852 0.0294
vn -0.7278 0.6852 0.0294
vn -0.7220 0.6917 -0.0181
vn -0.7219 0.6918 -0.0180
vn -0.4548 0.0375 0.8898
vn -0.4549 0.0375 0.8898
vn -0.4548 0.0376 0.8898
vn 0.1296 -0.0633 -0.9895
vn 0.5703 -0.1408 -0.8093
vn 0.5702 -0.1408 -0.8093
vn -0.2486 0.0004 0.9686
vn -0.2485 0.0004 0.9686
vn 0.0745 -0.0557 0.9957
vn 0.0746 -0.0557 0.9957
vn 0.0497 -0.0481 0.9976
vn 0.0498 -0.0481 0.9976
vn 0.0099 -0.0350 0.9993
vn 0.0170 -0.0364 0.9992
vn 0.0168 -0.0364 0.9992
vn 0.0032 -0.0346 0.9994
vn 0.0154 -0.0361 0.9992
vn 0.0007 -0.0348 0.9994
vn 0.0077 -0.0347 0.9994
vn -0.0060 -0.0310 0.9995
vn 0.0022 -0.0347 0.9994
vn -0.0082 -0.0292 0.9995
vn 0.0002 -0.0344 0.9994
vn -0.0176 -0.0250 0.9995
vn -0.0079 -0.0293 0.9995
vn -0.0105 -0.0272 0.9996
vn -0.0286 -0.0234 0.9993
vn -0.0207 -0.0244 0.9995
vn -0.0311 -0.0230 0.9993
vn -0.0878 -0.0267 0.9958
vn -0.1138 -0.0371 0.9928
vn -0.1137 -0.0372 0.9928
vn -0.9377 -0.1117 -0.3291
vn -0.9377 -0.1116 -0.3291
vn -0.7925 -0.5020 -0.3463
vn -0.7925 -0.5021 -0.3462
vn 0.1621 -0.9868 0.0018
vn 0.1620 -0.9868 -0.0028
vn -0.9726 -0.2003 -0.1177
vn -0.9727 -0.2003 -0.1176
vn -0.9912 -0.0536 0.1213
vn -0.9912 -0.0535 0.1213
vn -0.5891 -0.7919 0.1609
vn -0.5891 -0.7919 0.1610
vn -0.4578 -0.8718 0.1743
vn -0.4578 -0.8718 0.1742
vn -0.9642 -0.1803 0.1945
vn -0.9678 -0.2417 0.0710
vn -0.9677 -0.2417 0.0711
vn -0.0887 -0.9936 0.0693
vn -0.0886 -0.9937 0.0692
vn -0.9639 -0.2663 0.0025
vn -0.9639 -0.2664 0.0026
vn -0.9699 -0.2429 0.0186
vn -0.1637 0.9840 -0.0704
vn -0.1633 0.9840 -0.0707
vn 0.1290 -0.9901 0.0558
vn 0.1290 -0.9901 0.0557
vn -0.9829 -0.1579 0.0949
vn -0.9829 -0.1578 0.0949
vn -0.9544 -0.2676 0.1323
vn 0.1620 -0.9868 -0.0029
vn 0.1618 -0.9868 -0.0100
vn 0.1207 -0.9819 0.1460
vn 0.1206 -0.9819 0.1461
vn -0.9991 -0.0414 0.0049
vn -0.9989 -0.0451 0.0101
vn -0.9989 -0.0453 0.0099
vn -0.9516 -0.3072 0.0001
vn -0.9517 -0.3071 0.0002
vn -0.9516 -0.3072 -0.0000
vn -0.4784 -0.3624 0.7999
vn 0.4493 0.0680 0.8908
vn 0.4493 0.0679 0.8908
vn 0.7909 0.1453 0.5944
vn 0.7909 0.1453 0.5945
vn 0.3506 0.0620 0.9345
vn 0.3507 0.0620 0.9344
vn -0.8720 -0.4030 0.2778
vn -0.8720 -0.4030 0.2777
vn -0.0210 0.9289 0.3698
vn -0.0017 0.9882 -0.1534
vn -0.0009 0.9836 -0.1805
vn -0.0006 0.9836 -0.1805
vn -0.9208 -0.3890 0.0300
vn -0.9208 -0.3889 0.0301
vn -0.0031 0.9882 -0.1529
vn -0.0024 0.9882 -0.1529
vn -0.5184 0.8551 -0.0003
vn -0.5185 0.8551 -0.0003
vn 0.0407 0.1479 0.9882
vn 0.0460 0.1438 0.9885
vn 0.0315 0.1546 0.9875
vn 0.0207 0.1562 0.9875
vn 0.0314 0.1546 0.9875
vn -0.0470 0.1346 0.9898
vn -0.0468 0.1400 0.9890
vn -0.0469 0.1402 0.9890
vn -0.0428 0.1433 0.9888
vn -0.0428 0.1435 0.9887
vn -0.0179 0.1538 0.9879
vn -0.0180 0.1535 0.9880
vn -0.0180 0.1539 0.9879
vn -0.0142 0.1547 0.9879
vn -0.0055 0.1557 0.9878
vn 0.0142 0.1552 0.9878
vn 0.0207 0.1563 0.9875
vn -0.0004 0.1559 0.9878
vn -0.0004 0.1560 0.9878
vn 0.0210 0.0044 0.9998
vn -0.0075 -0.0021 1.0000
vn -0.0136 0.0002 0.9999
vn -0.0133 0.0002 0.9999
vn -0.0190 0.0024 0.9998
vn -0.0456 0.0119 0.9989
vn -0.0378 0.0240 0.9990
vn -0.0679 0.0989 0.9928
vn -0.0451 0.1306 0.9904
vn -0.0470 0.1345 0.9898
vn 0.1170 0.0919 0.9889
vn 0.6681 -0.7384 -0.0919
vn 0.0143 0.0512 0.9986
vn 0.0408 0.1477 0.9882
vn -0.0179 0.1540 0.9879
vn -0.0142 0.1546 0.9879
vn -0.0179 0.1539 0.9879
vn -0.0370 0.1469 0.9885
vn -0.0335 0.1493 0.9882
vn -0.0336 0.1490 0.9883
vn -0.0372 0.1469 0.9884
vn -0.0526 0.0787 0.9955
vn -0.0491 0.0739 0.9961
vn -0.0525 0.0786 0.9955
vn -0.0560 0.0834 0.9949
vn 0.9611 0.2760 -0.0014
vn 0.9612 0.2758 -0.0014
vn 0.7223 -0.6776 -0.1383
vn 0.7224 -0.6776 -0.1383
vn 0.7224 -0.6775 -0.1383
vn 0.7509 -0.6534 -0.0957
vn 0.9209 0.3881 -0.0363
vn 0.9209 0.3882 -0.0363
vn 0.0400 0.0104 0.9991
vn 0.1508 0.0679 0.9862
vn 0.1509 0.0679 0.9862
vn 0.6250 -0.7766 -0.0792
vn 0.0206 0.0106 0.9997
vn -0.0003 0.1019 0.9948
vn 0.9656 -0.2600 0.0090
vn 0.3658 -0.9305 0.0218
vn 0.3657 -0.9305 0.0218
vn 0.9507 -0.3095 0.0184
vn 0.3100 -0.9493 0.0529
vn 0.5848 -0.8051 0.0985
vn 0.5849 -0.8051 0.0985
vn 0.6260 -0.7798 -0.0044
vn 0.6259 -0.7799 -0.0045
vn 0.8756 -0.4799 0.0543
vn 0.8345 -0.5510 -0.0056
vn 0.8345 -0.5510 -0.0057
vn 0.8345 -0.5510 -0.0058
vn 0.7634 -0.6460 -0.0057
vn 0.7634 -0.6459 -0.0051
vn 0.7024 -0.7117 -0.0046
vn 0.7024 -0.7118 -0.0047
vn 0.7024 -0.7118 -0.0046
vn 0.0346 0.0035 0.9994
vn 0.0249 0.0628 0.9977
vn 0.0249 0.0627 0.9977
vn -0.0992 -0.9919 -0.0791
vn -0.0995 -0.9919 -0.0795
vn -0.0991 -0.9919 -0.0797
vn -0.0994 -0.9919 -0.0794
vn -0.0014 0.9856 0.1694
vn -0.0029 0.9860 0.1665
vn -0.0030 0.9860 0.1667
vn -0.0025 0.9865 0.1640
vn -0.0026 0.9865 0.1639
vn -0.0990 -0.9919 -0.0798
vn -0.0994 -0.9918 -0.0798
vn -0.0012 0.9866 0.1631
vn -0.0991 -0.9919 -0.0799
vn -0.0030 0.9868 0.1622
vn -0.0027 0.9868 0.1621
vn -0.0993 -0.9918 -0.0802
vn -0.0992 -0.9919 -0.0798
vn -0.0992 -0.9918 -0.0804
vn -0.0992 -0.9918 -0.0805
vn -0.0033 0.9872 0.1597
vn -0.0032 0.9872 0.1596
vn -0.0013 0.9875 0.1574
vn -0.0012 0.9875 0.1576
vn -0.1318 -0.9880 -0.0806
vn -0.0010 0.9876 0.1567
vn -0.0118 0.9873 0.1581
vn -0.0133 0.9872 0.1588
vn -0.0132 0.9872 0.1590
vn -0.2012 -0.9756 -0.0882
vn -0.2011 -0.9756 -0.0881
vn -0.2174 -0.9725 -0.0831
vn -0.0147 0.9871 0.1592
vn -0.6336 -0.7706 -0.0686
vn -0.3540 -0.9309 -0.0897
vn -0.3552 -0.9308 -0.0862
vn -0.3540 -0.9309 -0.0898
vn -0.3528 -0.9310 -0.0932
vn -0.0502 0.9864 0.1567
vn -0.0500 0.9867 0.1549
vn -0.0500 0.9867 0.1548
vn -0.0496 0.9870 0.1526
vn -0.0499 0.9870 0.1530
vn -0.9805 -0.1957 -0.0190
vn -0.9805 -0.1957 -0.0189
vn -0.8510 -0.5229 -0.0492
vn -0.8537 -0.5183 -0.0510
vn -0.8509 -0.5230 -0.0495
vn -0.8565 -0.5135 -0.0526
vn -0.8537 -0.5182 -0.0510
vn -0.9508 -0.3082 -0.0311
vn -0.9805 -0.1958 -0.0190
vn -0.7303 0.6791 0.0743
vn -0.9918 0.1271 0.0157
vn -0.1533 0.9814 0.1157
vn -0.1534 0.9814 0.1157
vn -0.3439 0.9336 0.1008
vn -0.1334 0.9815 0.1376
vn -0.0994 -0.9920 -0.0783
vn -0.0991 -0.9920 -0.0782
vn -0.0996 -0.9919 -0.0786
vn -0.0995 -0.9920 -0.0782
vn -0.0992 -0.9919 -0.0789
vn -0.0997 -0.9919 -0.0786
vn -0.0993 -0.9919 -0.0791
vn -0.0000 0.9855 0.1698
vn -0.0009 0.9854 0.1704
vn 0.0001 0.9856 0.1691
vn 0.0002 0.9855 0.1697
vn -0.0008 0.9853 0.1706
vn -0.0015 0.9855 0.1696
vn -0.0008 0.9856 0.1689
vn 0.0482 0.9843 0.1697
vn 0.0300 -0.9953 -0.0917
vn 0.3160 -0.9443 -0.0914
vn 0.1199 -0.9894 -0.0817
vn 0.1200 -0.9894 -0.0817
vn 0.1666 0.9713 0.1698
vn 0.9496 -0.3117 -0.0318
vn 0.7164 -0.6944 -0.0681
vn 0.9924 -0.1226 -0.0137
vn 1.0000 0.0002 -0.0020
vn 0.9536 0.2930 0.0696
vn 0.9536 0.2929 0.0696
vn 0.9961 0.0878 0.0077
vn 0.9961 0.0877 0.0076
vn 0.9998 0.0166 0.0122
vn 0.9998 0.0165 0.0122
vn 0.4031 0.9006 0.1625
vn 0.7740 0.6213 0.1222
vn 0.7739 0.6213 0.1222
vn 0.7739 0.6214 0.1222
vn 0.9994 -0.0352 -0.0054
vn 0.0390 -0.9960 -0.0809
vn 0.0390 -0.9960 -0.0810
vn -0.0420 -0.9959 -0.0805
vn -0.0419 -0.9959 -0.0805
vn -0.0412 -0.9959 -0.0803
vn -0.0396 -0.9960 -0.0798
vn -0.0410 -0.9959 -0.0804
vn -0.0398 -0.9960 -0.0797
vn -0.0401 -0.9961 -0.0791
vn -0.0403 -0.9961 -0.0791
vn -0.0415 -0.9960 -0.0789
vn 0.0626 -0.9947 -0.0810
vn -0.4854 -0.8715 -0.0690
vn -0.4854 -0.8716 -0.0690
vn -0.7008 -0.7112 -0.0563
vn -0.8769 -0.4792 -0.0379
vn -0.8950 -0.4446 -0.0352
vn -1.0000 -0.0007 -0.0000
vn -1.0000 -0.0005 0.0004
vn -1.0000 -0.0008 0.0014
vn -1.0000 -0.0008 0.0013
vn -1.0000 -0.0071 0.0013
vn -1.0000 -0.0073 0.0013
vn -0.9999 -0.0136 0.0007
vn -0.9994 -0.0344 -0.0013
vn -0.7735 0.6308 0.0621
vn -0.7709 0.6339 0.0624
vn -0.7653 0.6406 0.0631
vn -0.7586 0.6485 0.0638
vn -0.7585 0.6485 0.0638
vn -0.7546 0.6530 0.0642
vn -0.8158 0.5715 0.0880
vn -0.8159 0.5715 0.0880
vn -0.7284 0.6819 0.0670
vn -0.7251 0.6854 0.0673
vn -0.7284 0.6818 0.0670
vn -0.7019 0.6998 0.1332
vn -0.7109 0.6910 0.1313
vn -0.7108 0.6910 0.1313
vn -0.8760 0.4792 0.0551
vn -0.8759 0.4796 0.0526
vn -0.8759 0.4797 0.0519
vn -0.6934 0.7082 0.1330
vn -0.7062 0.6956 0.1321
vn -0.7543 0.6534 0.0643
vn -0.7317 0.6784 0.0666
vn -0.7438 0.6652 0.0654
vn -0.5902 0.7934 0.1489
vn -0.5962 0.7891 0.1481
vn -0.5963 0.7890 0.1481
vn -0.5872 0.7955 0.1492
vn -0.5901 0.7935 0.1489
vn -0.6028 0.7841 0.1473
vn -0.6062 0.7817 0.1469
vn -0.6062 0.7816 0.1469
vn -0.6027 0.7842 0.1473
vn -0.6931 0.7082 0.1342
vn -0.7015 0.7004 0.1317
vn -0.0268 0.9835 0.1788
vn -0.0252 0.9836 0.1788
vn -0.4755 0.8649 0.1609
vn -0.4777 0.8637 0.1607
vn -0.4832 0.8607 0.1602
vn -0.4833 0.8607 0.1602
vn -0.4908 0.8565 0.1595
vn -0.4909 0.8565 0.1595
vn -0.4952 0.8541 0.1591
vn -0.0238 0.9836 0.1788
vn -0.0257 0.9836 0.1788
vn -0.0258 0.9836 0.1788
vn -0.0276 0.9835 0.1788
vn 0.4703 -0.8825 -0.0053
vn 0.0004 0.9843 0.1764
vn -0.0018 0.9848 0.1739
vn 0.0003 0.9841 0.1774
vn 0.0004 0.9843 0.1762
vn -0.0020 0.9851 0.1722
vn -0.0019 0.9851 0.1722
vn 0.4704 -0.8825 -0.0053
vn 0.4562 -0.8897 -0.0194
vn 0.4561 -0.8897 -0.0193
vn 0.2584 -0.9635 -0.0702
vn 0.2583 -0.9635 -0.0702
vn 0.4706 -0.8777 -0.0901
vn 0.3559 -0.9299 -0.0927
vn 0.3565 -0.9297 -0.0927
vn 0.3571 -0.9295 -0.0927
vn 0.3039 -0.9482 -0.0927
vn 0.3014 -0.9490 -0.0922
vn 0.3041 -0.9481 -0.0927
vn 0.3063 -0.9474 -0.0931
vn 0.3015 -0.9490 -0.0922
vn 0.3011 -0.9491 -0.0920
vn 0.0005 0.9855 0.1695
vn 0.0001 0.9856 0.1693
vn 0.0004 0.9856 0.1691
vn 0.0002 0.9853 0.1709
vn 0.0002 0.9855 0.1699
vn 0.0003 0.9853 0.1708
vn 0.2294 -0.9693 -0.0882
vn 0.2284 -0.9694 -0.0903
vn 0.2283 -0.9694 -0.0904
vn 0.2271 -0.9702 -0.0848
vn 0.2237 -0.9711 -0.0834
vn 0.2271 -0.9702 -0.0847
vn 0.1808 -0.9799 -0.0837
vn 0.1808 -0.9800 -0.0837
vn 0.1814 -0.9798 -0.0837
vn 0.1709 -0.9821 -0.0795
vn 0.1708 -0.9821 -0.0795
vn 0.1723 -0.9818 -0.0802
vn 0.1722 -0.9818 -0.0802
vn 0.1744 -0.9813 -0.0819
vn 0.1744 -0.9813 -0.0820
vn 0.1725 -0.9815 -0.0835
vn 0.1724 -0.9815 -0.0835
vn 0.1749 -0.9810 -0.0839
vn 0.1800 -0.9801 -0.0839
vn 0.1798 -0.9801 -0.0839
vn 0.1809 -0.9799 -0.0838
vn 0.1810 -0.9799 -0.0838
vn 0.0075 0.9848 0.1732
vn 0.0009 0.9855 0.1700
vn 0.0072 0.9849 0.1732
vn 0.0011 0.9854 0.1702
vn 0.0064 0.9846 0.1750
vn 0.0063 0.9845 0.1753
vn 0.0006 0.9845 0.1752
vn 0.0007 0.9845 0.1754
vn 0.0618 -0.9948 -0.0807
vn 0.0617 -0.9948 -0.0808
vn 0.0601 -0.9950 -0.0802
vn 0.0603 -0.9950 -0.0802
vn 0.0599 -0.9950 -0.0800
vn 0.0595 -0.9950 -0.0797
vn 0.1162 -0.9900 -0.0798
vn 0.1161 -0.9900 -0.0796
vn 0.1164 -0.9900 -0.0792
vn 0.1160 -0.9901 -0.0791
vn 0.1165 -0.9901 -0.0790
vn 0.1156 -0.9901 -0.0795
vn 0.1162 -0.9901 -0.0790
vn 0.1164 -0.9901 -0.0791
vn 0.1174 -0.9899 -0.0793
vn 0.1174 -0.9899 -0.0794
vn 0.1183 -0.9898 -0.0795
vn 0.1182 -0.9898 -0.0795
vn 0.0009 0.9844 0.1757
vn 0.0313 0.9836 0.1774
vn 0.0314 0.9836 0.1774
vn 0.1026 0.9802 0.1692
vn 0.5316 -0.8470 0.0014
vn 0.5317 -0.8469 0.0014
vn 0.1053 0.9798 0.1702
vn 0.1114 0.9786 0.1731
vn 0.1147 0.9779 0.1750
vn 0.6809 -0.7317 -0.0302
vn 0.6808 -0.7318 -0.0302
vn 0.6809 -0.7318 -0.0302
vn 0.3727 0.9135 0.1635
vn 0.3556 0.9201 0.1640
vn 0.3679 0.9153 0.1638
vn 0.5414 -0.8402 -0.0317
vn 0.5804 -0.8143 -0.0084
vn 0.3777 0.9114 0.1632
vn 0.5914 0.7980 0.1158
vn 0.6815 -0.7312 -0.0302
vn 0.6823 -0.7305 -0.0301
vn 0.6808 -0.7319 -0.0302
vn 0.3918 0.9101 0.1347
vn 0.5044 0.8511 0.1456
vn 0.5043 0.8512 0.1456
vn 0.6807 -0.7319 -0.0302
vn 0.3674 0.9156 0.1635
vn 0.3552 0.9202 0.1642
vn 0.8408 0.5346 0.0855
vn 0.7904 -0.6119 -0.0278
vn 0.7893 -0.6133 -0.0281
vn 0.5932 0.7967 0.1157
vn 0.5923 0.7974 0.1158
vn 0.7963 -0.6045 -0.0246
vn 0.7908 -0.6115 -0.0276
vn 0.7911 -0.6113 -0.0229
vn 0.7918 -0.6101 -0.0275
vn 0.7908 -0.6117 -0.0228
vn 0.7961 -0.6047 -0.0242
vn 0.8395 0.5379 0.0770
vn 0.9482 -0.3178 0.0039
vn 0.8407 0.5360 0.0774
vn 0.8418 0.5340 0.0791
vn 0.8485 0.5230 0.0810
vn 0.8484 0.5231 0.0810
vn 0.8482 0.5234 0.0820
vn 0.7892 -0.6135 -0.0281
vn 0.9956 0.0835 0.0415
vn 0.9956 0.0835 0.0416
vn -0.0522 -0.0970 -0.9939
vn -0.0522 -0.0971 -0.9939
vn 0.0192 0.0044 0.9998
vn 0.0454 0.0237 0.9987
vn 0.0169 0.1322 0.9911
vn -0.4343 0.8995 -0.0482
vn -0.4301 0.9015 -0.0481
vn -0.4050 0.9086 -0.1015
vn -0.4050 0.9087 -0.1015
vn -0.4051 0.9086 -0.1015
vn -0.4186 0.9025 -0.1012
vn -0.4398 0.8968 -0.0484
vn -0.4404 0.8965 -0.0482
vn 0.0980 0.9946 0.0329
vn 0.0980 0.9946 0.0330
vn 0.1618 -0.9868 -0.0101
vn 0.1619 -0.9868 -0.0059
vn -0.1645 0.9639 -0.2092
vn 0.1621 -0.9868 0.0010
vn 0.9618 0.2701 -0.0443
vn 0.9688 0.2422 -0.0527
vn 0.9696 0.2434 -0.0262
vn -0.9984 0.0406 -0.0402
vn -0.9984 0.0406 -0.0403
vn -0.9991 -0.0009 0.0425
vn -0.9991 -0.0009 0.0426
vn -0.9999 -0.0155 0.0008
vn -0.9999 -0.0152 0.0013
vn -0.9999 -0.0152 0.0012
vn -0.9999 -0.0146 0.0013
vn -0.9999 -0.0145 0.0014
vn -0.9636 -0.2675 -0.0001
vn -0.9636 -0.2674 -0.0003
vn -0.9636 -0.2674 -0.0004
vn -0.9705 -0.2369 0.0448
vn -0.9705 -0.2369 0.0449
vn -0.9758 -0.2122 0.0529
vn -0.9758 -0.2122 0.0528
vn -0.9766 -0.2134 0.0269
vn -0.9766 -0.2134 0.0270
vn -0.9087 -0.1596 -0.3857
vn 0.1645 -0.9643 0.2074
vn -0.1637 0.9839 -0.0712
vn -0.1645 0.9757 -0.1447
vn -0.9632 -0.2686 0.0036
vn -0.9632 -0.2687 0.0035
vn -0.9999 -0.0142 0.0011
vn 0.1606 -0.9869 -0.0125
vn -0.9517 -0.3071 0.0001
vn -0.9517 -0.3070 0.0002
vn -0.9517 -0.3071 -0.0000
vn -0.9993 -0.0377 -0.0001
vn -0.9993 -0.0375 -0.0004
vn -0.9838 -0.1791 -0.0001
vn -0.9838 -0.1791 -0.0000
vn -0.0116 -0.0036 -0.9999
vn -0.0063 -0.0069 -1.0000
vn -0.0117 -0.0035 -0.9999
vn -0.0032 0.9976 -0.0688
vn -0.0023 0.9976 -0.0688
vn 0.0004 0.9976 -0.0688
vn -0.0035 0.9976 -0.0688
vn -0.0044 0.9976 -0.0688
vn -0.0057 -0.0074 -1.0000
vn -0.0114 -0.0037 -0.9999
vn -0.0059 -0.0072 -1.0000
vn -0.9418 -0.3359 0.0125
vn 1.0000 0.0001 0.0003
vn 1.0000 0.0002 -0.0000
vn -0.0147 -0.9999 -0.0071
vn -0.3619 -0.9316 0.0341
vn -0.3619 -0.9316 0.0342
vn -0.0002 -0.9972 0.0747
vn -0.0002 -0.9972 0.0746
vn 0.1022 -0.9920 0.0744
vn 0.1021 -0.9920 0.0740
vn 0.1020 -0.9920 0.0738
vn -0.0002 -0.0008 -1.0000
vn -0.0002 -0.0009 -1.0000
vn -0.0001 -0.0008 -1.0000
vn -0.7772 0.6277 -0.0436
vn -0.5109 0.8596 -0.0096
vn -0.5108 0.8596 -0.0096
vn -0.5858 0.8101 -0.0246
vn -0.5857 0.8102 -0.0245
vn -0.5857 0.8101 -0.0246
vn -0.8882 0.4588 -0.0239
vn -0.9578 -0.0000 -0.2873
vn -0.0000 0.9972 -0.0742
vn -0.0752 0.9859 -0.1498
vn -0.0752 0.9859 -0.1497
vn -0.0749 0.9947 -0.0701
vn -0.0753 0.9947 -0.0701
vn -0.0746 0.9947 -0.0702
vn -0.0749 0.9947 -0.0700
vn -0.0300 0.0216 -0.9993
vn -0.0299 0.0216 -0.9993
vn -0.9314 0.0330 -0.3626
vn -0.9313 0.0330 -0.3626
vn -0.9314 0.0331 -0.3625
vn -0.0107 0.0607 -0.9981
vn -0.0802 0.9771 -0.1968
vn -0.0803 0.9772 -0.1968
vn -0.4417 0.8959 -0.0483
vn -0.4418 0.8958 -0.0482
vn -0.8912 -0.4526 0.0300
vn -0.1628 0.9840 -0.0719
vn -0.1631 0.9841 -0.0709
vn -0.1627 0.9840 -0.0721
vn 0.9834 -0.1205 0.1356
vn 0.0603 -0.0332 0.9976
vn 0.0602 -0.0332 0.9976
vn -0.0421 -0.9985 0.0339
vn -0.0185 0.9990 -0.0400
vn -0.0185 0.9990 -0.0399
vn -0.0090 -0.9996 0.0276
vn -1.0000 -0.0000 -0.0087
vn 0.0103 0.9966 -0.0818
vn 0.0103 0.9966 -0.0815
vn 0.0102 0.9966 -0.0811
vn 0.0227 -0.0917 -0.9955
vn -0.0084 -1.0000 0.0040
vn -0.9980 -0.0204 -0.0592
vn -0.2071 0.0004 -0.9783
vn -0.2069 0.0003 -0.9784
vn -0.6029 0.0051 -0.7978
vn -0.8561 0.0237 -0.5162
vn -0.9711 0.0872 -0.2222
vn -0.9808 -0.1948 -0.0077
vn -0.8329 -0.5534 -0.0107
vn -0.8329 -0.5534 -0.0049
vn -0.5604 -0.8282 -0.0014
vn -0.5605 -0.8282 0.0001
vn -0.2030 -0.9792 0.0023
vn -0.9803 -0.1947 -0.0322
vn -0.9803 -0.1948 -0.0322
vn -0.8328 -0.5534 -0.0165
vn -0.8329 -0.5534 -0.0108
vn -0.5605 -0.8282 0.0016
vn -0.2034 -0.9789 0.0195
vn -0.2087 -0.0897 -0.9739
vn -0.6104 -0.0726 -0.7888
vn -0.6103 -0.0726 -0.7888
vn -0.8687 -0.0454 -0.4932
vn -0.9861 -0.0152 -0.1652
vn -0.9805 0.1965 -0.0100
vn -0.9805 0.1964 -0.0100
vn -0.8268 0.5623 -0.0127
vn -0.5459 0.8378 -0.0135
vn -0.5454 0.8381 -0.0135
vn -0.1843 0.9828 -0.0122
vn -0.1845 0.9828 -0.0122
vn -0.9820 0.1730 -0.0761
vn -0.8369 0.5386 -0.0973
vn -0.8370 0.5385 -0.0973
vn -0.5570 0.8241 -0.1033
vn -0.5571 0.8240 -0.1033
vn -0.1852 0.9794 -0.0808
vn -0.1878 0.9779 -0.0923
vn -0.1862 0.9782 -0.0922
vn -0.9808 0.1943 -0.0156
vn -0.9808 0.1942 -0.0156
vn -0.8307 0.5549 -0.0450
vn -0.8307 0.5548 -0.0450
vn -0.5513 0.8315 -0.0680
vn -0.5514 0.8315 -0.0679
vn -0.1862 0.9792 -0.0803
vn -0.1864 0.9792 -0.0803
vn -0.9587 0.2798 -0.0501
vn -0.9588 0.2798 -0.0501
vn -0.9588 0.2797 -0.0501
vn -0.0980 0.9952 -0.0000
vn -0.2903 0.9569 -0.0000
vn -0.2902 0.9570 -0.0000
vn -0.4714 0.8819 -0.0000
vn -0.6344 0.7730 -0.0000
vn -0.7730 0.6344 -0.0000
vn -0.8819 0.4714 -0.0000
vn -0.9569 0.2903 -0.0000
vn -0.9952 0.0981 -0.0000
vn -0.9952 0.0980 -0.0000
vn -0.9952 -0.0980 -0.0000
vn -0.9952 -0.0981 -0.0000
vn -0.9569 -0.2903 -0.0000
vn -0.8819 -0.4714 -0.0000
vn -0.7730 -0.6344 -0.0000
vn -0.6344 -0.7730 -0.0000
vn -0.4714 -0.8819 -0.0000
vn -0.2903 -0.9569 -0.0000
vn -0.0980 -0.9952 -0.0000
vn 0.0980 -0.9952 -0.0000
vn 0.2903 -0.9569 -0.0000
vn 0.4714 -0.8819 -0.0000
vn 0.6344 -0.7730 -0.0000
vn 0.7730 -0.6344 -0.0000
vn 0.8819 -0.4714 -0.0000
vn 0.9569 -0.2903 -0.0000
vn 0.9952 -0.0981 -0.0000
vn 0.9952 -0.0980 -0.0000
vn 0.9952 0.0980 -0.0000
vn 0.9952 0.0981 -0.0000
vn 0.9569 0.2903 -0.0000
vn 0.9570 0.2902 -0.0000
vn 0.8819 0.4714 -0.0000
vn 0.7730 0.6344 -0.0000
vn 0.6344 0.7730 -0.0000
vn 0.4714 0.8819 -0.0000
vn 0.2902 0.9570 -0.0000
vn 0.0980 0.9952 -0.0000
vn 0.9570 -0.2902 -0.0000
vn -0.0617 0.9138 0.4013
vn -0.1054 0.9105 0.3999
vn -0.2653 0.8839 0.3852
vn -0.2507 0.8987 0.3598
vn 0.2702 0.9582 0.0943
vn 0.1767 0.9777 0.1134
vn 0.1739 0.9783 0.1127
vn 0.1738 0.9783 0.1125
vn 0.0906 0.9897 0.1108
vn -0.0028 0.9938 0.1113
vn 0.8965 0.4421 0.0281
vn 0.8965 0.4422 0.0281
vn 0.9241 -0.3777 -0.0583
vn -0.0298 0.9969 0.0724
vn 0.0742 0.9946 0.0722
vn 0.1256 0.9895 0.0719
vn 0.1852 0.9801 0.0712
vn 0.4161 0.9069 0.0659
vn 0.5582 0.8275 0.0601
vn 0.7585 0.6499 0.0472
vn 0.9051 0.4245 0.0258
vn 0.9047 0.4252 0.0259
vn 0.9755 0.2198 0.0136
vn 0.9754 0.2201 0.0136
vn 0.9754 0.2202 0.0136
vn 0.6039 -0.7954 -0.0515
vn 0.6132 -0.7884 -0.0501
vn 0.6108 -0.7897 -0.0569
vn -0.0004 -0.9974 -0.0724
vn -0.0948 -0.9955 -0.0012
vn -0.0947 -0.9955 -0.0012
vn -0.9986 -0.0533 -0.0008
vn -0.9986 -0.0531 -0.0001
vn -0.9986 -0.0535 -0.0009
vn -0.9986 -0.0537 -0.0013
vn -0.9867 0.1619 0.0127
vn -0.9867 0.1618 0.0127
vn -0.9462 0.3230 0.0200
vn -0.9462 0.3231 0.0200
vn -0.6201 0.7825 0.0568
vn -0.5173 0.8519 0.0821
vn -0.5179 0.8525 0.0703
vn -0.5169 0.8521 0.0819
vn -0.3059 0.9466 0.1020
vn -0.3058 0.9466 0.1020
vn 0.0331 -0.9972 -0.0677
vn -0.8241 -0.5651 -0.0394
vn -0.8250 -0.5638 -0.0392
vn -0.8239 -0.5653 -0.0394
vn -0.6518 -0.7564 -0.0542
vn -0.6531 -0.7553 -0.0543
vn -0.6514 -0.7568 -0.0540
vn -0.6875 -0.7243 -0.0526
vn -0.8034 -0.5938 -0.0431
vn -0.7851 -0.6178 -0.0449
vn -0.6520 -0.7563 -0.0549
vn -0.5633 -0.8241 -0.0598
vn -0.3263 -0.9428 -0.0685
vn -0.2055 -0.9761 -0.0709
vn 0.0365 -0.9967 -0.0724
vn 0.2641 -0.9620 -0.0699
vn 0.3847 -0.9206 -0.0669
vn 0.3847 -0.9206 -0.0668
vn 0.5667 -0.8217 -0.0597
vn 0.6606 -0.7487 -0.0544
vn 0.7595 -0.6488 -0.0471
vn 0.8810 -0.4719 -0.0343
vn 0.9434 -0.3308 -0.0240
vn 0.9627 -0.2700 -0.0196
vn 0.9731 -0.2298 -0.0167
vn 0.8194 -0.5717 -0.0415
vn 0.5879 -0.8068 -0.0586
vn 0.2810 -0.9593 -0.0271
vn 0.2844 -0.9583 -0.0273
vn 0.2802 -0.9596 -0.0269
vn -0.0934 -0.9951 -0.0313
vn -0.0936 -0.9951 -0.0313
vn -0.0935 -0.9951 -0.0313
vn 0.0032 -0.9974 -0.0724
vn 0.0031 -0.9881 -0.1535
vn 0.0024 -0.9881 -0.1536
vn 0.0023 -0.9882 -0.1535
vn 0.4459 -0.8905 -0.0907
vn 0.4460 -0.8904 -0.0907
vn 0.9529 -0.2997 -0.0462
vn 0.8792 -0.4710 -0.0727
vn 0.7566 -0.6463 -0.0997
vn 0.7566 -0.6462 -0.0997
vn 0.6572 -0.7449 -0.1149
vn 0.5632 -0.8167 -0.1260
vn 0.3817 -0.9135 -0.1409
vn 0.2618 -0.9538 -0.1472
vn 0.0361 -0.9877 -0.1524
vn -0.2037 -0.9676 -0.1493
vn -0.3237 -0.9351 -0.1443
vn -0.5598 -0.8189 -0.1263
vn -0.6485 -0.7523 -0.1161
vn -0.7823 -0.6156 -0.0950
vn -0.8008 -0.5919 -0.0913
vn -0.6842 -0.7208 -0.1112
vn -0.6440 -0.7564 -0.1147
vn -0.6439 -0.7565 -0.1146
vn -0.8198 -0.5664 -0.0845
vn -0.8196 -0.5667 -0.0844
vn -0.8197 -0.5665 -0.0845
vn -0.2318 0.9285 0.2902
vn -0.4551 0.8632 0.2187
vn -0.6025 0.7886 0.1224
vn -0.6110 0.7822 0.1217
vn -0.6107 0.7825 0.1215
vn -0.9408 0.3272 0.0882
vn -0.9409 0.3270 0.0884
vn -0.9409 0.3271 0.0883
vn -0.9838 0.1581 0.0840
vn -0.9839 0.1580 0.0841
vn -0.9838 0.1580 0.0841
vn 0.7378 -0.6748 -0.0156
vn 0.7363 -0.6764 -0.0157
vn 0.7362 -0.6765 -0.0155
vn -0.0004 -0.9883 -0.1525
vn 0.6184 -0.7769 -0.1184
vn 0.6222 -0.7739 -0.1182
vn 0.6203 -0.7754 -0.1186
vn 0.9752 0.2189 0.0323
vn 0.9752 0.2191 0.0324
vn 0.9752 0.2192 0.0323
vn 0.9073 0.4159 0.0611
vn 0.9047 0.4216 0.0615
vn 0.9050 0.4209 0.0618
vn 0.7557 0.6475 0.0985
vn 0.5549 0.8225 0.1251
vn 0.4131 0.9003 0.1369
vn 0.1836 0.9718 0.1478
vn 0.1245 0.9809 0.1492
vn 0.0736 0.9859 0.1500
vn -0.0295 0.9882 0.1503
vn -0.1382 0.9791 0.1489
vn 0.9089 0.4134 0.0551
vn 0.9088 0.4137 0.0548
vn 0.9088 0.4135 0.0550
vn -0.0025 0.8729 0.4878
vn -0.0025 0.8696 0.4938
vn 0.0388 0.8969 0.4406
vn 0.1431 0.9456 0.2922
vn 0.2662 0.9506 0.1599
vn -0.3290 0.9385 0.1051
vn -0.2990 0.9483 0.1062
vn -0.1142 0.9873 0.1105
vn -0.0670 0.9916 0.1110
vn -0.0092 -1.0000 -0.0040
vn -0.0092 -0.9999 -0.0040
vn -0.0091 -1.0000 -0.0039
vn -0.0076 -0.9996 -0.0266
vn -0.0082 -0.9996 -0.0269
vn -0.0079 -0.9996 -0.0268
vn 0.0236 -0.0000 0.9997
vn -0.0912 -0.9957 -0.0157
vn -0.0913 -0.9957 -0.0157
vn 0.0318 -0.9987 -0.0395
vn 0.7348 -0.6781 -0.0156
vn 0.7729 -0.6238 0.1159
vn 0.7729 -0.6238 0.1160
vn 0.0150 -0.9953 -0.0955
vn 0.0150 -0.9953 -0.0956
vn -0.0098 -0.9999 -0.0052
vn -0.0099 -0.9999 -0.0052
vn 0.0330 0.9991 0.0255
vn 0.0331 0.9991 0.0256
vn -0.6434 -0.6933 -0.3247
vn -0.6436 -0.6929 -0.3250
vn 0.9098 0.4105 0.0611
vn 0.9101 0.4098 0.0610
vn 0.9132 0.4067 0.0267
vn 0.9156 0.4011 0.0269
vn 0.9155 0.4014 0.0266
vn 0.7021 0.4446 0.5563
vn 0.7021 0.4445 0.5563
vn -0.1175 0.8049 0.5816
vn -0.1182 0.8064 0.5794
vn -0.1177 0.8051 0.5813
vn 0.5925 0.4933 0.6368
vn 0.5926 0.4933 0.6368
vn 0.7204 -0.3406 -0.6042
vn 0.7204 -0.3406 -0.6041
vn 0.7204 -0.3405 -0.6042
vn -0.2178 0.7730 0.5959
vn -0.2179 0.7730 0.5958
vn -0.2181 0.7730 0.5957
vn 0.1496 0.7537 0.6400
vn 0.1498 0.7535 0.6402
vn 0.1497 0.7535 0.6401
vn -0.3495 0.7062 0.6158
vn -0.3500 0.7061 0.6156
vn -0.3497 0.7061 0.6157
vn 0.0393 0.7146 0.6984
vn -0.0562 0.5888 0.8063
vn -0.0562 0.5889 0.8063
vn -0.1361 0.4511 0.8820
vn -0.1737 0.4009 0.8995
vn -0.6056 -0.7237 -0.3310
vn -0.6057 -0.7235 -0.3311
vn -0.1383 0.9791 0.1489
vn 0.6421 0.7478 0.1687
vn -0.1395 0.9876 0.0717
vn -0.1394 0.9876 0.0717
vn 0.7960 -0.2734 -0.5400
vn 0.0456 0.4010 0.9150
vn 0.7780 0.6197 0.1034
vn 0.7781 0.6196 0.1034
vn 0.0023 -0.9883 -0.1525
vn 0.0043 -0.9883 -0.1525
vn 0.0035 -0.9883 -0.1525
vn 0.0026 -0.9883 -0.1526
vn 0.0023 -0.9974 -0.0724
vn 0.0044 -0.9974 -0.0724
vn 0.0035 -0.9974 -0.0724
vn 0.0807 0.9229 0.3766
vn 0.0808 0.9228 0.3767
vn 0.0807 0.9228 0.3766
vn 0.0074 0.2372 0.9714
vn 0.0075 0.2372 0.9714
vn -0.0031 0.8740 0.4858
vn -0.0028 0.1343 0.9909
vn 0.2242 0.9599 0.1685
vn 0.2235 0.9674 0.1194
vn -0.0679 0.2473 0.9665
vn -0.0012 0.2347 0.9721
vn -0.0010 0.2347 0.9721
vn -0.0009 0.2350 0.9720
vn 0.6092 0.7499 0.2579
vn 0.6094 0.7498 0.2578
vn 0.6093 0.7498 0.2578
vn -0.2148 0.9706 0.1087
vn -0.2147 0.9706 0.1087
vn -0.2674 0.9576 0.1072
vn -0.1985 0.8974 0.3941
vn -0.1612 0.8895 0.4275
vn -0.0012 0.2362 0.9717
vn -0.0013 0.2390 0.9710
vn -0.0013 0.2381 0.9712
vn -0.0012 0.2391 0.9710
vn -0.4888 0.8692 0.0742
vn -0.4890 0.8691 0.0741
vn -0.4891 0.8691 0.0741
vn 0.3926 0.8887 0.2370
vn 0.3927 0.8886 0.2369
vn 0.3926 0.8887 0.2369
vn 0.8793 -0.4713 0.0687
vn 0.8794 -0.4711 0.0688
vn 0.8794 -0.4710 0.0689
vn -0.4964 0.8547 0.1517
vn -0.4965 0.8547 0.1517
vn -0.4548 0.8706 0.1879
vn -0.5351 0.8425 0.0623
vn -0.5352 0.8424 0.0623
vn -0.5183 0.8523 0.0701
vn 0.0247 0.1829 0.9828
vn 0.0246 0.1829 0.9828
vn 0.0478 0.1256 0.9909
vn 0.0479 0.1256 0.9909
vn -0.6843 -0.7286 -0.0304
vn -0.6844 -0.7284 -0.0302
vn -0.6843 -0.7285 -0.0303
vn -0.0359 0.1435 0.9890
vn -0.0383 0.1562 0.9870
vn -0.1375 0.1776 0.9744
vn -0.1367 0.1780 0.9745
vn -0.1373 0.1777 0.9745
vn -0.5431 0.8352 0.0864
vn -0.5435 0.8350 0.0862
vn -0.5433 0.8351 0.0863
vn 0.2756 -0.9612 -0.0048
vn 0.2798 -0.9600 -0.0048
vn 0.2759 -0.9612 -0.0049
vn 0.2800 -0.9600 -0.0048
vn 0.2839 -0.9588 -0.0048
vn 0.2768 -0.9606 -0.0264
vn 0.2762 -0.9607 -0.0266
vn 0.1394 0.9650 0.2223
vn 0.1393 0.9650 0.2223
vn -0.7423 0.6675 0.0588
vn -0.7423 0.6674 0.0588
vn -0.7424 0.6674 0.0588
vn 0.1476 -0.9890 -0.0051
vn 0.1448 -0.9894 -0.0051
vn 0.1478 -0.9890 -0.0051
vn 0.1428 -0.9894 -0.0264
vn 0.1529 -0.9878 -0.0282
vn 0.1524 -0.9879 -0.0282
vn 0.1506 -0.9882 0.0280
vn 0.1519 -0.9880 0.0280
vn 0.1521 -0.9880 0.0282
vn 0.1548 -0.9879 -0.0047
vn 0.1526 -0.9883 -0.0049
vn 0.1549 -0.9879 -0.0047
vn 0.1528 -0.9883 -0.0049
vn 0.1232 -0.9924 -0.0048
vn 0.1232 -0.9924 -0.0049
vn 0.1233 -0.9924 -0.0048
vn 0.1515 -0.9881 -0.0283
vn 0.1475 -0.9887 -0.0284
vn 0.1512 -0.9881 -0.0283
vn 0.1462 -0.9889 0.0280
vn 0.1477 -0.9886 0.0279
vn 0.1479 -0.9779 0.1479
vn 0.1479 -0.9779 0.1478
vn 0.1478 -0.9779 0.1479
vn -0.9670 -0.2405 0.0837
vn -0.9671 -0.2404 0.0837
vn 0.0171 0.9750 0.2217
vn 0.0170 0.9750 0.2218
vn 0.9541 -0.1785 0.2405
vn 0.9541 -0.1784 0.2404
vn 0.0962 -0.0663 0.9932
vn 0.0962 -0.0663 0.9931
vn 0.0030 -0.0758 0.9971
vn 0.0029 -0.0758 0.9971
vn 0.0724 -0.0768 0.9944
vn 0.0725 -0.0768 0.9944
vn 0.0538 -0.0618 0.9966
vn 0.0538 -0.0619 0.9966
vn 0.0361 -0.0511 0.9980
vn 0.0396 -0.0480 0.9981
vn 0.0370 -0.0503 0.9980
vn 0.0404 -0.0473 0.9981
vn 0.0833 -0.0542 0.9951
vn 0.0820 -0.0532 0.9952
vn 0.0829 -0.0539 0.9951
vn 0.4086 -0.9123 -0.0288
vn 0.4085 -0.9123 -0.0288
vn -0.0605 0.9737 0.2195
vn -0.0604 0.9738 0.2194
vn 0.0325 -0.0663 0.9973
vn 0.8625 -0.5001 0.0768
vn 0.8626 -0.5000 0.0769
vn 0.8626 -0.5001 0.0768
vn -0.8766 -0.4661 -0.1195
vn -0.8769 -0.4657 -0.1190
vn -0.8767 -0.4659 -0.1193
vn 0.0089 -0.1061 0.9943
vn -0.0005 -0.1132 0.9936
vn 0.0029 -0.1137 0.9935
vn -0.0015 -0.1131 0.9936
vn -0.0014 -0.1131 0.9936
vn -0.0073 -0.0972 0.9952
vn -0.0075 -0.0972 0.9952
vn -0.1699 0.9630 0.2094
vn -0.1698 0.9630 0.2093
vn -0.1698 0.9630 0.2094
vn -0.0864 -0.9879 0.1290
vn -0.0862 -0.9879 0.1289
vn -0.0861 -0.9879 0.1288
vn -0.0234 -0.0291 0.9993
vn -0.0228 -0.0299 0.9993
vn -0.0243 -0.0279 0.9993
vn -0.4377 0.8805 0.1820
vn 0.2499 -0.9399 0.2325
vn 0.2499 -0.9400 0.2325
vn 0.0006 -0.0229 0.9997
vn 0.0002 -0.0229 0.9997
vn 0.0002 -0.0228 0.9997
vn -0.0000 -0.0227 0.9997
vn -0.0000 -0.0228 0.9997
vn -0.0010 -0.0237 0.9997
vn 0.0070 -0.0260 0.9996
vn 0.0078 -0.0265 0.9996
vn -0.0005 -0.0228 0.9997
vn -0.0002 -0.0228 0.9997
vn -0.0009 -0.0229 0.9997
vn -0.0008 -0.0231 0.9997
vn -0.0006 -0.0233 0.9997
vn -0.0009 -0.0234 0.9997
vn -0.0005 -0.0236 0.9997
vn 0.0080 -0.0262 0.9996
vn 0.0254 -0.0218 0.9994
vn 0.0253 -0.0218 0.9994
vn -0.0055 -0.0173 0.9998
vn -0.0055 -0.0172 0.9998
vn 0.8686 0.3524 0.3483
vn -0.4104 0.6639 0.6251
vn -0.4110 0.6637 0.6249
vn -0.4108 0.6638 0.6250
vn 0.5931 -0.5070 -0.6254
vn -0.5117 0.5693 0.6435
vn -0.5116 0.5694 0.6435
vn -0.5115 0.5694 0.6435
vn -0.0224 0.0306 0.9993
vn -0.0185 0.0393 0.9991
vn -0.0155 0.0369 0.9992
vn 0.6632 0.6257 0.4107
vn -0.0078 0.0495 0.9987
vn -0.0077 0.0584 0.9983
vn -0.0133 0.0543 0.9984
vn -0.6012 0.4534 0.6580
vn -0.6010 0.4535 0.6581
vn -0.0065 0.0629 0.9980
vn 0.0145 0.0660 0.9977
vn 0.0091 0.0667 0.9977
vn 0.0209 0.0665 0.9976
vn 0.0268 0.0659 0.9975
vn 0.0274 0.0657 0.9975
vn 0.0405 0.0577 0.9975
vn 0.0471 0.0501 0.9976
vn 0.0442 0.0531 0.9976
vn 0.0526 0.0421 0.9977
vn 0.0486 0.0486 0.9976
vn 0.0562 0.0340 0.9978
vn 0.0583 0.0365 0.9976
vn 0.0583 0.0361 0.9976
vn 0.6391 0.6114 0.4666
vn 0.0896 0.0590 0.9942
vn 0.0862 0.0657 0.9941
vn 0.0902 0.0586 0.9942
vn 0.0084 0.9999 0.0109
vn 0.0086 0.9999 0.0109
vn 0.5612 -0.8259 -0.0542
vn 0.5573 -0.8286 -0.0544
vn 0.5572 -0.8286 -0.0544
vn -1.0000 -0.0018 0.0083
vn -1.0000 -0.0001 0.0087
vn -1.0000 -0.0019 0.0083
vn 0.3217 -0.9345 0.1522
vn 0.3218 -0.9345 0.1522
vn 0.2722 -0.9233 0.2711
vn 0.2756 -0.9225 0.2703
vn 0.2757 -0.9224 0.2704
vn -0.4560 0.8874 0.0676
vn -0.4561 0.8874 0.0675
vn -0.4562 0.8873 0.0675
vn 0.6028 -0.7763 0.1841
vn 0.6030 -0.7762 0.1839
vn 0.6032 -0.7761 0.1839
vn 0.8065 0.5234 0.2750
vn 0.8064 0.5237 0.2748
vn 0.8064 0.5236 0.2748
vn -0.4292 0.9011 0.0622
vn -0.4291 0.9011 0.0623
vn -0.4290 0.9012 0.0624
vn -0.4958 -0.8677 0.0359
vn -0.4959 -0.8677 0.0360
vn -0.4959 -0.8676 0.0360
vn 0.9355 0.2287 0.2694
vn 0.9355 0.2291 0.2691
vn 0.9355 0.2290 0.2692
vn -0.6002 0.7953 0.0847
vn -0.6003 0.7953 0.0846
vn -0.6003 0.7953 0.0847
vn 0.2719 -0.9233 0.2713
vn 0.2753 -0.9226 0.2703
vn 0.9605 0.0960 0.2614
vn 0.9605 0.0961 0.2612
vn 0.9605 0.0960 0.2613
vn -0.9322 -0.2211 -0.2864
vn -0.9322 -0.2212 -0.2864
vn 0.6169 -0.7757 0.1330
vn 0.6169 -0.7757 0.1329
vn -0.8201 0.5623 0.1058
vn -0.8198 0.5623 0.1083
vn 0.3134 -0.9442 0.1015
vn 0.3135 -0.9442 0.1015
vn 0.3134 -0.9442 0.1014
vn -0.7869 0.6062 0.1153
vn -0.7869 0.6063 0.1152
vn -0.1560 -0.9813 0.1126
vn -0.1561 -0.9813 0.1126
vn -0.8005 0.5873 0.1197
vn -0.8005 0.5872 0.1197
vn -0.9646 -0.0988 -0.2444
vn -0.9646 -0.0989 -0.2444
vn 0.7800 -0.6170 0.1045
vn 0.7798 -0.6173 0.1043
vn -0.6972 0.7026 0.1424
vn -0.6971 0.7027 0.1423
vn -0.6971 0.7027 0.1424
vn 0.6262 -0.7781 -0.0497
vn 0.6262 -0.7781 -0.0496
vn 0.7705 -0.2423 -0.5896
vn -0.7164 0.3012 0.6293
vn -0.7164 0.3013 0.6293
vn 0.0206 0.8277 0.5608
vn 0.0205 0.8277 0.5607
vn 0.6564 -0.6485 -0.3855
vn 0.1818 0.8232 0.5379
vn 0.1819 0.8231 0.5379
vn -0.6955 0.2714 0.6653
vn -0.6954 0.2715 0.6654
vn -0.6956 0.2713 0.6652
vn 0.3185 0.7928 0.5196
vn 0.3184 0.7929 0.5196
vn -0.7560 0.2670 0.5977
vn -0.7562 0.2667 0.5976
vn -0.7561 0.2668 0.5976
vn -0.7942 -0.5112 -0.3286
vn 0.3234 -0.6893 -0.6482
vn 0.3235 -0.6893 -0.6482
vn 0.5023 0.7068 0.4982
vn 0.5023 0.7068 0.4981
vn 0.5022 0.7070 0.4979
vn 0.8842 -0.3039 0.3547
vn 0.6011 0.6300 0.4918
vn 0.6011 0.6299 0.4918
vn 0.6011 0.6299 0.4919
vn 0.6878 0.5351 0.4905
vn 0.6878 0.5351 0.4906
vn 0.6880 0.5350 0.4904
vn -0.7110 -0.5595 -0.4260
vn 0.8617 -0.2710 0.4289
vn 0.8617 -0.2710 0.4290
vn -0.8166 0.0689 0.5731
vn -0.8163 0.0692 0.5734
vn 0.5102 -0.5656 -0.6479
vn 0.7346 0.4643 0.4948
vn -0.9735 -0.1741 -0.1483
vn -0.9021 -0.4287 0.0500
vn -0.9020 -0.4287 0.0500
vn -0.1213 0.0225 0.9924
vn 0.7067 0.4500 0.5459
vn 0.7068 0.4500 0.5459
vn 0.5706 -0.6109 0.5489
vn 0.5706 -0.6108 0.5489
vn -0.8756 -0.1469 0.4601
vn -0.8756 -0.1470 0.4601
vn -0.7670 -0.6036 0.2178
vn -0.7670 -0.6035 0.2178
vn 0.6615 0.5142 0.5459
vn 0.6615 0.5143 0.5458
vn 0.6615 0.5141 0.5460
vn 0.0596 0.0309 0.9977
vn 0.0595 0.0309 0.9977
vn -0.8049 0.3144 0.5034
vn -0.8049 0.3145 0.5032
vn -0.8049 0.3145 0.5031
vn 0.5755 0.6030 0.5524
vn 0.4806 0.6759 0.5587
vn 0.4806 0.6760 0.5587
vn 0.4806 0.6759 0.5588
vn 0.4210 -0.7332 0.5341
vn 0.4210 -0.7332 0.5340
vn -0.8305 -0.5348 0.1557
vn -0.7007 0.2232 0.6777
vn 0.3063 0.7629 0.5694
vn 0.3063 0.7629 0.5693
vn 0.1766 0.7993 0.5744
vn 0.1695 -0.8821 -0.4394
vn 0.1694 -0.8822 -0.4394
vn 0.0201 0.8163 0.5773
vn 0.0201 0.8162 0.5774
vn 0.0200 0.8164 0.5772
vn 0.6052 0.5853 0.5395
vn 0.6053 0.5853 0.5395
vn -0.7225 0.3266 0.6094
vn -0.7224 0.3266 0.6094
vn -0.6717 0.5072 0.5399
vn -0.6717 0.5073 0.5399
vn 0.6554 0.5169 0.5508
vn 0.6557 0.5168 0.5505
vn 0.6555 0.5168 0.5506
vn -0.5559 0.6186 0.5552
vn -0.5559 0.6186 0.5553
vn 0.6523 -0.5574 0.5136
vn 0.6522 -0.5577 0.5135
vn -0.4356 0.7018 0.5637
vn -0.4356 0.7017 0.5638
vn -0.4355 0.7019 0.5636
vn -0.6396 -0.7687 -0.0039
vn -0.6395 -0.7688 -0.0039
vn -0.6394 -0.7688 -0.0038
vn -0.3663 0.7371 0.5679
vn -0.3664 0.7370 0.5679
vn -0.3665 0.7368 0.5682
vn -0.2225 0.7879 0.5742
vn -0.2226 0.7878 0.5743
vn 0.8038 -0.3993 0.4410
vn -0.1187 0.8079 0.5772
vn -0.1189 0.8078 0.5774
vn -0.6844 -0.7289 0.0152
vn -0.6844 -0.7290 0.0153
vn 0.4731 -0.8284 0.2999
vn -0.7020 0.6976 -0.1434
vn -0.7019 0.6977 -0.1433
vn 0.7393 -0.5784 0.3449
vn 0.7393 -0.5783 0.3449
vn -0.8693 -0.1190 0.4797
vn -0.8694 -0.1191 0.4796
vn -0.8694 -0.1191 0.4795
vn -0.8019 0.5805 -0.1416
vn -0.8019 0.5805 -0.1417
vn -0.1237 -0.8568 0.5005
vn -0.1236 -0.8568 0.5006
vn -0.1237 -0.8568 0.5006
vn -0.7871 0.5992 -0.1463
vn -0.7870 0.5993 -0.1465
vn -0.7871 0.5992 -0.1464
vn 0.1223 -0.8208 0.5580
vn 0.1242 -0.8204 0.5581
vn 0.1240 -0.8206 0.5579
vn -0.8169 0.5545 -0.1585
vn -0.8176 0.5548 -0.1537
vn -0.8176 0.5549 -0.1539
vn 0.5754 -0.7147 0.3977
vn -0.8973 -0.2201 0.3827
vn -0.8973 -0.2201 0.3828
vn 0.8702 0.0878 -0.4848
vn 0.8703 0.0878 -0.4847
vn 0.3407 -0.8129 0.4724
vn 0.3406 -0.8129 0.4725
vn -0.5990 0.7945 -0.0993
vn -0.5991 0.7945 -0.0992
vn 0.8590 0.2130 -0.4656
vn 0.8589 0.2131 -0.4657
vn -0.4167 -0.7490 0.5151
vn -0.4166 -0.7490 0.5151
vn -0.4284 0.9029 -0.0341
vn -0.4285 0.9029 -0.0339
vn 0.7609 0.5022 -0.4109
vn 0.7610 0.5022 -0.4108
vn 0.5734 -0.7400 0.3515
vn 0.5735 -0.7400 0.3515
vn -0.4563 0.8888 -0.0441
vn -0.4561 0.8888 -0.0443
vn -0.4562 0.8888 -0.0442
vn 0.2328 -0.7811 0.5794
vn 0.2329 -0.7812 0.5793
vn 0.2924 -0.8376 0.4615
vn 0.2925 -0.8374 0.4618
vn 0.2926 -0.8373 0.4618
vn 0.1222 -0.8207 0.5582
vn 0.1220 -0.8207 0.5582
vn -0.4470 0.8802 -0.1597
vn -0.0716 -0.8604 0.5047
vn -0.0716 -0.8604 0.5046
vn -0.0716 -0.8603 0.5047
vn -0.1757 0.9685 -0.1765
vn -0.1757 0.9685 -0.1764
vn -0.1756 0.9685 -0.1764
vn -0.7618 -0.4096 0.5020
vn 0.8231 -0.4738 0.3130
vn 0.8232 -0.4737 0.3131
vn 0.8231 -0.4737 0.3131
vn -0.0648 0.9814 -0.1805
vn -0.0648 0.9815 -0.1804
vn 0.2159 -0.8259 0.5208
vn 0.7980 -0.1663 -0.5793
vn 0.7979 -0.1663 -0.5793
vn 0.0244 0.9808 -0.1936
vn 0.0245 0.9808 -0.1935
vn -0.9980 -0.0000 -0.0627
vn 0.1351 -0.8651 0.4830
vn 0.1351 -0.8651 0.4831
vn -0.7437 0.6664 -0.0529
vn -0.7438 0.6664 -0.0528
vn 0.1496 0.9612 -0.2318
vn 0.1496 0.9612 -0.2319
vn -0.5435 0.8345 -0.0910
vn -0.5434 0.8345 -0.0910
vn -0.5826 -0.6316 0.5116
vn 0.8327 -0.4909 0.2562
vn 0.8327 -0.4910 0.2561
vn 0.3865 0.8727 -0.2982
vn 0.3866 0.8727 -0.2982
vn -0.4890 0.8703 -0.0595
vn -0.4888 0.8704 -0.0597
vn 0.5830 0.7326 -0.3514
vn 0.0535 -0.9876 -0.1478
vn 0.0517 -0.9877 -0.1478
vn 0.0518 -0.9877 -0.1478
vn 0.5607 -0.8187 -0.1238
vn 0.5642 -0.8164 -0.1233
vn 0.5640 -0.8165 -0.1235
vn 0.0064 -0.9745 -0.2245
vn 0.0064 -0.9744 -0.2246
vn 0.9795 -0.0668 0.1903
vn 0.0239 -0.9885 -0.1495
vn 0.6698 -0.7400 0.0612
vn 0.6698 -0.7400 0.0613
vn -1.0000 0.0018 0.0083
vn -1.0000 0.0019 0.0082
vn 0.8105 0.3598 0.4622
vn 0.6922 0.3493 0.6316
vn 0.6922 0.3493 0.6315
vn 0.5682 0.5168 0.6404
vn 0.5683 0.5168 0.6403
vn 0.4400 0.6436 0.6262
vn 0.4400 0.6436 0.6263
vn 0.3165 0.7121 0.6267
vn 0.1023 0.7466 0.6574
vn 0.1023 0.7465 0.6574
vn 0.0013 0.6604 0.7509
vn -0.0620 0.5195 0.8522
vn -0.0620 0.5194 0.8522
vn 0.0867 0.1485 0.9851
vn 0.0868 0.1484 0.9851
vn -0.0029 0.1495 0.9888
vn -0.0029 0.1496 0.9887
vn -0.0020 0.1262 0.9920
vn 0.0106 0.1124 0.9936
vn 0.0099 0.1130 0.9935
vn 0.0114 0.1115 0.9937
vn 0.0104 0.1112 0.9937
vn 0.0100 0.1094 0.9940
vn 0.0960 0.1098 0.9893
vn 0.0961 0.1100 0.9893
vn -0.0003 0.1111 0.9938
vn 0.0003 0.1109 0.9938
vn -0.0077 0.1137 0.9935
vn -0.0069 0.1134 0.9935
vn -0.0122 0.1113 0.9937
vn -0.0122 0.1114 0.9937
vn -0.0226 0.1153 0.9931
vn -0.0335 0.1248 0.9916
vn -0.0282 0.1283 0.9913
vn -0.0276 0.1288 0.9913
vn -0.0275 0.1288 0.9913
vn 0.1126 0.0684 0.9913
vn 0.1126 0.0685 0.9913
vn -0.0379 0.1537 0.9874
vn -0.0357 0.1425 0.9891
vn -0.1369 0.1788 0.9743
vn -0.1365 0.1783 0.9745
vn -0.1367 0.1785 0.9744
vn -0.1771 0.1850 0.9666
vn -0.2028 0.1942 0.9598
vn -0.2028 0.1943 0.9598
vn -0.2843 0.2128 0.9348
vn -0.3442 0.2333 0.9095
vn -0.3441 0.2333 0.9095
vn -0.5229 0.2659 0.8099
vn -0.5228 0.2660 0.8099
vn -0.8919 0.2028 0.4041
vn 0.0148 -0.0482 0.9987
vn 0.1088 -0.0767 0.9911
vn 0.1087 -0.0767 0.9911
vn 0.0229 -0.0892 0.9958
vn 0.0048 -0.1124 0.9937
vn 0.0098 -0.1047 0.9945
vn -0.0140 -0.0673 0.9976
vn -0.0187 -0.0440 0.9989
vn -0.0186 -0.0440 0.9989
vn -0.0303 -0.0197 0.9993
vn -0.0727 -0.0069 0.9973
vn -0.0001 -0.0227 0.9997
vn -0.0007 -0.0231 0.9997
vn -0.0009 -0.0230 0.9997
vn -0.0002 -0.0230 0.9997
vn 0.0290 0.0094 0.9995
vn 0.9256 -0.3783 -0.0050
vn 0.9257 -0.3783 -0.0050
vn 0.9523 -0.2995 -0.0585
vn -0.0258 0.0247 0.9994
vn -0.0199 0.0234 0.9995
vn -0.0213 0.0232 0.9995
vn -0.0196 0.0238 0.9995
vn -0.0179 0.0403 0.9990
vn -0.0125 0.0338 0.9994
vn -0.0050 0.0542 0.9985
vn 0.0273 0.0652 0.9975
vn 0.0096 0.0666 0.9977
vn 0.0488 0.0470 0.9977
vn 0.0662 0.0610 0.9959
vn 0.0673 0.0553 0.9962
vn 0.0672 0.0563 0.9962
vn 0.6060 -0.7865 -0.1193
vn 0.5978 -0.7926 -0.1202
vn 0.5977 -0.7926 -0.1201
vn 0.6044 -0.7951 -0.0498
vn 0.6086 -0.7919 -0.0499
vn 0.6043 -0.7952 -0.0498
vn 0.6160 -0.7789 -0.1180
vn 0.6117 -0.7820 -0.1193
vn 0.6141 -0.7803 -0.1183
vn 0.6001 -0.7909 -0.1200
vn 0.5564 -0.8216 -0.1239
vn 0.5604 -0.8189 -0.1237
vn 0.5576 -0.8208 -0.1239
vn 0.5582 -0.8204 -0.1239
vn 0.0483 -0.9878 -0.1478
vn 0.0461 -0.9879 -0.1478
vn 0.0462 -0.9879 -0.1478
vn 0.0482 -0.9878 -0.1478
vn 0.1474 -0.9887 -0.0283
vn 0.1455 -0.9890 -0.0283
vn 0.1459 -0.9889 -0.0283
vn 0.1476 -0.9886 -0.0284
vn 0.1508 -0.9882 -0.0283
vn 0.1477 -0.9886 -0.0284
vn 0.1507 -0.9882 -0.0283
vn 0.1480 -0.9886 -0.0273
vn 0.2792 -0.9599 -0.0265
vn 0.2819 -0.9591 -0.0271
vn 0.2785 -0.9601 -0.0264
vn -0.1889 0.8539 0.4849
vn -0.1899 0.8601 0.4734
vn -0.1886 0.8542 0.4845
vn -0.1903 0.8602 0.4730
vn -0.1001 0.8652 0.4913
vn -0.1005 0.8685 0.4854
vn -0.1009 0.8718 0.4794
vn -0.1010 0.8717 0.4796
vn 0.0355 0.8163 0.5766
vn 0.0355 0.8162 0.5766
vn 0.1345 0.9308 0.3399
vn -0.0026 0.9156 0.4021
vn -0.0034 0.8763 0.4818
vn -0.0025 0.8763 0.4818
vn 0.0621 0.7850 0.6163
vn 0.0621 0.7850 0.6164
vn 0.0661 0.8792 0.4719
vn 0.0660 0.8792 0.4718
vn 0.0017 -0.9883 -0.1525
vn 0.0020 -0.9883 -0.1526
vn 0.4003 0.8633 0.3074
vn 0.4003 0.8633 0.3073
vn 0.5907 0.7982 0.1183
vn -0.0220 0.0238 0.9995
vn 0.8419 0.5303 0.1000
vn 0.8419 0.5303 0.1001
vn -0.0812 0.0273 0.9963
vn 0.9088 0.4128 0.0614
vn 0.9073 0.4161 0.0610
vn 0.9091 0.4121 0.0612
vn 0.1896 0.8512 0.4894
vn 0.2510 0.9410 0.2270
vn 0.2509 0.9410 0.2270
vn 0.2510 0.9410 0.2271
vn 0.0624 0.7711 0.6337
vn 0.0624 0.7710 0.6337
vn 0.0878 0.8973 0.4326
vn 0.0372 0.8597 0.5094
vn -0.0044 0.8763 0.4818
vn 0.9196 0.3893 0.0518
vn 0.9154 0.3990 0.0527
vn 0.9195 0.3898 0.0514
vn 0.9152 0.3994 0.0531
vn 0.9153 0.3994 0.0532
vn 0.9086 0.4131 0.0614
vn 0.9057 0.4195 0.0614
vn 0.9052 0.4205 0.0617
vn 0.9753 0.2184 0.0323
vn 0.9753 0.2185 0.0323
vn 0.9752 0.2188 0.0324
vn 0.6139 -0.7803 -0.1193
vn 0.6165 -0.7784 -0.1186
vn 0.6166 -0.7783 -0.1190
vn -0.9615 -0.2715 -0.0414
vn -0.9615 -0.2716 -0.0418
vn -0.9615 -0.2716 -0.0412
vn -0.9614 -0.2720 -0.0412
vn -0.9614 -0.2721 -0.0415
vn -0.8207 -0.5652 -0.0841
vn -0.8205 -0.5653 -0.0844
vn -0.8208 -0.5650 -0.0843
vn -0.8204 -0.5655 -0.0843
vn -0.8203 -0.5657 -0.0844
vn -0.6350 -0.7638 -0.1158
vn -0.6376 -0.7617 -0.1154
vn -0.6348 -0.7640 -0.1157
vn -0.6361 -0.7628 -0.1160
vn -0.6394 -0.7602 -0.1152
vn 0.8791 -0.4710 -0.0727
vn 0.2335 -0.9643 -0.1248
vn 0.2941 -0.9487 -0.1159
vn -0.9904 -0.1370 -0.0200
vn -0.9903 -0.1371 -0.0204
vn -0.9904 -0.1370 -0.0201
vn -0.9903 -0.1377 -0.0198
vn -0.9902 -0.1379 -0.0201
vn -0.8757 -0.4786 -0.0639
vn -0.8734 -0.4826 -0.0648
vn -0.8756 -0.4787 -0.0643
vn -0.8734 -0.4827 -0.0647
vn -0.6663 -0.7406 -0.0873
vn -0.6597 -0.7463 -0.0878
vn -0.6661 -0.7407 -0.0872
vn -0.6596 -0.7465 -0.0880
vn -0.4672 -0.8799 -0.0863
vn -0.4673 -0.8799 -0.0864
vn -0.4673 -0.8799 -0.0863
vn -0.4536 -0.8869 -0.0870
vn -0.4537 -0.8869 -0.0870
vn -0.1151 -0.9905 -0.0748
vn -0.0949 -0.9927 -0.0750
vn -0.0948 -0.9927 -0.0749
vn -0.0777 -0.9950 -0.0624
vn -0.0765 -0.9951 -0.0627
vn -0.0779 -0.9950 -0.0627
vn -0.0763 -0.9951 -0.0624
vn -0.0750 -0.9952 -0.0627
vn 0.1594 -0.9854 -0.0590
vn 0.1605 -0.9853 -0.0587
vn 0.1606 -0.9853 -0.0588
vn 0.1620 -0.9850 -0.0589
vn 0.1619 -0.9850 -0.0588
vn 0.3329 -0.9415 -0.0533
vn 0.3341 -0.9410 -0.0532
vn 0.3342 -0.9410 -0.0533
vn 0.3352 -0.9406 -0.0530
vn 0.3354 -0.9406 -0.0532
vn 0.6315 -0.7743 -0.0398
vn 0.6333 -0.7729 -0.0397
vn 0.6334 -0.7728 -0.0398
vn 0.6353 -0.7712 -0.0399
vn 0.6352 -0.7714 -0.0397
vn 0.7917 -0.6103 -0.0262
vn 0.7932 -0.6083 -0.0260
vn 0.7933 -0.6082 -0.0261
vn 0.7950 -0.6060 -0.0262
vn 0.7949 -0.6062 -0.0260
vn 0.8697 -0.4933 -0.0160
vn 0.8708 -0.4914 -0.0159
vn 0.8709 -0.4912 -0.0160
vn 0.8721 -0.4891 -0.0160
vn 0.8720 -0.4893 -0.0158
vn 0.8359 -0.5487 -0.0145
vn 0.8359 -0.5487 -0.0144
vn 0.8360 -0.5485 -0.0146
vn 0.8362 -0.5482 -0.0146
vn 0.8364 -0.5480 -0.0147
vn 0.6112 -0.7912 -0.0212
vn 0.6111 -0.7913 -0.0213
vn 0.6109 -0.7914 -0.0211
vn 0.6105 -0.7917 -0.0211
vn 0.6106 -0.7917 -0.0211
vn 0.0016 -0.9881 -0.1536
vn 0.0005 -0.9881 -0.1539
vn 0.0003 -0.9881 -0.1536
vn 0.0012 -0.9881 -0.1538
vn 0.2821 -0.9590 -0.0270
vn 0.2848 -0.9582 -0.0273
vn 0.2846 -0.9583 -0.0273
vn -0.1002 0.8653 0.4911
vn -0.0586 0.8681 0.4930
vn -0.0592 0.8746 0.4811
vn -0.0587 0.8681 0.4928
vn -0.0591 0.8747 0.4810
vn 0.6182 -0.7843 -0.0529
vn 0.6182 -0.7842 -0.0529
vn 0.5655 -0.8230 -0.0540
vn 0.5574 -0.8284 -0.0551
vn 0.2392 0.9620 0.1317
vn 0.2392 0.9620 0.1318
vn 0.7211 0.6738 0.1611
vn 0.0157 0.3574 0.9338
vn -0.1030 0.6580 0.7459
vn -0.1029 0.6580 0.7459
vn 0.9130 0.4071 0.0267
vn 0.9143 0.4042 0.0268
vn -0.6504 -0.7577 -0.0542
vn -0.6505 -0.7576 -0.0542
vn -0.8229 -0.5669 -0.0394
vn -0.8228 -0.5669 -0.0394
vn 0.0482 -0.9965 -0.0677
vn 0.0481 -0.9965 -0.0677
vn 0.6021 -0.7967 -0.0517
vn 0.6025 -0.7964 -0.0523
vn 0.9756 0.2193 0.0136
vn 0.9755 0.2197 0.0136
vn 0.9055 0.4235 0.0258
vn 0.9051 0.4244 0.0258
vn 0.9033 0.4281 0.0272
vn 0.1796 0.9770 0.1148
vn 0.1797 0.9770 0.1147
vn 0.2391 0.9597 0.1477
vn 0.2390 0.9597 0.1477
vn 0.2849 -0.9582 0.0273
vn 0.2849 -0.9582 0.0274
vn 0.0001 -0.9176 0.3976
vn -0.0005 -0.9176 0.3975
vn -0.0006 -0.9175 0.3978
vn 0.5844 -0.7558 0.2954
vn 0.5845 -0.7556 0.2956
vn 0.8171 -0.5369 0.2101
vn 0.8171 -0.5369 0.2100
vn 0.8170 -0.5371 0.2099
vn 0.8528 -0.4873 0.1877
vn 0.7698 -0.5976 0.2241
vn 0.7698 -0.5977 0.2240
vn 0.6055 -0.7473 0.2736
vn 0.6056 -0.7472 0.2737
vn 0.3139 -0.8930 0.3225
vn 0.3139 -0.8930 0.3226
vn 0.3138 -0.8930 0.3225
vn 0.1490 -0.9308 0.3337
vn 0.1487 -0.9310 0.3333
vn 0.1488 -0.9310 0.3333
vn -0.0754 -0.9398 0.3334
vn -0.0754 -0.9398 0.3333
vn -0.1221 -0.9391 0.3213
vn -0.4601 -0.8458 0.2702
vn -0.4601 -0.8457 0.2703
vn -0.4601 -0.8457 0.2702
vn -0.6572 -0.7220 0.2164
vn -0.8710 -0.4725 0.1342
vn -0.8710 -0.4725 0.1343
vn -0.9900 -0.1365 0.0368
vn -0.9900 -0.1362 0.0373
vn -0.9900 -0.1364 0.0370
vn 0.0309 -0.9895 0.1412
vn -0.0752 0.6301 0.7729
vn -0.6337 -0.7648 -0.1159
vn -0.6337 -0.7649 -0.1158
vn -0.8209 -0.5649 -0.0842
vn -0.8208 -0.5649 -0.0842
vn -0.9551 -0.2797 0.0982
vn -0.0003 -0.9171 0.3988
vn 0.6130 -0.7811 -0.1194
vn 0.6139 -0.7804 -0.1189
vn 0.9396 0.2587 0.2241
vn 0.8494 0.4245 0.3135
vn 0.6944 0.6019 0.3944
vn 0.7011 0.5971 0.3898
vn 0.7009 0.5972 0.3901
vn 0.5098 0.7537 0.4147
vn 0.5098 0.7538 0.4147
vn 0.3749 0.8221 0.4284
vn 0.1675 0.8787 0.4470
vn 0.1678 0.8785 0.4473
vn 0.1677 0.8785 0.4473
vn 0.0981 0.8705 0.4822
vn 0.0979 0.8706 0.4821
vn 0.0980 0.8706 0.4822
vn 0.0326 0.8257 0.5632
vn 0.0324 0.8257 0.5631
vn 0.0325 0.8257 0.5632
vn -0.0654 0.7531 0.6546
vn -0.0654 0.7531 0.6547
vn 0.8965 0.3706 0.2429
vn 0.8965 0.3706 0.2428
vn 0.0835 0.9124 0.4007
vn 0.0817 0.8935 0.4416
vn 0.1734 0.7605 0.6257
vn 0.8504 0.3954 0.3470
vn 0.8504 0.3954 0.3471
vn 0.6941 0.6022 0.3944
vn 0.1558 0.8758 0.4569
vn 0.1558 0.8757 0.4569
vn 0.0859 0.8521 0.5163
vn 0.0858 0.8521 0.5163
vn 0.0280 0.7921 0.6098
vn -0.3015 0.3209 0.8978
vn -0.0688 0.7176 0.6930
vn 0.5972 0.4718 0.6486
vn 0.5973 0.4718 0.6486
vn -0.0709 0.6534 0.7537
vn 0.1529 0.7308 0.6653
vn 0.8565 0.3675 0.3625
vn 0.8565 0.3676 0.3624
vn 0.0021 -0.9171 0.3988
vn 0.0040 -0.9170 0.3988
vn 0.0032 -0.9171 0.3988
vn 0.0014 -0.9171 0.3986
vn 0.0013 -0.9171 0.3986
vn 0.0383 0.8304 0.5559
vn 0.3805 -0.9051 0.1897
vn 0.3806 -0.9051 0.1897
vn 0.1505 -0.9882 0.0279
vn 0.0452 -0.9880 -0.1478
vn 0.0454 -0.9880 -0.1479
vn 0.5561 -0.8218 -0.1241
vn 0.5561 -0.8218 -0.1240
vn 0.4287 -0.8823 -0.1942
vn 0.1460 -0.9889 -0.0283
vn 0.1509 -0.9882 -0.0279
vn -0.0617 0.9138 0.4014
vn 0.9208 0.3898 0.0148
vn -0.0005 -0.9173 0.3982
vn 0.0011 -0.9882 -0.1532
vn 0.0008 -0.9882 -0.1532
vn 0.0030 -0.9883 -0.1527
vn 0.0023 -0.9882 -0.1531
vn 0.6129 -0.7811 -0.1198
vn 0.6154 -0.7793 -0.1184
vn 0.6099 -0.7910 -0.0484
vn 0.6040 -0.7951 -0.0551
vn 0.6219 -0.7740 -0.1188
vn 0.0659 0.0619 0.9959
vn 0.0579 0.0369 0.9976
vn 0.0018 0.0656 0.9978
vn -0.0185 0.0403 0.9990
vn -0.0194 0.0320 0.9993
vn -0.0237 0.0263 0.9994
vn -0.0274 0.0223 0.9994
vn -0.0219 0.0083 0.9997
vn -0.0219 0.0082 0.9997
vn 0.0898 0.0582 0.9943
vn 0.0899 0.0582 0.9943
vn 0.0528 0.0415 0.9977
vn 0.0591 0.0338 0.9977
vn 0.0412 0.0570 0.9975
vn 0.0406 0.0581 0.9975
vn 0.0278 0.0655 0.9975
vn -0.0026 0.0589 0.9983
vn -0.0074 0.0497 0.9987
vn -0.0171 0.0282 0.9995
vn 0.6224 -0.7737 -0.1187
vn -0.2977 -0.4541 0.8397
vn -0.2978 -0.4541 0.8397
vn -0.2978 -0.4540 0.8397
vn -0.5666 -0.0857 0.8195
vn -0.3355 -0.0856 0.9381
vn -0.3356 -0.0856 0.9381
vn -0.1488 -0.0559 0.9873
vn 0.3886 0.3025 0.8703
vn 0.3886 0.3025 0.8704
vn 0.2441 0.2110 0.9465
vn 0.2442 0.2111 0.9465
vn 0.2442 0.2110 0.9465
vn -0.9967 0.0398 0.0711
vn -0.6169 0.7781 0.1181
vn -0.6181 0.7773 0.1175
vn -0.6183 0.7771 0.1174
vn -0.6195 0.7766 0.1145
vn -0.6194 0.7765 0.1155
vn -0.3974 0.8970 0.1936
vn -0.4474 0.8806 0.1562
vn -0.9888 0.1487 0.0135
vn -0.9888 0.1488 0.0135
vn -0.9429 0.3325 0.0215
vn -0.9428 0.3326 0.0213
vn -0.9429 0.3325 0.0213
vn -0.8589 0.5104 0.0418
vn -0.8589 0.5104 0.0417
vn -0.8318 0.5523 0.0553
vn -0.8318 0.5523 0.0552
vn -0.7593 0.6462 0.0760
vn -0.7593 0.6463 0.0760
vn -0.6967 0.7108 0.0967
vn -0.6022 0.7889 0.1226
vn -0.6023 0.7888 0.1227
vn -0.4057 0.8860 0.2245
vn -0.4058 0.8860 0.2245
vn -0.1300 0.9409 0.3128
vn 0.3224 0.9449 0.0570
vn 0.3223 0.9449 0.0570
vn 0.0068 -0.0040 -1.0000
vn 0.0067 -0.0038 -1.0000
vn 0.0072 -0.0046 -1.0000
vn 0.0039 -0.0049 -1.0000
vn 0.0059 -0.0046 -1.0000
vn 0.0068 -0.0046 -1.0000
vn -0.9077 -0.4172 -0.0463
vn -0.9077 -0.4171 -0.0463
vn 0.0042 -0.0049 -1.0000
vn 0.0054 -0.0048 -1.0000
vn 0.0053 -0.0047 -1.0000
vn 0.2390 0.9702 0.0386
vn -0.9776 -0.2052 -0.0469
vn -0.9776 -0.2051 -0.0470
vn -0.9776 -0.2052 -0.0470
vn 0.0045 -0.0048 -1.0000
vn 0.0123 0.2199 0.9754
vn 0.0099 0.2180 0.9759
vn 0.0096 0.2179 0.9759
vn 0.0098 0.1106 0.9938
vn 0.0094 0.1109 0.9938
vn 0.0097 0.1100 0.9939
vn 0.0182 0.2120 0.9771
vn 0.0278 0.2348 0.9716
vn 0.0149 0.2219 0.9749
vn 0.0148 0.2215 0.9750
vn 0.0112 0.2270 0.9738
vn 0.0114 0.2270 0.9738
vn 0.0105 0.2269 0.9739
vn -0.0153 0.1169 0.9930
vn -0.0152 0.1168 0.9930
vn -0.0161 0.1167 0.9930
vn 0.0288 0.2335 0.9719
vn -0.0112 0.2480 0.9687
vn -0.0238 0.1156 0.9930
vn -0.0025 0.2437 0.9698
vn -0.0017 0.2473 0.9689
vn -0.0019 0.2475 0.9689
vn -0.0016 0.2393 0.9709
vn -0.0029 0.2432 0.9700
vn -0.0123 0.1103 0.9938
vn -0.0128 0.1105 0.9938
vn -0.0160 0.1110 0.9937
vn -0.0127 0.1105 0.9938
vn -0.0109 0.2476 0.9688
vn -0.0061 0.2427 0.9701
vn -0.0058 0.2422 0.9702
vn 0.0156 0.0725 0.9972
vn -0.0008 0.2352 0.9719
vn -0.6195 0.7766 0.1144
vn 0.7099 -0.6559 0.2567
vn 0.7099 -0.6558 0.2567
vn 0.7100 -0.6557 0.2568
vn 0.7340 -0.6789 -0.0178
vn 0.7338 -0.6791 -0.0178
vn 0.7342 -0.6787 -0.0178
vn 0.7339 -0.6790 -0.0177
vn 0.6553 -0.7075 0.2646
vn -0.8169 0.5545 -0.1588
vn -0.8175 0.5549 -0.1541
vn -0.8202 0.5626 0.1032
vn 0.6029 -0.7762 0.1844
vn 0.6032 -0.7760 0.1843
vn 0.0817 -0.0529 0.9953
vn -0.9495 0.0012 0.3138
vn -0.9495 0.0012 0.3137
vn 0.9656 0.1733 -0.1941
vn 0.9963 0.0593 -0.0621
vn 0.9339 0.3521 -0.0617
vn 0.9917 0.0496 0.1186
vn 0.8257 0.5154 0.2291
vn 0.8257 0.5155 0.2290
vn 0.8005 0.5453 0.2486
vn 0.9657 0.1768 0.1900
vn 0.9677 0.2419 0.0710
vn 0.9677 0.2419 0.0711
vn 0.6271 0.7685 0.1268
vn 0.6272 0.7685 0.1268
vn 0.6271 0.7685 0.1269
vn 0.9698 0.2432 0.0189
vn 0.9989 0.0196 0.0422
vn 0.3987 0.9155 0.0543
vn 0.3987 0.9155 0.0542
vn 0.9863 0.1357 0.0939
vn 0.9544 0.2680 0.1318
vn 0.9995 0.0320 0.0010
vn 0.9995 0.0313 0.0011
vn 0.9995 0.0312 0.0012
vn 0.2716 0.9618 0.0349
vn 0.2715 0.9618 0.0349
vn 0.9995 0.0308 0.0007
vn 0.9995 0.0305 0.0012
vn 0.6056 0.3671 0.7060
vn 0.6055 0.3671 0.7061
vn -0.3288 -0.0541 0.9429
vn -0.3289 -0.0541 0.9428
vn -0.5682 -0.0683 0.8201
vn -0.3193 -0.1625 0.9336
vn -0.3194 -0.1624 0.9336
vn 0.8558 0.4038 0.3233
vn -0.0002 -0.9174 0.3981
vn 0.9202 0.3896 0.0370
vn 0.0025 -0.9882 -0.1529
vn 0.0638 -0.9449 -0.3209
vn 0.0638 -0.9451 -0.3205
vn 0.0638 -0.9449 -0.3210
vn 0.1097 -0.9420 -0.3171
vn 0.1105 -0.9414 -0.3187
vn 0.2662 -0.8877 -0.3756
vn 0.2617 -0.9003 -0.3479
vn -0.2619 -0.9605 -0.0945
vn -0.1770 -0.9777 -0.1129
vn -0.1738 -0.9783 -0.1125
vn -0.1769 -0.9777 -0.1132
vn -0.0910 -0.9898 -0.1093
vn -0.0906 -0.9897 -0.1108
vn -0.0907 -0.9898 -0.1095
vn 0.0029 -0.9940 -0.1093
vn 0.0027 -0.9938 -0.1113
vn 0.0029 -0.9938 -0.1113
vn -0.8948 -0.4455 -0.0295
vn -0.8911 -0.4529 -0.0292
vn -0.8912 -0.4525 -0.0300
vn 0.0008 0.9974 0.0719
vn 0.0002 0.9974 0.0723
vn 0.0003 0.9976 0.0696
vn 0.3793 0.9253 0.0014
vn 0.3794 0.9252 0.0014
vn 0.9936 0.1129 -0.0077
vn 0.9936 0.1128 -0.0077
vn 0.7260 -0.6876 -0.0100
vn 0.9868 -0.1616 -0.0127
vn 0.9867 -0.1618 -0.0126
vn 0.9868 -0.1617 -0.0126
vn 0.9588 -0.2836 -0.0185
vn 0.9588 -0.2835 -0.0185
vn 0.5549 -0.8297 -0.0612
vn 0.5549 -0.8296 -0.0612
vn 0.5178 -0.8526 -0.0704
vn 0.5201 -0.8502 -0.0815
vn 0.5194 -0.8507 -0.0813
vn 0.3055 -0.9467 -0.1016
vn -0.2852 0.9581 0.0272
vn -0.2851 0.9581 0.0272
vn -0.2853 0.9581 0.0273
vn 0.3735 0.9272 0.0280
vn 0.2733 0.9593 0.0710
vn 0.8403 0.5378 0.0690
vn 0.8403 0.5378 0.0691
vn 0.2299 -0.9285 -0.2917
vn 0.4570 -0.8623 -0.2182
vn 0.5689 -0.8113 -0.1349
vn 0.9496 -0.2984 -0.0966
vn 0.9496 -0.2983 -0.0966
vn 0.9495 -0.2984 -0.0966
vn 0.9839 -0.1579 -0.0841
vn 0.9839 -0.1576 -0.0843
vn 0.9839 -0.1578 -0.0841
vn -0.7723 0.6353 0.0070
vn -0.7757 0.6310 0.0106
vn -0.0027 0.9876 0.1567
vn -0.0058 0.9869 0.1612
vn -0.0017 0.9879 0.1552
vn -0.6227 0.7735 0.1185
vn -0.6200 0.7756 0.1183
vn -0.6210 0.7748 0.1184
vn -0.9438 -0.3269 -0.0487
vn -0.9450 -0.3237 -0.0459
vn -0.9449 -0.3239 -0.0462
vn -0.9039 -0.4232 -0.0618
vn -0.9037 -0.4237 -0.0619
vn -0.9042 -0.4227 -0.0620
vn -0.7556 -0.6476 -0.0986
vn -0.7541 -0.6493 -0.0989
vn -0.7541 -0.6493 -0.0988
vn -0.5542 -0.8229 -0.1253
vn -0.5542 -0.8229 -0.1254
vn -0.4137 -0.9001 -0.1370
vn -0.4136 -0.9000 -0.1372
vn -0.1828 -0.9719 -0.1480
vn -0.1819 -0.9721 -0.1481
vn -0.1819 -0.9721 -0.1480
vn -0.1245 -0.9809 -0.1493
vn -0.1244 -0.9809 -0.1495
vn -0.1244 -0.9809 -0.1493
vn -0.0737 -0.9859 -0.1501
vn -0.0735 -0.9859 -0.1502
vn -0.0735 -0.9859 -0.1501
vn 0.0298 -0.9881 -0.1506
vn 0.0301 -0.9882 -0.1504
vn 0.0298 -0.9882 -0.1504
vn 0.1387 -0.9790 -0.1491
vn 0.1387 -0.9791 -0.1489
vn -0.9054 -0.4209 -0.0562
vn -0.9055 -0.4205 -0.0567
vn -0.9055 -0.4206 -0.0565
vn 0.0027 -0.8658 -0.5004
vn 0.0024 -0.8659 -0.5002
vn 0.0026 -0.8657 -0.5005
vn -0.0381 -0.8944 -0.4456
vn -0.1431 -0.9453 -0.2930
vn -0.1431 -0.9454 -0.2930
vn -0.1431 -0.9454 -0.2929
vn -0.2623 -0.9516 -0.1602
vn 0.3296 -0.9384 -0.1043
vn 0.3292 -0.9385 -0.1042
vn 0.3291 -0.9385 -0.1041
vn 0.2998 -0.9482 -0.1052
vn 0.2992 -0.9484 -0.1050
vn 0.2993 -0.9484 -0.1050
vn 0.1142 -0.9877 -0.1067
vn 0.1138 -0.9876 -0.1086
vn 0.1140 -0.9875 -0.1086
vn 0.0670 -0.9920 -0.1072
vn 0.0670 -0.9918 -0.1091
vn 0.0184 0.9998 0.0099
vn 0.0185 0.9998 0.0099
vn 0.5781 -0.8139 -0.0570
vn 0.5781 -0.8140 -0.0570
vn 0.5782 -0.8139 -0.0570
vn -0.9994 0.0347 -0.0092
vn -0.9994 0.0346 -0.0092
vn 0.2566 0.9660 0.0311
vn 0.2565 0.9660 0.0311
vn -0.0360 0.9983 0.0459
vn -0.7758 0.6309 0.0106
vn -0.7792 0.6266 0.0143
vn 0.0043 -0.0772 -0.9970
vn -0.0297 0.9805 0.1941
vn 0.0009 -0.0342 -0.9994
vn 0.0558 0.9983 0.0182
vn 0.0559 0.9983 0.0182
vn -0.9955 -0.0857 -0.0393
vn -0.9955 -0.0858 -0.0393
vn -0.9105 -0.4089 -0.0609
vn -0.9109 -0.4082 -0.0606
vn -0.9104 -0.4092 -0.0607
vn -0.6984 -0.4160 -0.5824
vn -0.6984 -0.4161 -0.5824
vn -0.7571 -0.6459 -0.0983
vn -0.7543 -0.6490 -0.0992
vn -0.5716 -0.4805 -0.6651
vn -0.5711 -0.4807 -0.6655
vn -0.5712 -0.4806 -0.6654
vn -0.1837 -0.9718 -0.1479
vn -0.1828 -0.9719 -0.1481
vn -0.1406 -0.7188 -0.6809
vn -0.1406 -0.7187 -0.6809
vn -0.1404 -0.7189 -0.6808
vn -0.1246 -0.9809 -0.1493
vn -0.1245 -0.9809 -0.1495
vn -0.0478 -0.6771 -0.7343
vn -0.0479 -0.6771 -0.7343
vn 0.2398 -0.7702 -0.5910
vn -0.0740 -0.9859 -0.1501
vn -0.0737 -0.9859 -0.1502
vn 0.0336 -0.5531 -0.8324
vn 0.0335 -0.5531 -0.8324
vn 0.0288 -0.9882 -0.1505
vn 0.0292 -0.9882 -0.1503
vn 0.0288 -0.9882 -0.1503
vn 0.0292 -0.9882 -0.1506
vn 0.0292 -0.9882 -0.1504
vn 0.1151 -0.4233 -0.8986
vn 0.1445 -0.3795 -0.9138
vn 0.0160 -0.8759 -0.4822
vn -0.0022 -0.9888 -0.1490
vn -0.0023 -0.9889 -0.1489
vn -0.6464 -0.7443 -0.1681
vn -0.0154 -0.3427 -0.9393
vn -0.7843 -0.6118 -0.1028
vn -0.7840 -0.6122 -0.1031
vn -0.7841 -0.6120 -0.1030
vn -0.0043 0.9883 0.1524
vn -0.0023 0.9883 0.1522
vn -0.0023 0.9883 0.1524
vn -0.0035 0.9883 0.1524
vn -0.0043 0.9883 0.1522
vn -0.0026 0.9883 0.1525
vn -0.0035 0.9883 0.1522
vn -0.0049 0.9972 0.0742
vn -0.0023 0.9972 0.0742
vn -0.0035 0.9972 0.0742
vn -0.0038 0.9972 0.0742
vn -0.0032 0.9972 0.0742
vn -0.0096 -0.0293 -0.9995
vn -0.0058 -0.0271 -0.9996
vn -0.0091 -0.0291 -0.9995
vn 0.0040 -0.0274 -0.9996
vn 0.0088 -0.0295 -0.9995
vn 0.0006 -0.0388 -0.9992
vn 0.0004 0.9883 0.1522
vn 0.0004 0.9883 0.1524
vn 0.0003 0.9972 0.0742
vn 0.0003 0.9972 0.0741
vn 0.0004 0.9972 0.0742
vn 0.0004 0.9974 0.0715
vn 0.0004 0.9975 0.0706
vn -0.0002 -0.0387 -0.9992
vn -0.0005 -0.0380 -0.9993
vn -0.0005 -0.0392 -0.9992
vn 0.0004 0.9972 0.0741
vn 0.0004 0.9973 0.0741
vn -0.0003 -0.0376 -0.9993
vn -0.0003 -0.0367 -0.9993
vn -0.0802 -0.9216 -0.3799
vn -0.0801 -0.9216 -0.3797
vn -0.0802 -0.9216 -0.3798
vn -0.0904 -0.9897 -0.1108
vn -0.0907 -0.9898 -0.1098
vn -0.0116 -0.2287 -0.9734
vn -0.0075 -0.2389 -0.9710
vn -0.0074 -0.2389 -0.9710
vn -0.0001 -0.0360 -0.9994
vn -0.0001 -0.0358 -0.9994
vn -0.0002 -0.0362 -0.9993
vn 0.0029 -0.8655 -0.5008
vn 0.0029 -0.8656 -0.5008
vn 0.0028 -0.9940 -0.1094
vn 0.0030 -0.9938 -0.1113
vn -0.0034 -0.1278 -0.9918
vn -0.0035 -0.1278 -0.9918
vn 0.0097 -0.0303 -0.9995
vn -0.2257 -0.9600 -0.1659
vn -0.2235 -0.9674 -0.1194
vn -0.2234 -0.9674 -0.1195
vn 0.0004 0.9974 0.0718
vn -0.0000 -0.0358 -0.9994
vn -0.0373 -0.0470 -0.9982
vn 0.1144 -0.9877 -0.1067
vn 0.1143 -0.9875 -0.1086
vn 0.1144 -0.9875 -0.1086
vn 0.1143 -0.9877 -0.1066
vn 0.1084 -0.9422 -0.3171
vn 0.1086 -0.9424 -0.3163
vn 0.0679 -0.2492 -0.9661
vn 0.0680 -0.2491 -0.9661
vn 0.0012 -0.2364 -0.9717
vn 0.0014 -0.2363 -0.9717
vn 0.0009 -0.2367 -0.9716
vn 0.2163 -0.9707 -0.1052
vn 0.2154 -0.9707 -0.1068
vn 0.2157 -0.9706 -0.1069
vn 0.2670 -0.9579 -0.1058
vn 0.2671 -0.9578 -0.1058
vn 0.2671 -0.9578 -0.1059
vn 0.2016 -0.9296 -0.3085
vn 0.2015 -0.9297 -0.3083
vn 0.2015 -0.9297 -0.3084
vn 0.1526 -0.8943 -0.4208
vn 0.1526 -0.8942 -0.4208
vn 0.1525 -0.8943 -0.4208
vn 0.0011 -0.2412 -0.9705
vn 0.0010 -0.2381 -0.9712
vn 0.0012 -0.2392 -0.9710
vn 0.0012 -0.2414 -0.9704
vn 0.4959 -0.8550 -0.1519
vn 0.4545 -0.8706 -0.1883
vn 0.4544 -0.8706 -0.1883
vn 0.5352 -0.8424 -0.0622
vn 0.5351 -0.8425 -0.0622
vn 0.5186 -0.8522 -0.0699
vn -0.0258 -0.1842 -0.9825
vn -0.0892 -0.1082 -0.9901
vn -0.0891 -0.1082 -0.9901
vn 0.0311 -0.1425 -0.9893
vn 0.0256 -0.1308 -0.9911
vn 0.0310 -0.1425 -0.9893
vn 0.1238 -0.1649 -0.9785
vn 0.1271 -0.1653 -0.9780
vn 0.1264 -0.1652 -0.9781
vn -0.2756 0.9612 0.0048
vn -0.2802 0.9599 0.0048
vn -0.2803 0.9599 0.0049
vn -0.2846 0.9586 0.0048
vn -0.2851 0.9585 0.0049
vn -0.2561 0.9657 0.0419
vn -0.1474 0.9891 0.0051
vn -0.1439 0.9896 0.0051
vn -0.1438 0.9896 0.0051
vn -0.2238 0.9739 0.0384
vn -0.1545 0.9835 0.0941
vn -0.1519 0.9840 0.0933
vn -0.1515 0.9841 0.0931
vn -0.1549 0.9879 0.0047
vn -0.1526 0.9883 0.0049
vn -0.1937 0.9811 0.0052
vn -0.1936 0.9811 0.0052
vn -0.1469 0.9888 0.0283
vn -0.1515 0.9881 0.0283
vn -0.1512 0.9881 0.0283
vn -0.1477 0.9848 0.0912
vn -0.1470 0.9850 0.0905
vn -0.1469 0.9850 0.0904
vn 0.1481 -0.1486 -0.9777
vn 0.0948 -0.0951 -0.9909
vn 0.0948 -0.0950 -0.9909
vn 0.0727 -0.0792 -0.9942
vn 0.0728 -0.0792 -0.9942
vn 0.0534 -0.0648 -0.9965
vn 0.0778 -0.0678 -0.9947
vn 0.0778 -0.0677 -0.9947
vn 0.0872 -0.0785 -0.9931
vn 0.0873 -0.0785 -0.9931
vn 0.0120 -0.0699 -0.9975
vn -0.0150 0.0519 -0.9985
vn -0.0183 0.0415 -0.9990
vn -0.0179 0.0428 -0.9989
vn 0.0007 0.0689 -0.9976
vn -0.0053 0.0647 -0.9979
vn -0.0016 0.0694 -0.9976
vn 0.0052 0.0594 -0.9982
vn 0.0021 0.0669 -0.9978
vn 0.0060 0.0578 -0.9983
vn 0.0059 0.0578 -0.9983
vn 0.0141 0.0163 -0.9998
vn 0.0124 0.0241 -0.9996
vn 0.0123 0.0241 -0.9996
vn -0.0009 0.0232 -0.9997
vn -0.0103 0.0224 -0.9997
vn -0.0095 0.0226 -0.9997
vn -0.0000 0.0230 -0.9997
vn -0.0002 0.0230 -0.9997
vn -0.0073 0.0261 -0.9996
vn 0.0007 0.0239 -0.9997
vn -0.0083 0.0260 -0.9996
vn 0.0003 0.0231 -0.9997
vn 0.0006 0.0230 -0.9997
vn 0.0011 0.0232 -0.9997
vn -0.0002 -0.0364 -0.9993
vn -0.0001 -0.0363 -0.9993
vn 0.0011 0.0237 -0.9997
vn 0.0008 0.0234 -0.9997
vn 0.0013 0.0237 -0.9997
vn 0.0008 0.0239 -0.9997
vn -0.0085 0.0265 -0.9996
vn -0.0084 0.0265 -0.9996
vn -0.0253 0.0220 -0.9994
vn 0.0059 0.0176 -0.9998
vn -0.8924 -0.3588 -0.2736
vn 0.0497 -0.0861 -0.9950
vn 0.0308 -0.1187 -0.9924
vn 0.0308 -0.1187 -0.9925
vn -0.0051 -0.1469 -0.9891
vn -0.0051 -0.1468 -0.9891
vn -0.0590 -0.1448 -0.9877
vn -0.0589 -0.1447 -0.9877
vn -0.0907 -0.1291 -0.9875
vn -0.0906 -0.1290 -0.9875
vn -0.0907 -0.1290 -0.9875
vn -0.1097 -0.1136 -0.9875
vn -0.1096 -0.1135 -0.9875
vn -0.1431 -0.0915 -0.9855
vn -0.1494 -0.3364 -0.9298
vn -0.1495 -0.3364 -0.9298
vn 0.9980 0.0422 0.0475
vn 0.9980 0.0423 0.0475
vn 1.0000 0.0018 -0.0082
vn 1.0000 0.0020 -0.0082
vn 1.0000 0.0019 -0.0082
vn -0.1189 -0.8585 -0.4988
vn -0.3286 -0.8275 -0.4553
vn -0.5399 -0.7309 -0.4174
vn -0.5399 -0.7309 -0.4175
vn -0.5904 -0.6540 -0.4730
vn 0.1306 -0.9510 0.2801
vn 0.1305 -0.9511 0.2801
vn 0.0180 -0.9829 0.1831
vn -0.0832 -0.9579 0.2748
vn -0.0833 -0.9579 0.2749
vn -0.3614 -0.8780 0.3138
vn -0.5349 -0.8075 0.2486
vn -0.5349 -0.8076 0.2485
vn -0.6473 -0.7281 0.2256
vn -0.6472 -0.7282 0.2254
vn 0.2710 -0.8697 0.4126
vn 0.0344 -0.8575 -0.5132
vn 0.0344 -0.8575 -0.5133
vn 0.1203 -0.0217 -0.9925
vn 0.1203 -0.0216 -0.9925
vn -0.0591 -0.0302 -0.9978
vn -0.2603 -0.9554 -0.1394
vn -0.2604 -0.9554 -0.1394
vn -0.5806 0.8051 0.1215
vn -0.5773 0.8074 0.1216
vn -0.5803 0.8053 0.1210
vn -0.4184 -0.8446 -0.3340
vn -0.4184 -0.8446 -0.3339
vn 1.0000 -0.0009 -0.0081
vn 1.0000 -0.0007 -0.0082
vn 1.0000 -0.0008 -0.0082
vn 0.9988 -0.0165 0.0461
vn 0.9988 -0.0163 0.0457
vn 0.9988 -0.0162 0.0457
vn -0.7649 -0.4154 -0.4923
vn -0.6791 -0.3356 -0.6528
vn -0.5529 -0.4956 -0.6698
vn -0.5527 -0.4957 -0.6699
vn -0.5527 -0.4957 -0.6700
vn -0.4213 -0.6194 -0.6624
vn -0.3049 -0.6809 -0.6659
vn -0.1053 -0.7105 -0.6958
vn -0.1054 -0.7103 -0.6959
vn -0.0176 -0.6230 -0.7820
vn 0.0380 -0.4863 -0.8729
vn 0.0380 -0.4863 -0.8730
vn -0.0712 -0.1410 -0.9874
vn 0.0334 -0.1441 -0.9890
vn 0.0333 -0.1441 -0.9890
vn 0.0144 -0.1101 -0.9938
vn 0.0147 -0.1099 -0.9938
vn -0.0097 -0.0870 -0.9962
vn -0.0096 -0.0825 -0.9965
vn -0.0087 -0.0783 -0.9969
vn -0.0094 -0.0780 -0.9969
vn -0.0094 -0.0781 -0.9969
vn -0.0080 -0.0751 -0.9971
vn -0.0067 -0.0681 -0.9977
vn -0.0066 -0.0680 -0.9977
vn -0.0066 -0.0679 -0.9977
vn -0.0930 -0.0909 -0.9915
vn 0.0276 -0.0914 -0.9954
vn 0.0275 -0.0914 -0.9954
vn 0.0046 -0.0576 -0.9983
vn 0.0099 -0.0530 -0.9985
vn 0.0017 -0.0520 -0.9986
vn 0.0018 -0.0520 -0.9986
vn 0.0019 -0.0521 -0.9986
vn 0.0185 -0.0741 -0.9971
vn 0.0185 -0.0740 -0.9971
vn 0.0127 -0.0823 -0.9965
vn 0.0118 -0.0836 -0.9964
vn -0.1337 -0.0217 -0.9908
vn -0.1336 -0.0217 -0.9908
vn 0.0254 -0.1297 -0.9912
vn 0.0299 -0.1401 -0.9897
vn 0.1219 -0.1647 -0.9788
vn 0.1184 -0.1644 -0.9793
vn 0.1193 -0.1645 -0.9791
vn 0.1632 -0.1717 -0.9715
vn 0.1633 -0.1717 -0.9715
vn 0.1860 -0.1801 -0.9659
vn 0.1861 -0.1801 -0.9659
vn 0.2639 -0.1997 -0.9437
vn 0.3203 -0.2203 -0.9213
vn 0.3203 -0.2203 -0.9214
vn 0.5041 -0.2579 -0.8242
vn 0.5042 -0.2579 -0.8242
vn 0.9121 -0.2012 -0.3573
vn -0.0123 0.0337 -0.9994
vn -0.0969 0.0559 -0.9937
vn -0.0968 0.0559 -0.9937
vn -0.0073 0.0623 -0.9980
vn -0.0131 0.0559 -0.9984
vn -0.0028 0.0687 -0.9976
vn 0.0095 0.0393 -0.9992
vn 0.0096 0.0393 -0.9992
vn 0.0122 0.0250 -0.9996
vn 0.0146 0.0156 -0.9998
vn 0.0181 0.0107 -0.9998
vn 0.0503 0.0054 -0.9987
vn 0.0504 0.0054 -0.9987
vn 0.0001 0.0229 -0.9997
vn 0.0006 0.0233 -0.9997
vn 0.0009 0.0234 -0.9997
vn 0.0005 0.0233 -0.9997
vn -0.0432 -0.0117 -0.9990
vn 0.0179 -0.0205 -0.9996
vn 0.0164 -0.0226 -0.9996
vn 0.0179 -0.0204 -0.9996
vn 0.0176 -0.0207 -0.9996
vn 0.0117 -0.0260 -0.9996
vn 0.0115 -0.0265 -0.9996
vn 0.0070 -0.0312 -0.9995
vn 0.0115 -0.0289 -0.9995
vn 0.0051 -0.0320 -0.9995
vn -0.0009 -0.0309 -0.9995
vn 0.0039 -0.0319 -0.9995
vn -0.0029 -0.0290 -0.9996
vn -0.0095 -0.0236 -0.9997
vn -0.0049 -0.0273 -0.9996
vn -0.0185 -0.0164 -0.9997
vn -0.0200 -0.0117 -0.9997
vn -0.0183 -0.0165 -0.9997
vn -0.0190 -0.0122 -0.9997
vn -0.0101 -0.0179 -0.9998
vn -0.0117 -0.0170 -0.9998
vn -0.4493 0.8836 0.1319
vn -0.4823 0.8660 0.1320
vn -0.4743 0.8703 0.1325
vn -0.4795 0.8676 0.1322
vn -0.4714 0.8719 0.1327
vn -0.5767 0.8078 0.1220
vn -0.5744 0.8094 0.1225
vn -0.5744 0.8093 0.1225
vn -0.5748 0.8091 0.1223
vn -0.2219 -0.9639 -0.1474
vn -0.2208 -0.9646 -0.1442
vn -0.2207 -0.9646 -0.1443
vn -0.2197 -0.9648 -0.1443
vn -0.1467 0.9888 0.0283
vn -0.1442 0.9891 0.0283
vn -0.1438 0.9892 0.0282
vn -0.1446 0.9891 0.0283
vn -0.1470 0.9887 0.0284
vn -0.1509 0.9882 0.0283
vn -0.1507 0.9882 0.0283
vn -0.1534 0.9878 0.0282
vn -0.1529 0.9878 0.0282
vn -0.2647 0.9640 0.0266
vn -0.2648 0.9639 0.0268
vn -0.2649 0.9639 0.0268
vn -0.2517 0.9676 0.0188
vn 0.1875 -0.8504 -0.4917
vn 0.1875 -0.8504 -0.4916
vn 0.1873 -0.8504 -0.4916
vn 0.1905 -0.8603 -0.4728
vn 0.1906 -0.8603 -0.4728
vn 0.0997 -0.8616 -0.4976
vn 0.0992 -0.8617 -0.4976
vn 0.0998 -0.8616 -0.4976
vn 0.1009 -0.8719 -0.4791
vn 0.1007 -0.8719 -0.4791
vn 0.0999 -0.8616 -0.4976
vn 0.1010 -0.8719 -0.4791
vn 0.0004 0.9837 0.1796
vn 0.0004 0.9883 0.1525
vn -0.0324 -0.8118 -0.5831
vn -0.1350 -0.9313 -0.3384
vn -0.0022 0.9837 0.1796
vn -0.0023 0.9883 0.1525
vn 0.0030 -0.9151 -0.4031
vn 0.0027 -0.9153 -0.4027
vn 0.0030 -0.9151 -0.4032
vn 0.0036 -0.8763 -0.4818
vn 0.0024 -0.8764 -0.4816
vn -0.0632 -0.7862 -0.6148
vn -0.0632 -0.7861 -0.6148
vn -0.0655 -0.8792 -0.4719
vn -0.0017 0.9837 0.1796
vn -0.0035 0.9837 0.1796
vn -0.0021 0.9883 0.1525
vn -0.0035 0.9883 0.1525
vn -0.0043 0.9837 0.1796
vn -0.0043 0.9883 0.1525
vn -0.9284 -0.3707 0.0255
vn -0.9284 -0.3706 0.0255
vn -0.3973 -0.8679 -0.2980
vn -0.3973 -0.8680 -0.2980
vn -0.5974 -0.7938 -0.1140
vn -0.5974 -0.7938 -0.1141
vn 0.0623 -0.0435 -0.9971
vn 0.0924 -0.9737 -0.2083
vn 0.0256 -0.9838 -0.1773
vn -0.8523 -0.5188 -0.0662
vn 0.1336 -0.0504 -0.9898
vn 0.1336 -0.0503 -0.9898
vn 0.0298 -0.9882 -0.1503
vn -0.0740 -0.9859 -0.1500
vn -0.0737 -0.9859 -0.1500
vn -0.1246 -0.9809 -0.1492
vn -0.1245 -0.9809 -0.1492
vn -0.1837 -0.9718 -0.1478
vn -0.1828 -0.9720 -0.1478
vn -0.7571 -0.6459 -0.0982
vn -0.7556 -0.6476 -0.0985
vn -0.7570 -0.6460 -0.0981
vn -0.9095 -0.4112 -0.0611
vn -0.9072 -0.4163 -0.0612
vn -0.9093 -0.4116 -0.0610
vn -0.9098 -0.4105 -0.0610
vn -0.1837 -0.8459 -0.5008
vn -0.1836 -0.8459 -0.5007
vn -0.2506 -0.9416 -0.2247
vn -0.2506 -0.9417 -0.2247
vn -0.0621 -0.7700 -0.6350
vn -0.0875 -0.8972 -0.4329
vn -0.0377 -0.8602 -0.5085
vn -0.0377 -0.8602 -0.5086
vn 0.0047 -0.8762 -0.4819
vn 0.0048 -0.8762 -0.4819
vn 0.0025 -0.9153 -0.4027
vn -0.8732 -0.4781 0.0950
vn -0.8731 -0.4781 0.0950
vn -0.9067 -0.4197 -0.0410
vn -0.9066 -0.4201 -0.0406
vn -0.9067 -0.4198 -0.0409
vn 0.0301 -0.9882 -0.1503
vn -0.0735 -0.9860 -0.1500
vn -0.1244 -0.9810 -0.1492
vn -0.1819 -0.9721 -0.1479
vn -0.4137 -0.9001 -0.1369
vn -0.5542 -0.8229 -0.1252
vn -0.9046 -0.4217 -0.0617
vn -0.9049 -0.4211 -0.0618
vn -0.9446 -0.3247 -0.0486
vn -0.9438 -0.3270 -0.0489
vn -0.9446 -0.3246 -0.0487
vn -0.9445 -0.3248 -0.0487
vn -0.6158 0.7789 0.1191
vn -0.6181 0.7771 0.1184
vn -0.6165 0.7784 0.1186
vn -0.6171 0.7778 0.1190
vn -0.0253 0.9860 0.1647
vn -0.0230 0.9860 0.1649
vn -0.0207 0.9860 0.1652
vn 0.9729 0.2264 0.0470
vn 0.9726 0.2317 -0.0181
vn 0.9727 0.2316 -0.0180
vn 0.9727 0.2315 -0.0179
vn 0.8512 0.5191 0.0773
vn 0.8488 0.5237 0.0723
vn 0.8510 0.5195 0.0771
vn 0.8511 0.5193 0.0773
vn 0.8512 0.5192 0.0773
vn 0.0288 -0.9882 -0.1506
vn 0.1387 -0.9790 -0.1492
vn 0.9900 0.1398 0.0205
vn 0.9899 0.1400 0.0200
vn 0.9900 0.1398 0.0206
vn 0.9900 0.1384 -0.0286
vn 0.9900 0.1382 -0.0284
vn 0.9900 0.1383 -0.0285
vn 0.8758 0.4784 0.0634
vn 0.8758 0.4785 0.0633
vn 0.8754 0.4831 0.0132
vn 0.8755 0.4831 0.0132
vn 0.6673 0.7397 0.0871
vn 0.6673 0.7397 0.0872
vn 0.6622 0.7485 0.0339
vn 0.6621 0.7486 0.0338
vn 0.4655 0.8809 0.0861
vn 0.4545 0.8901 0.0334
vn 0.4547 0.8900 0.0336
vn 0.4545 0.8901 0.0335
vn 0.1193 0.9900 0.0753
vn 0.1193 0.9900 0.0752
vn 0.0940 0.9954 0.0203
vn 0.0941 0.9954 0.0203
vn 0.0762 0.9951 0.0626
vn 0.0763 0.9971 0.0075
vn 0.0760 0.9971 0.0073
vn 0.0762 0.9971 0.0074
vn -0.1586 0.9856 0.0589
vn -0.1585 0.9856 0.0586
vn -0.1586 0.9856 0.0588
vn -0.1622 0.9867 0.0052
vn -0.1624 0.9867 0.0053
vn -0.1623 0.9867 0.0053
vn -0.3355 0.9405 0.0532
vn -0.3354 0.9406 0.0530
vn -0.3366 0.9416 0.0010
vn -0.3366 0.9417 0.0010
vn -0.3366 0.9416 0.0011
vn -0.6301 0.7755 0.0400
vn -0.6301 0.7755 0.0399
vn -0.6301 0.7755 0.0398
vn -0.6355 0.7720 -0.0109
vn -0.7912 0.6110 0.0263
vn -0.7911 0.6111 0.0261
vn -0.7912 0.6111 0.0262
vn -0.7952 0.6059 -0.0256
vn -0.7952 0.6058 -0.0256
vn -0.8695 0.4938 0.0160
vn -0.8695 0.4937 0.0160
vn -0.8695 0.4937 0.0161
vn -0.8718 0.4886 -0.0365
vn -0.8718 0.4885 -0.0364
vn -0.8374 0.5464 0.0145
vn -0.8373 0.5465 0.0144
vn -0.8357 0.5480 -0.0370
vn -0.8357 0.5479 -0.0370
vn -0.6115 0.7908 0.0248
vn -0.6107 0.7915 0.0212
vn -0.6116 0.7908 0.0248
vn -0.5799 0.8145 -0.0148
vn -0.5799 0.8146 -0.0148
vn 0.2355 0.9525 0.1930
vn 0.2356 0.9525 0.1930
vn 0.2880 0.9375 0.1952
vn -0.2855 0.9580 0.0273
vn -0.2854 0.9580 0.0272
vn 0.0994 -0.8616 -0.4977
vn 0.0989 -0.8617 -0.4977
vn 0.1007 -0.8720 -0.4791
vn 0.1005 -0.8720 -0.4791
vn 0.0584 -0.8644 -0.4994
vn 0.0591 -0.8749 -0.4807
vn 0.2152 -0.9705 -0.1087
vn 0.1140 -0.9873 -0.1105
vn 0.1143 -0.9873 -0.1105
vn 0.1144 -0.9873 -0.1105
vn 0.0004 0.9975 0.0707
vn 0.0004 0.9974 0.0726
vn -0.2395 -0.9619 -0.1316
vn -0.0023 0.9975 0.0707
vn -0.0023 0.9974 0.0726
vn 0.0027 -0.9942 -0.1075
vn 0.0026 -0.9942 -0.1076
vn -0.0916 -0.9898 -0.1087
vn -0.0911 -0.9899 -0.1090
vn -0.0032 0.9974 0.0726
vn -0.0035 0.9975 0.0707
vn -0.0035 0.9974 0.0726
vn -0.0044 0.9975 0.0707
vn -0.0044 0.9974 0.0726
vn -0.7269 -0.6677 -0.1605
vn -0.7269 -0.6677 -0.1606
vn -0.0361 -0.3088 -0.9504
vn 0.0849 -0.9102 -0.4055
vn 0.0810 -0.9102 -0.4063
vn 0.0851 -0.9102 -0.4054
vn 0.0670 -0.9916 -0.1110
vn 0.1137 -0.9873 -0.1105
vn 0.2754 0.9589 0.0679
vn 0.2744 0.9591 0.0694
vn 0.2754 0.9589 0.0678
vn -0.8999 -0.4353 -0.0276
vn -0.8950 -0.4452 -0.0290
vn 0.0027 -0.9940 -0.1093
vn -0.0915 -0.9899 -0.1080
vn -0.1801 -0.9770 -0.1139
vn -0.2312 -0.9616 -0.1479
vn -0.2833 0.9548 0.0894
vn -0.2832 0.9549 0.0892
vn -0.2833 0.9549 0.0893
vn 0.0449 0.9047 -0.4238
vn 0.0450 0.9047 -0.4238
vn 0.0450 0.9047 -0.4237
vn -0.6123 0.7901 0.0283
vn -0.6124 0.7901 0.0284
vn -0.8090 0.5835 0.0709
vn -0.8090 0.5836 0.0709
vn -0.8529 0.4922 0.1742
vn -0.7696 0.6027 0.2110
vn -0.6038 0.7543 0.2580
vn -0.3186 0.8998 0.2981
vn -0.3185 0.8998 0.2980
vn -0.1479 0.9376 0.3148
vn -0.1479 0.9376 0.3147
vn 0.0717 0.9444 0.3209
vn 0.0718 0.9444 0.3210
vn 0.0718 0.9444 0.3209
vn 0.1271 0.9307 0.3430
vn 0.4419 0.8217 0.3599
vn 0.4419 0.8217 0.3598
vn 0.6315 0.6926 0.3485
vn 0.6315 0.6927 0.3484
vn 0.6315 0.6927 0.3485
vn 0.8516 0.4683 0.2354
vn 0.9816 0.1893 0.0234
vn 0.0890 -0.9101 -0.4046
vn 0.0890 -0.9102 -0.4046
vn 0.8487 0.5239 0.0720
vn 0.8487 0.5239 0.0719
vn 0.9703 0.2164 -0.1078
vn -0.0135 0.9223 -0.3861
vn -0.4296 0.8454 0.3173
vn -0.9558 -0.2909 -0.0434
vn -0.9109 -0.4121 -0.0215
vn -0.9088 -0.4161 -0.0311
vn -0.7592 -0.6481 -0.0596
vn -0.7573 -0.6501 -0.0620
vn -0.5566 -0.8257 -0.0921
vn -0.5566 -0.8257 -0.0922
vn -0.4156 -0.9036 -0.1044
vn -0.4156 -0.9035 -0.1047
vn -0.4156 -0.9035 -0.1048
vn -0.1853 -0.9765 -0.1098
vn -0.1838 -0.9763 -0.1147
vn -0.1838 -0.9763 -0.1146
vn -0.1274 -0.9873 -0.0953
vn -0.1271 -0.9863 -0.1053
vn -0.1270 -0.9863 -0.1053
vn -0.0772 -0.9944 -0.0727
vn -0.0772 -0.9934 -0.0847
vn 0.0453 -0.9944 -0.0952
vn -0.8356 -0.5137 -0.1944
vn 0.0027 -0.9465 -0.3227
vn 0.0028 -0.9469 -0.3216
vn -0.0845 -0.9416 -0.3260
vn -0.0845 -0.9412 -0.3271
vn -0.0845 -0.9412 -0.3270
vn -0.0823 -0.9226 -0.3769
vn -0.0823 -0.9226 -0.3770
vn -0.1752 -0.7814 -0.5989
vn -0.9109 -0.4121 -0.0206
vn -0.9090 -0.4157 -0.0306
vn -0.7593 -0.6481 -0.0595
vn -0.7574 -0.6500 -0.0618
vn -0.1854 -0.9765 -0.1097
vn -0.1846 -0.9764 -0.1122
vn -0.1276 -0.9873 -0.0951
vn -0.1268 -0.9863 -0.1052
vn -0.0767 -0.9944 -0.0724
vn -0.0776 -0.9934 -0.0845
vn 0.2248 -0.3008 -0.9268
vn 0.0948 -0.9693 -0.2269
vn 0.0949 -0.9693 -0.2269
vn -0.5746 -0.4582 -0.6781
vn -0.5747 -0.4583 -0.6780
vn 0.0705 -0.9760 -0.2061
vn 0.0705 -0.9760 -0.2062
vn -0.1330 -0.7305 -0.6699
vn -0.1330 -0.7304 -0.6699
vn -0.9018 -0.3716 -0.2205
vn -0.0021 0.9396 -0.3424
vn -0.0041 0.9395 -0.3424
vn -0.0022 0.9394 -0.3427
vn -0.0033 0.9395 -0.3424
vn -0.0038 0.9384 -0.3454
vn 0.0003 0.9395 -0.3425
vn -0.0846 -0.9408 -0.3282
vn -0.0845 -0.9408 -0.3281
vn 0.0026 -0.9460 -0.3240
vn 0.0026 -0.9460 -0.3241
vn -0.0363 -0.8562 -0.5153
vn -0.0364 -0.8562 -0.5154
vn -0.2916 0.9545 0.0622
vn -0.1478 0.9848 0.0913
vn -0.2215 -0.9634 -0.1507
vn -0.5285 0.8281 0.1869
vn -0.5285 0.8281 0.1870
vn -0.0155 0.9363 0.3510
vn -0.0155 0.9362 0.3510
vn -0.1447 0.9891 0.0283
vn -0.1523 0.9879 0.0281
vn 0.1990 -0.8971 -0.3946
vn 0.1988 -0.8972 -0.3943
vn 0.1054 -0.9102 -0.4004
vn 0.1051 -0.9103 -0.4005
vn 0.1055 -0.9102 -0.4005
vn 0.1051 -0.9103 -0.4004
vn 0.1049 -0.9103 -0.4004
vn 0.0617 -0.9136 -0.4019
vn -0.9209 -0.3899 -0.0029
vn -0.0046 0.9373 -0.3485
vn -0.0032 0.9975 0.0707
vn -0.0013 0.9882 0.1530
vn -0.0006 0.9836 0.1802
vn -0.0019 0.9837 0.1797
vn -0.0023 0.9882 0.1530
vn -0.0030 0.9883 0.1524
vn -0.0043 0.9972 0.0753
vn -0.0037 0.9971 0.0759
vn -0.5549 0.7534 0.3527
vn -0.6220 0.7740 0.1187
vn -0.6165 0.7782 0.1195
vn -0.6149 0.7795 0.1195
vn -0.1478 -0.1365 -0.9796
vn -0.1244 -0.0978 -0.9874
vn -0.1241 -0.0977 -0.9874
vn -0.0323 -0.1489 -0.9883
vn -0.0323 -0.1492 -0.9883
vn -0.0323 -0.1493 -0.9883
vn 0.0169 -0.1359 -0.9906
vn 0.0168 -0.1360 -0.9906
vn 0.0456 -0.1012 -0.9938
vn 0.0602 -0.0719 -0.9956
vn 0.0736 -0.0621 -0.9953
vn 0.0736 -0.0620 -0.9954
vn 0.0736 -0.0622 -0.9953
vn 0.0235 -0.0109 -0.9997
vn 0.0227 -0.1698 -0.9852
vn -0.0187 -0.0157 -0.9997
vn -0.0144 -0.0196 -0.9997
vn -0.0178 -0.0171 -0.9997
vn -0.0101 -0.0236 -0.9997
vn -0.0141 -0.0206 -0.9997
vn 0.0012 -0.0314 -0.9995
vn -0.0029 -0.0291 -0.9996
vn 0.0112 -0.0293 -0.9995
vn 0.0159 -0.0233 -0.9996
vn -0.6224 0.7737 0.1186
vn 0.4647 0.3653 -0.8066
vn 0.5401 0.0804 -0.8377
vn 0.0043 -0.0991 -0.9951
vn 0.0044 -0.0991 -0.9951
vn 0.0044 -0.0992 -0.9951
vn 0.0121 0.0022 -0.9999
vn 0.0116 0.0024 -0.9999
vn 0.0119 0.0023 -0.9999
vn 0.3396 0.0915 -0.9361
vn 0.3397 0.0915 -0.9361
vn 0.1505 0.0576 -0.9869
vn 0.1504 0.0576 -0.9869
vn -0.3606 -0.2976 -0.8840
vn -0.3607 -0.2976 -0.8839
vn -0.2229 -0.2032 -0.9534
vn -0.2228 -0.2032 -0.9535
vn 0.9967 -0.0397 -0.0710
vn 0.9967 -0.0397 -0.0711
vn 0.9980 0.0204 -0.0600
vn 0.9980 0.0203 -0.0600
vn 0.5789 -0.8048 -0.1311
vn 0.6180 -0.7652 -0.1807
vn 0.6126 -0.7687 -0.1838
vn 0.6130 -0.7684 -0.1837
vn 0.4061 -0.9036 -0.1361
vn 0.4060 -0.9037 -0.1360
vn 0.4553 -0.8848 -0.0993
vn 0.4552 -0.8849 -0.0992
vn 0.9900 -0.1407 0.0040
vn 0.9470 -0.3213 0.0026
vn 0.9470 -0.3213 0.0025
vn 0.8678 -0.4946 -0.0479
vn 0.8678 -0.4946 -0.0480
vn 0.8281 -0.5495 -0.1107
vn 0.8282 -0.5494 -0.1108
vn 0.7552 -0.6419 -0.1330
vn 0.6913 -0.7051 -0.1578
vn 0.5983 -0.7980 -0.0722
vn 0.4159 -0.8939 -0.1671
vn 0.4159 -0.8940 -0.1671
vn 0.1384 -0.9522 -0.2724
vn 0.1384 -0.9522 -0.2725
vn -0.9968 0.0599 0.0537
vn -0.9968 0.0600 0.0537
vn -0.7934 0.4598 -0.3989
vn -0.5657 0.8246 0.0031
vn -0.5657 0.8246 0.0032
vn -0.7289 0.4815 -0.4867
vn -0.7289 0.4814 -0.4867
vn -0.7289 0.4814 -0.4868
vn 0.8113 0.5819 0.0553
vn 0.8113 0.5820 0.0553
vn -0.6226 0.7731 -0.1214
vn -0.6218 0.7745 -0.1158
vn -0.6224 0.7735 -0.1199
vn -0.7158 0.6059 -0.3471
vn -0.6419 -0.7663 -0.0294
vn -0.6419 -0.7662 -0.0294
vn 0.9526 0.2893 0.0938
vn 0.9526 0.2894 0.0938
vn -0.6814 0.6910 -0.2412
vn -0.0096 -0.2191 -0.9757
vn -0.0123 -0.2211 -0.9752
vn -0.0090 -0.2195 -0.9756
vn -0.0064 -0.0701 -0.9975
vn -0.0063 -0.0726 -0.9973
vn -0.0178 -0.2131 -0.9769
vn -0.0149 -0.2228 -0.9748
vn -0.0286 -0.2369 -0.9711
vn -0.0150 -0.2231 -0.9747
vn -0.0149 -0.2231 -0.9747
vn -0.0110 -0.2283 -0.9735
vn 0.0040 -0.0631 -0.9980
vn 0.0040 -0.0632 -0.9980
vn -0.0293 -0.2365 -0.9712
vn 0.0119 -0.2506 -0.9680
vn 0.0169 -0.0605 -0.9980
vn 0.0055 -0.0628 -0.9980
vn 0.0018 -0.2508 -0.9680
vn 0.0022 -0.2465 -0.9691
vn 0.0014 -0.2505 -0.9681
vn 0.0011 -0.2417 -0.9703
vn 0.0056 -0.0522 -0.9986
vn 0.0055 -0.0521 -0.9986
vn 0.0019 -0.0520 -0.9986
vn 0.0061 -0.0520 -0.9986
vn 0.0105 -0.0526 -0.9986
vn 0.0057 -0.2441 -0.9697
vn 0.0114 -0.2503 -0.9681
vn 0.0057 -0.2442 -0.9697
vn -0.0456 -0.0354 -0.9983
vn 0.0008 -0.2371 -0.9715
vn -0.3132 0.6804 0.6625
vn -0.3132 0.6805 0.6625
vn -0.1981 0.4999 0.8431
vn -0.1982 0.4998 0.8432
vn -0.1982 0.4998 0.8431
vn -0.1113 0.3058 0.9456
vn -0.1113 0.3057 0.9456
vn -0.0708 0.2240 0.9720
vn -0.0707 0.2240 0.9720
vn -0.1036 0.1709 0.9798
vn -0.1035 0.1709 0.9798
vn 0.0363 0.0102 0.9993
vn 0.0362 0.0102 0.9993
vn -0.6215 0.7750 -0.1144
vn -0.6216 0.7750 -0.1143
vn 0.6183 -0.7649 -0.1804
vn 0.6183 -0.7650 -0.1804
vn -0.7311 0.6822 0.0134
vn -0.7313 0.6820 0.0132
vn -0.7277 0.6852 -0.0294
vn -0.7220 0.6917 0.0181
vn -0.7221 0.6916 0.0183
vn -0.4549 0.0375 -0.8898
vn -0.4548 0.0375 -0.8898
vn 0.1296 -0.0633 0.9895
vn 0.5703 -0.1408 0.8093
vn 0.5702 -0.1408 0.8093
vn -0.2485 0.0004 -0.9686
vn -0.2486 0.0004 -0.9686
vn 0.0745 -0.0557 -0.9957
vn 0.0498 -0.0481 -0.9976
vn 0.0496 -0.0481 -0.9976
vn 0.0170 -0.0364 -0.9992
vn 0.0099 -0.0350 -0.9993
vn 0.0168 -0.0364 -0.9992
vn 0.0154 -0.0361 -0.9992
vn 0.0032 -0.0346 -0.9994
vn 0.0078 -0.0347 -0.9994
vn 0.0006 -0.0348 -0.9994
vn 0.0022 -0.0347 -0.9994
vn -0.0060 -0.0310 -0.9995
vn 0.0002 -0.0344 -0.9994
vn -0.0082 -0.0292 -0.9995
vn -0.0176 -0.0250 -0.9995
vn -0.0106 -0.0272 -0.9996
vn -0.0285 -0.0234 -0.9993
vn -0.0208 -0.0244 -0.9995
vn -0.0310 -0.0231 -0.9993
vn -0.0309 -0.0232 -0.9993
vn -0.0878 -0.0267 -0.9958
vn -0.1138 -0.0371 -0.9928
vn -0.9377 -0.1116 0.3291
vn -0.9377 -0.1117 0.3291
vn -0.7925 -0.5020 0.3463
vn 0.1621 -0.9868 -0.0018
vn 0.1620 -0.9868 0.0028
vn 0.1620 -0.9868 0.0029
vn -0.9727 -0.2003 0.1176
vn -0.9726 -0.2003 0.1177
vn -0.9912 -0.0536 -0.1213
vn -0.9912 -0.0535 -0.1213
vn -0.5891 -0.7919 -0.1610
vn -0.5890 -0.7919 -0.1609
vn -0.4578 -0.8718 -0.1742
vn -0.4578 -0.8718 -0.1743
vn -0.9642 -0.1803 -0.1945
vn -0.9678 -0.2417 -0.0710
vn -0.9678 -0.2417 -0.0711
vn -0.0886 -0.9937 -0.0692
vn -0.0887 -0.9936 -0.0692
vn -0.9640 -0.2661 -0.0022
vn -0.9639 -0.2662 -0.0024
vn -0.9639 -0.2663 -0.0025
vn -0.9699 -0.2429 -0.0186
vn -0.1633 0.9840 0.0706
vn -0.1637 0.9840 0.0704
vn 0.1290 -0.9901 -0.0558
vn 0.1290 -0.9901 -0.0557
vn -0.9829 -0.1579 -0.0949
vn -0.9544 -0.2676 -0.1323
vn -0.9544 -0.2676 -0.1322
vn 0.1618 -0.9868 0.0100
vn 0.1618 -0.9868 0.0101
vn 0.1207 -0.9819 -0.1460
vn -0.9991 -0.0414 -0.0049
vn -0.9989 -0.0451 -0.0101
vn -0.9990 -0.0445 -0.0093
vn -0.9516 -0.3072 -0.0001
vn -0.9517 -0.3071 -0.0002
vn -0.9517 -0.3071 -0.0003
vn -0.4784 -0.3624 -0.7999
vn 0.4493 0.0679 -0.8908
vn 0.7909 0.1453 -0.5944
vn 0.7909 0.1453 -0.5945
vn 0.3507 0.0620 -0.9344
vn 0.3506 0.0620 -0.9345
vn 0.3506 0.0619 -0.9345
vn -0.8720 -0.4030 -0.2778
vn -0.8720 -0.4030 -0.2777
vn -0.8720 -0.4031 -0.2777
vn -0.0210 0.9289 -0.3698
vn -0.0017 0.9882 0.1534
vn -0.0006 0.9836 0.1805
vn -0.0009 0.9836 0.1805
vn -0.9208 -0.3889 -0.0301
vn -0.9208 -0.3890 -0.0301
vn -0.0024 0.9882 0.1532
vn -0.0031 0.9882 0.1529
vn -0.5184 0.8551 0.0003
vn -0.5185 0.8551 0.0003
vn 0.0460 0.1438 -0.9885
vn 0.0407 0.1479 -0.9882
vn 0.0315 0.1547 -0.9875
vn 0.0207 0.1564 -0.9875
vn 0.0207 0.1563 -0.9875
vn -0.0469 0.1404 -0.9890
vn -0.0470 0.1345 -0.9898
vn -0.0469 0.1403 -0.9890
vn -0.0428 0.1433 -0.9888
vn -0.0428 0.1435 -0.9887
vn -0.0178 0.1535 -0.9880
vn -0.0178 0.1532 -0.9880
vn -0.0180 0.1535 -0.9880
vn -0.0055 0.1557 -0.9878
vn -0.0142 0.1547 -0.9879
vn 0.0142 0.1551 -0.9878
vn -0.0004 0.1560 -0.9878
vn -0.0004 0.1559 -0.9878
vn 0.0210 0.0044 -0.9998
vn -0.0136 0.0002 -0.9999
vn -0.0075 -0.0020 -1.0000
vn -0.0133 0.0002 -0.9999
vn -0.0190 0.0024 -0.9998
vn -0.0456 0.0119 -0.9989
vn -0.0678 0.0989 -0.9928
vn -0.0679 0.0989 -0.9928
vn -0.0451 0.1306 -0.9904
vn 0.1170 0.0918 -0.9889
vn 0.1170 0.0919 -0.9889
vn 0.1171 0.0919 -0.9889
vn 0.6681 -0.7384 0.0919
vn 0.0142 0.1552 -0.9878
vn 0.0142 0.1550 -0.9878
vn 0.0408 0.1477 -0.9882
vn -0.0142 0.1546 -0.9879
vn -0.0179 0.1539 -0.9879
vn -0.0336 0.1491 -0.9882
vn -0.0372 0.1471 -0.9884
vn -0.0336 0.1490 -0.9883
vn -0.0372 0.1469 -0.9884
vn -0.0525 0.0788 -0.9955
vn -0.0491 0.0739 -0.9961
vn -0.0560 0.0834 -0.9949
vn 0.9612 0.2758 0.0014
vn 0.9611 0.2761 0.0014
vn 0.9612 0.2757 0.0014
vn 0.7223 -0.6776 0.1383
vn 0.7224 -0.6775 0.1383
vn 0.7509 -0.6534 0.0957
vn 0.9209 0.3881 0.0363
vn 0.9209 0.3882 0.0363
vn 0.0400 0.0104 -0.9991
vn 0.1509 0.0679 -0.9862
vn 0.6250 -0.7766 0.0792
vn 0.0206 0.0106 -0.9997
vn -0.0003 0.1019 -0.9948
vn 0.9656 -0.2600 -0.0090
vn 0.3657 -0.9305 -0.0218
vn 0.3658 -0.9305 -0.0218
vn 0.9507 -0.3095 -0.0184
vn 0.3100 -0.9493 -0.0529
vn 0.5848 -0.8051 -0.0985
vn 0.5849 -0.8051 -0.0985
vn 0.6260 -0.7798 0.0044
vn 0.6259 -0.7799 0.0044
vn 0.8756 -0.4799 -0.0543
vn 0.8345 -0.5510 0.0057
vn 0.8345 -0.5510 0.0056
vn 0.8345 -0.5510 0.0058
vn 0.7634 -0.6459 0.0051
vn 0.7634 -0.6460 0.0057
vn 0.7024 -0.7118 0.0047
vn 0.7024 -0.7118 0.0050
vn 0.7024 -0.7118 0.0046
vn 0.0249 0.0627 -0.9977
vn 0.0248 0.0628 -0.9977
vn -0.0992 -0.9919 0.0791
vn -0.0995 -0.9919 0.0795
vn -0.0991 -0.9919 0.0794
vn -0.0991 -0.9919 0.0797
vn -0.0029 0.9860 -0.1665
vn -0.0015 0.9855 -0.1695
vn -0.0031 0.9860 -0.1667
vn -0.0025 0.9865 -0.1640
vn -0.0994 -0.9918 0.0798
vn -0.0990 -0.9919 0.0798
vn -0.0012 0.9866 -0.1631
vn -0.0991 -0.9919 0.0799
vn -0.0029 0.9868 -0.1622
vn -0.0027 0.9868 -0.1621
vn -0.0993 -0.9918 0.0802
vn -0.0992 -0.9918 0.0804
vn -0.0992 -0.9918 0.0805
vn -0.0990 -0.9918 0.0807
vn -0.0033 0.9872 -0.1597
vn -0.0032 0.9872 -0.1596
vn -0.0013 0.9876 -0.1573
vn -0.1318 -0.9880 0.0806
vn -0.0009 0.9876 -0.1568
vn -0.0118 0.9873 -0.1582
vn -0.0133 0.9872 -0.1588
vn -0.2011 -0.9756 0.0881
vn -0.2011 -0.9756 0.0882
vn -0.2012 -0.9756 0.0882
vn -0.2174 -0.9725 0.0831
vn -0.0147 0.9871 -0.1592
vn -0.6336 -0.7706 0.0686
vn -0.3540 -0.9309 0.0897
vn -0.3551 -0.9308 0.0862
vn -0.3552 -0.9308 0.0862
vn -0.3527 -0.9311 0.0933
vn -0.3540 -0.9309 0.0898
vn -0.0501 0.9866 -0.1550
vn -0.0502 0.9864 -0.1567
vn -0.0500 0.9867 -0.1548
vn -0.0499 0.9870 -0.1531
vn -0.0499 0.9870 -0.1530
vn -0.9805 -0.1957 0.0190
vn -0.9805 -0.1957 0.0189
vn -0.8509 -0.5230 0.0495
vn -0.8537 -0.5183 0.0510
vn -0.8565 -0.5135 0.0526
vn -0.9508 -0.3082 0.0311
vn -0.9805 -0.1958 0.0190
vn -0.7303 0.6791 -0.0743
vn -0.9918 0.1272 -0.0157
vn -0.9918 0.1271 -0.0157
vn -0.1533 0.9814 -0.1157
vn -0.3439 0.9336 -0.1008
vn -0.1334 0.9815 -0.1376
vn -0.0991 -0.9920 0.0782
vn -0.0994 -0.9920 0.0783
vn -0.0996 -0.9919 0.0786
vn -0.0992 -0.9920 0.0786
vn -0.0992 -0.9919 0.0789
vn -0.0993 -0.9919 0.0791
vn -0.0009 0.9854 -0.1704
vn -0.0000 0.9855 -0.1698
vn 0.0001 0.9855 -0.1697
vn 0.0001 0.9856 -0.1691
vn -0.0008 0.9853 -0.1706
vn -0.0016 0.9855 -0.1697
vn 0.0002 0.9856 -0.1691
vn -0.0008 0.9856 -0.1689
vn 0.0482 0.9843 -0.1697
vn 0.0301 -0.9953 0.0916
vn 0.0299 -0.9953 0.0917
vn 0.0300 -0.9953 0.0917
vn 0.3160 -0.9443 0.0914
vn 0.1196 -0.9895 0.0817
vn 0.1666 0.9713 -0.1698
vn 0.9496 -0.3117 0.0318
vn 0.7164 -0.6944 0.0681
vn 0.9924 -0.1226 0.0137
vn 1.0000 0.0002 0.0019
vn 0.9536 0.2929 -0.0696
vn 0.9961 0.0877 -0.0076
vn 0.9998 0.0166 -0.0122
vn 0.9998 0.0165 -0.0122
vn 0.4031 0.9006 -0.1625
vn 0.7739 0.6213 -0.1222
vn 0.7739 0.6214 -0.1222
vn 0.9994 -0.0352 0.0053
vn 0.0390 -0.9960 0.0809
vn 0.0390 -0.9960 0.0810
vn -0.0420 -0.9959 0.0805
vn -0.0419 -0.9959 0.0805
vn -0.0412 -0.9959 0.0803
vn -0.0396 -0.9960 0.0798
vn -0.0398 -0.9960 0.0797
vn -0.0402 -0.9961 0.0791
vn -0.0403 -0.9961 0.0791
vn -0.0415 -0.9960 0.0789
vn -0.0414 -0.9960 0.0789
vn 0.0626 -0.9947 0.0810
vn -0.4854 -0.8715 0.0690
vn -0.4854 -0.8716 0.0690
vn -0.7008 -0.7112 0.0563
vn -0.8769 -0.4792 0.0379
vn -0.8950 -0.4446 0.0352
vn -0.8950 -0.4447 0.0352
vn -1.0000 -0.0005 -0.0004
vn -1.0000 -0.0008 -0.0014
vn -1.0000 -0.0071 -0.0013
vn -1.0000 -0.0073 -0.0013
vn -0.9999 -0.0136 -0.0007
vn -0.9994 -0.0344 0.0013
vn -0.7735 0.6308 -0.0621
vn -0.7709 0.6339 -0.0624
vn -0.7653 0.6406 -0.0631
vn -0.7652 0.6406 -0.0631
vn -0.7586 0.6485 -0.0638
vn -0.7585 0.6485 -0.0638
vn -0.7546 0.6530 -0.0642
vn -0.8158 0.5715 -0.0880
vn -0.8158 0.5716 -0.0880
vn -0.7284 0.6819 -0.0670
vn -0.7251 0.6854 -0.0673
vn -0.7108 0.6910 -0.1313
vn -0.7019 0.6998 -0.1331
vn -0.8760 0.4796 -0.0519
vn -0.8760 0.4796 -0.0518
vn -0.8760 0.4795 -0.0519
vn -0.7107 0.6910 -0.1318
vn -0.6934 0.7082 -0.1331
vn -0.7543 0.6534 -0.0643
vn -0.7317 0.6784 -0.0666
vn -0.7284 0.6818 -0.0670
vn -0.7438 0.6652 -0.0654
vn -0.5961 0.7891 -0.1481
vn -0.5902 0.7934 -0.1489
vn -0.5962 0.7890 -0.1481
vn -0.5901 0.7935 -0.1489
vn -0.5872 0.7955 -0.1492
vn -0.6062 0.7816 -0.1469
vn -0.6028 0.7842 -0.1473
vn -0.6062 0.7817 -0.1469
vn -0.6027 0.7842 -0.1473
vn -0.6973 0.7042 -0.1335
vn -0.6932 0.7082 -0.1342
vn -0.0268 0.9835 -0.1788
vn -0.0252 0.9836 -0.1788
vn -0.4777 0.8637 -0.1607
vn -0.4755 0.8649 -0.1609
vn -0.4832 0.8607 -0.1602
vn -0.4833 0.8607 -0.1602
vn -0.4908 0.8565 -0.1595
vn -0.4909 0.8565 -0.1595
vn -0.4952 0.8541 -0.1591
vn -0.0238 0.9836 -0.1788
vn -0.0257 0.9836 -0.1788
vn -0.0258 0.9836 -0.1788
vn -0.0276 0.9835 -0.1788
vn 0.4703 -0.8825 0.0053
vn -0.0018 0.9848 -0.1739
vn 0.0004 0.9843 -0.1764
vn 0.0004 0.9843 -0.1762
vn 0.0003 0.9841 -0.1775
vn -0.0020 0.9851 -0.1722
vn -0.0019 0.9851 -0.1722
vn 0.4704 -0.8825 0.0053
vn 0.4562 -0.8897 0.0194
vn 0.4561 -0.8897 0.0193
vn 0.2584 -0.9635 0.0702
vn 0.2583 -0.9635 0.0702
vn 0.4706 -0.8777 0.0901
vn 0.3559 -0.9299 0.0927
vn 0.3565 -0.9297 0.0927
vn 0.3571 -0.9295 0.0927
vn 0.3040 -0.9481 0.0927
vn 0.3014 -0.9490 0.0922
vn 0.3015 -0.9490 0.0922
vn 0.3063 -0.9474 0.0931
vn 0.3011 -0.9491 0.0920
vn 0.0001 0.9856 -0.1693
vn 0.0003 0.9855 -0.1700
vn -0.0000 0.9856 -0.1693
vn 0.0002 0.9855 -0.1699
vn 0.0002 0.9853 -0.1709
vn 0.0001 0.9852 -0.1712
vn 0.2283 -0.9694 0.0904
vn 0.2293 -0.9693 0.0883
vn 0.2294 -0.9693 0.0882
vn 0.2271 -0.9702 0.0848
vn 0.2271 -0.9702 0.0847
vn 0.2237 -0.9711 0.0834
vn 0.1808 -0.9800 0.0837
vn 0.1808 -0.9799 0.0837
vn 0.1814 -0.9798 0.0837
vn 0.1708 -0.9821 0.0795
vn 0.1709 -0.9821 0.0795
vn 0.1723 -0.9818 0.0802
vn 0.1722 -0.9818 0.0802
vn 0.1744 -0.9813 0.0819
vn 0.1744 -0.9813 0.0820
vn 0.1725 -0.9815 0.0835
vn 0.1749 -0.9810 0.0839
vn 0.1800 -0.9801 0.0839
vn 0.1810 -0.9799 0.0838
vn 0.1798 -0.9801 0.0839
vn 0.0075 0.9848 -0.1733
vn 0.0009 0.9855 -0.1700
vn 0.0011 0.9854 -0.1702
vn 0.0064 0.9845 -0.1753
vn 0.0063 0.9845 -0.1751
vn 0.0007 0.9845 -0.1755
vn 0.0617 -0.9948 0.0808
vn 0.0600 -0.9950 0.0802
vn 0.0602 -0.9950 0.0802
vn 0.0599 -0.9950 0.0800
vn 0.1158 -0.9901 0.0798
vn 0.1162 -0.9900 0.0798
vn 0.1161 -0.9900 0.0796
vn 0.1160 -0.9901 0.0791
vn 0.1164 -0.9900 0.0792
vn 0.1165 -0.9901 0.0790
vn 0.1156 -0.9901 0.0795
vn 0.1162 -0.9901 0.0790
vn 0.1174 -0.9899 0.0793
vn 0.1164 -0.9901 0.0791
vn 0.1183 -0.9898 0.0795
vn 0.0009 0.9845 -0.1756
vn 0.0313 0.9837 -0.1773
vn 0.0314 0.9836 -0.1774
vn 0.0313 0.9836 -0.1774
vn 0.1026 0.9802 -0.1692
vn 0.5316 -0.8470 -0.0014
vn 0.5317 -0.8469 -0.0014
vn 0.1053 0.9798 -0.1702
vn 0.1114 0.9786 -0.1731
vn 0.1148 0.9779 -0.1750
vn 0.1147 0.9779 -0.1750
vn 0.6809 -0.7318 0.0302
vn 0.6809 -0.7317 0.0302
vn 0.3727 0.9135 -0.1635
vn 0.3556 0.9201 -0.1640
vn 0.3674 0.9156 -0.1635
vn 0.5414 -0.8402 0.0317
vn 0.5804 -0.8143 0.0084
vn 0.3777 0.9114 -0.1632
vn 0.5914 0.7980 -0.1158
vn 0.6823 -0.7305 0.0301
vn 0.6815 -0.7312 0.0301
vn 0.6808 -0.7319 0.0302
vn 0.3919 0.9101 -0.1346
vn 0.3918 0.9101 -0.1347
vn 0.5043 0.8512 -0.1456
vn 0.5045 0.8510 -0.1456
vn 0.3552 0.9202 -0.1642
vn 0.8408 0.5346 -0.0855
vn 0.7893 -0.6133 0.0281
vn 0.7904 -0.6120 0.0279
vn 0.5923 0.7974 -0.1158
vn 0.5932 0.7967 -0.1157
vn 0.7908 -0.6115 0.0276
vn 0.7962 -0.6046 0.0244
vn 0.7918 -0.6102 0.0272
vn 0.7911 -0.6113 0.0229
vn 0.7961 -0.6047 0.0243
vn 0.7908 -0.6117 0.0228
vn 0.8395 0.5379 -0.0770
vn 0.9482 -0.3178 -0.0039
vn 0.8407 0.5359 -0.0774
vn 0.8485 0.5230 -0.0810
vn 0.8418 0.5340 -0.0791
vn 0.8484 0.5231 -0.0810
vn 0.8482 0.5234 -0.0819
vn 0.7892 -0.6135 0.0281
vn 0.9956 0.0835 -0.0415
vn 0.9956 0.0835 -0.0416
vn 0.6259 -0.7799 0.0045
vn -0.0522 -0.0971 0.9939
vn 0.0192 0.0044 -0.9998
vn 0.0454 0.0237 -0.9987
vn 0.0170 0.1322 -0.9911
vn 0.0169 0.1322 -0.9911
vn -0.4342 0.8995 0.0482
vn -0.4301 0.9015 0.0481
vn -0.4050 0.9086 0.1015
vn -0.4050 0.9087 0.1015
vn -0.4051 0.9086 0.1015
vn -0.4186 0.9025 0.1012
vn -0.4398 0.8968 0.0484
vn -0.4343 0.8995 0.0482
vn 0.0980 0.9946 -0.0329
vn 0.0980 0.9946 -0.0330
vn 0.1619 -0.9868 0.0059
vn 0.1607 -0.9869 0.0124
vn -0.1645 0.9639 0.2092
vn 0.1621 -0.9868 -0.0010
vn 0.9618 0.2701 0.0443
vn 0.9688 0.2422 0.0527
vn 0.9696 0.2434 0.0262
vn -0.9984 0.0406 0.0403
vn -0.9984 0.0406 0.0402
vn -0.9991 -0.0009 -0.0426
vn -0.9991 -0.0009 -0.0425
vn -0.9999 -0.0152 -0.0011
vn -0.9999 -0.0155 -0.0008
vn -0.9999 -0.0152 -0.0012
vn -0.9999 -0.0149 -0.0016
vn -0.9999 -0.0149 -0.0015
vn -0.9636 -0.2674 0.0003
vn -0.9636 -0.2675 0.0001
vn -0.9636 -0.2674 0.0004
vn -0.9705 -0.2369 -0.0449
vn -0.9705 -0.2369 -0.0448
vn -0.9758 -0.2122 -0.0528
vn -0.9758 -0.2122 -0.0529
vn -0.9766 -0.2134 -0.0269
vn -0.9766 -0.2134 -0.0270
vn -0.9087 -0.1596 0.3857
vn -0.9087 -0.1596 0.3858
vn -0.9087 -0.1597 0.3857
vn 0.1645 -0.9643 -0.2074
vn -0.1637 0.9839 0.0712
vn -0.1645 0.9757 0.1447
vn -0.9632 -0.2686 -0.0035
vn -0.9632 -0.2686 -0.0036
vn -0.9999 -0.0142 -0.0011
vn -0.9999 -0.0141 -0.0013
vn -0.9517 -0.3071 -0.0001
vn -0.9517 -0.3070 -0.0002
vn -0.9517 -0.3070 -0.0003
vn -0.9993 -0.0377 0.0001
vn -0.9993 -0.0375 0.0004
vn -0.9838 -0.1791 0.0001
vn -0.0063 -0.0069 1.0000
vn -0.0116 -0.0036 0.9999
vn -0.0117 -0.0035 0.9999
vn -0.0032 0.9976 0.0688
vn -0.0023 0.9976 0.0688
vn 0.0004 0.9976 0.0688
vn -0.0035 0.9976 0.0688
vn -0.0044 0.9976 0.0688
vn -0.0057 -0.0074 1.0000
vn -0.0114 -0.0037 0.9999
vn -0.9418 -0.3359 -0.0125
vn 1.0000 0.0001 -0.0003
vn -0.0147 -0.9999 0.0071
vn -0.3619 -0.9316 -0.0341
vn -0.3619 -0.9316 -0.0342
vn -0.0002 -0.9972 -0.0747
vn -0.0002 -0.9972 -0.0746
vn 0.1021 -0.9920 -0.0740
vn 0.1022 -0.9920 -0.0744
vn 0.1020 -0.9920 -0.0738
vn -0.0002 -0.0008 1.0000
vn -0.0003 -0.0009 1.0000
vn -0.0001 -0.0008 1.0000
vn -0.7772 0.6277 0.0436
vn -0.5109 0.8596 0.0096
vn -0.5108 0.8596 0.0096
vn -0.5857 0.8102 0.0245
vn -0.5858 0.8101 0.0246
vn -0.5857 0.8101 0.0246
vn -0.8882 0.4588 0.0239
vn -0.9578 -0.0000 0.2873
vn -0.0000 0.9972 0.0742
vn -0.0752 0.9859 0.1498
vn -0.0752 0.9859 0.1497
vn -0.0749 0.9947 0.0702
vn -0.0753 0.9947 0.0701
vn -0.0749 0.9947 0.0701
vn -0.0746 0.9948 0.0701
vn -0.0746 0.9947 0.0702
vn -0.0300 0.0216 0.9993
vn -0.9314 0.0331 0.3626
vn -0.9313 0.0331 0.3627
vn -0.9313 0.0330 0.3626
vn -0.0107 0.0607 0.9981
vn -0.0802 0.9771 0.1969
vn -0.0802 0.9771 0.1968
vn -0.4417 0.8959 0.0483
vn -0.4404 0.8965 0.0482
vn -0.8998 -0.4354 -0.0282
vn -0.1631 0.9841 0.0709
vn -0.1626 0.9840 0.0721
vn -0.1627 0.9840 0.0721
vn 0.9834 -0.1205 -0.1356
vn 0.0603 -0.0332 -0.9976
vn 0.0602 -0.0332 -0.9976
vn -0.0421 -0.9985 -0.0339
vn -0.0185 0.9990 0.0399
vn -0.0090 -0.9996 -0.0276
vn -1.0000 -0.0000 0.0087
vn -1.0000 -0.0009 0.0085
vn 0.0103 0.9966 0.0815
vn 0.0103 0.9966 0.0818
vn 0.0102 0.9967 0.0811
vn 0.0227 -0.0917 0.9955
vn -0.0084 -1.0000 -0.0040
vn -0.9980 -0.0204 0.0592
vn -0.2069 0.0003 0.9784
vn -0.2070 0.0004 0.9783
vn -0.6029 0.0051 0.7978
vn -0.6028 0.0051 0.7979
vn -0.8561 0.0237 0.5162
vn -0.9711 0.0872 0.2222
vn -0.9808 -0.1947 0.0077
vn -0.9808 -0.1948 0.0077
vn -0.8329 -0.5534 0.0049
vn -0.8329 -0.5534 0.0107
vn -0.5604 -0.8282 0.0014
vn -0.5604 -0.8282 -0.0001
vn -0.2030 -0.9792 -0.0023
vn -0.2031 -0.9792 -0.0023
vn -0.9803 -0.1948 0.0322
vn -0.9803 -0.1947 0.0322
vn -0.8329 -0.5534 0.0108
vn -0.8327 -0.5534 0.0165
vn -0.5605 -0.8282 -0.0016
vn -0.2034 -0.9789 -0.0195
vn -0.2087 -0.0897 0.9739
vn -0.6103 -0.0726 0.7888
vn -0.6104 -0.0726 0.7888
vn -0.8687 -0.0454 0.4932
vn -0.9861 -0.0152 0.1652
vn -0.9805 0.1965 0.0100
vn -0.9805 0.1964 0.0100
vn -0.8268 0.5623 0.0127
vn -0.8269 0.5623 0.0127
vn -0.5455 0.8380 0.0135
vn -0.5454 0.8381 0.0135
vn -0.1843 0.9828 0.0122
vn -0.1845 0.9828 0.0122
vn -0.9820 0.1730 0.0761
vn -0.9820 0.1729 0.0761
vn -0.8370 0.5385 0.0973
vn -0.5570 0.8241 0.1033
vn -0.5570 0.8240 0.1033
vn -0.1854 0.9793 0.0806
vn -0.1879 0.9778 0.0923
vn -0.1878 0.9779 0.0923
vn -0.9807 0.1947 0.0157
vn -0.9809 0.1939 0.0155
vn -0.9808 0.1942 0.0156
vn -0.8307 0.5549 0.0450
vn -0.8307 0.5548 0.0450
vn -0.5513 0.8315 0.0680
vn -0.5513 0.8316 0.0680
vn -0.5514 0.8315 0.0679
vn -0.1860 0.9793 0.0803
vn -0.1866 0.9781 0.0922
vn -0.9588 0.2798 0.0501
vn -0.9587 0.2798 0.0501
vn -0.2903 0.9570 -0.0000
vn -0.9570 0.2903 -0.0000
vn -0.9570 -0.2902 -0.0000
vn 0.2903 0.9570 -0.0000
vn 0.1737 0.9783 -0.1125
vn 0.9754 0.2202 -0.0136
vn 0.6132 -0.7883 0.0502
vn -0.9986 -0.0526 0.0002
vn -0.5173 0.8518 -0.0821
vn -0.3058 0.9466 -0.1020
vn -0.8250 -0.5638 0.0392
vn 0.3847 -0.9206 0.0668
vn -0.0936 -0.9951 0.0314
vn 0.0028 -0.9881 0.1536
vn 0.4460 -0.8904 0.0907
vn -0.8195 -0.5669 0.0843
vn -0.6110 0.7823 -0.1217
vn -0.9408 0.3271 -0.0883
vn 0.6221 -0.7740 0.1179
vn 0.9752 0.2192 -0.0323
vn 0.2662 0.9506 -0.1600
vn -0.0093 -0.9999 0.0040
vn 0.7348 -0.6781 0.0155
vn -0.6434 -0.6932 0.3248
vn 0.9101 0.4098 -0.0609
vn 0.9155 0.4014 -0.0266
vn -0.1177 0.8050 -0.5815
vn 0.7204 -0.3403 0.6043
vn -0.2175 0.7730 -0.5960
vn 0.1497 0.7536 -0.6401
vn -0.6057 -0.7235 0.3311
vn 0.0455 0.4010 -0.9150
vn 0.0807 0.9228 -0.3767
vn 0.0074 0.2372 -0.9714
vn 0.0072 0.2368 -0.9715
vn -0.0028 0.1344 -0.9909
vn -0.0013 0.2347 -0.9721
vn -0.0011 0.2360 -0.9717
vn -0.0029 0.2432 -0.9700
vn -0.4886 0.8693 -0.0743
vn 0.8792 -0.4714 -0.0686
vn -0.5352 0.8425 -0.0623
vn -0.6844 -0.7285 0.0303
vn 0.2759 -0.9612 0.0049
vn 0.1509 -0.9882 0.0279
vn 0.1233 -0.9924 0.0048
vn 0.1463 -0.9888 -0.0281
vn 0.0833 -0.0541 -0.9951
vn 0.4085 -0.9123 0.0288
vn 0.8626 -0.5001 -0.0768
vn -0.0862 -0.9879 -0.1289
vn 0.2499 -0.9400 -0.2325
vn 0.0002 -0.0230 -0.9997
vn 0.5931 -0.5070 0.6255
vn -0.5118 0.5693 -0.6434
vn 0.0408 0.0576 -0.9975
vn 0.0862 0.0657 -0.9941
vn 0.2757 -0.9224 -0.2704
vn 0.6031 -0.7762 -0.1839
vn 0.9605 0.0961 -0.2613
vn 0.3134 -0.9442 -0.1015
vn -0.9646 -0.0989 0.2444
vn -0.6971 0.7027 -0.1424
vn -0.7164 0.3013 -0.6293
vn 0.0207 0.8277 -0.5609
vn -0.6956 0.2713 -0.6652
vn 0.3185 0.7928 -0.5197
vn 0.5023 0.7069 -0.4980
vn 0.8842 -0.3038 -0.3547
vn 0.6010 0.6301 -0.4917
vn 0.6880 0.5350 -0.4904
vn -0.9020 -0.4287 -0.0500
vn -0.8756 -0.1470 -0.4602
vn -0.7670 -0.6035 -0.2178
vn 0.6615 0.5140 -0.5460
vn 0.0596 0.0309 -0.9977
vn -0.8049 0.3145 -0.5031
vn 0.5755 0.6031 -0.5524
vn 0.4806 0.6760 -0.5586
vn 0.3063 0.7628 -0.5695
vn 0.1766 0.7993 -0.5745
vn 0.6053 0.5853 -0.5395
vn -0.7225 0.3266 -0.6094
vn -0.6717 0.5073 -0.5399
vn 0.6555 0.5168 -0.5506
vn -0.5559 0.6186 -0.5553
vn 0.6524 -0.5573 -0.5136
vn -0.4357 0.7016 -0.5639
vn -0.6394 -0.7688 0.0038
vn -0.3663 0.7371 -0.5678
vn -0.2228 0.7876 -0.5745
vn -0.1189 0.8078 -0.5774
vn -0.8693 -0.1190 -0.4797
vn 0.1244 -0.8205 -0.5580
vn -0.5991 0.7945 0.0993
vn -0.4562 0.8888 0.0442
vn 0.2926 -0.8373 -0.4618
vn 0.1496 0.9612 0.2319
vn -0.5434 0.8345 0.0910
vn -0.4889 0.8703 0.0596
vn 0.0064 -0.9744 0.2245
vn -1.0000 0.0018 -0.0082
vn 0.5682 0.5168 -0.6403
vn 0.0868 0.1484 -0.9851
vn -0.0029 0.1496 -0.9887
vn 0.0100 0.1130 -0.9935
vn 0.0096 0.1101 -0.9939
vn 0.0098 0.1095 -0.9939
vn -0.0001 0.1110 -0.9938
vn -0.0000 0.1110 -0.9938
vn -0.0005 0.1112 -0.9938
vn 0.0001 0.1109 -0.9938
vn -0.0153 0.1111 -0.9937
vn -0.0075 0.1136 -0.9935
vn -0.0076 0.1136 -0.9935
vn -0.0074 0.1136 -0.9935
vn -0.0080 0.1133 -0.9935
vn -0.0122 0.1114 -0.9937
vn -0.0123 0.1110 -0.9937
vn -0.0335 0.1248 -0.9916
vn -0.0328 0.1253 -0.9916
vn 0.1127 0.0684 -0.9913
vn -0.1771 0.1850 -0.9667
vn -0.2843 0.2128 -0.9348
vn -0.8919 0.2029 -0.4041
vn 0.0674 0.0553 -0.9962
vn 0.5977 -0.7926 0.1201
vn 0.6044 -0.7951 0.0498
vn 0.0498 -0.9878 0.1478
vn 0.2780 -0.9602 0.0266
vn 0.0355 0.8162 -0.5766
vn 0.2510 0.9410 -0.2271
vn 0.0624 0.7710 -0.6337
vn 0.9153 0.3994 -0.0532
vn -0.9613 -0.2722 0.0414
vn -0.8202 -0.5658 0.0844
vn -0.6394 -0.7602 0.1151
vn -0.9902 -0.1380 0.0200
vn -0.0749 -0.9952 0.0626
vn 0.1619 -0.9851 0.0588
vn 0.3354 -0.9406 0.0532
vn 0.6352 -0.7714 0.0397
vn 0.7949 -0.6062 0.0260
vn 0.8720 -0.4893 0.0159
vn 0.8364 -0.5479 0.0147
vn 0.6107 -0.7916 0.0212
vn 0.7212 0.6738 -0.1611
vn -0.1029 0.6580 -0.7459
vn 0.2848 -0.9582 -0.0272
vn -0.0003 -0.9176 -0.3975
vn 0.5842 -0.7560 -0.2953
vn 0.8170 -0.5370 -0.2099
vn 0.6055 -0.7473 -0.2737
vn -0.0754 -0.9398 -0.3333
vn -0.4601 -0.8458 -0.2702
vn -0.9900 -0.1364 -0.0370
vn -0.3014 0.3209 -0.8978
vn 0.5972 0.4718 -0.6486
vn 0.3805 -0.9051 -0.1896
vn -0.2978 -0.4540 -0.8397
vn -0.1488 -0.0554 -0.9873
vn 0.3887 0.3025 -0.8703
vn -0.6171 0.7780 -0.1183
vn -0.9429 0.3325 -0.0213
vn 0.0067 -0.0038 1.0000
vn -0.9077 -0.4171 0.0464
vn 0.2390 0.9703 -0.0386
vn 0.0111 0.2267 -0.9739
vn 0.0099 0.2180 -0.9759
vn 0.0146 0.2216 -0.9750
vn 0.0279 0.2348 -0.9716
vn 0.0280 0.2348 -0.9716
vn 0.0114 0.2270 -0.9738
vn -0.0229 0.1157 -0.9930
vn 0.0288 0.2335 -0.9719
vn -0.0059 0.2429 -0.9700
vn -0.0113 0.2480 -0.9687
vn -0.0237 0.1156 -0.9930
vn -0.0157 0.1110 -0.9937
vn -0.0125 0.1104 -0.9938
vn -0.0057 0.2424 -0.9701
vn 0.7100 -0.6558 -0.2568
vn 0.9656 0.1733 0.1940
vn 0.6271 0.7686 -0.1268
vn 0.9698 0.2432 -0.0188
vn 0.3987 0.9155 -0.0543
vn 0.9543 0.2681 -0.1318
vn 0.9995 0.0319 -0.0011
vn -0.3288 -0.0541 -0.9428
vn 0.2618 -0.9003 0.3479
vn -0.0908 -0.9897 0.1108
vn 0.0002 0.9974 -0.0723
vn 0.0005 0.9973 -0.0732
vn 0.7260 -0.6876 0.0099
vn 0.9868 -0.1616 0.0127
vn 0.9588 -0.2835 0.0185
vn 0.5549 -0.8296 0.0612
vn 0.8402 0.5378 -0.0690
vn -0.7723 0.6353 -0.0070
vn -0.6242 0.7724 -0.1175
vn 0.0301 -0.9881 0.1506
vn 0.0029 -0.8659 0.5001
vn -0.1431 -0.9454 0.2929
vn -0.2622 -0.9516 0.1603
vn 0.3293 -0.9385 0.1042
vn 0.2996 -0.9482 0.1051
vn 0.1142 -0.9877 0.1068
vn 0.0184 0.9998 -0.0099
vn 0.5782 -0.8139 0.0570
vn -0.7792 0.6266 -0.0142
vn -0.0297 0.9805 -0.1940
vn 0.0009 -0.0343 0.9994
vn -0.9955 -0.0858 0.0393
vn 0.1444 -0.3795 0.9138
vn -0.7842 -0.6120 0.1029
vn 0.0003 0.9973 -0.0741
vn -0.0075 -0.2390 0.9710
vn -0.0077 -0.2386 0.9711
vn 0.0030 -0.9938 0.1113
vn -0.0034 -0.1279 0.9918
vn -0.0033 -0.1278 0.9918
vn 0.0014 -0.2363 0.9717
vn 0.2163 -0.9706 0.1052
vn 0.2671 -0.9578 0.1059
vn 0.2670 -0.9578 0.1060
vn 0.1525 -0.8943 0.4207
vn 0.1526 -0.8943 0.4208
vn 0.0011 -0.2388 0.9711
vn -0.0892 -0.1082 0.9901
vn -0.0891 -0.1083 0.9901
vn -0.2848 0.9586 -0.0049
vn -0.1096 -0.1135 0.9875
vn 1.0000 0.0019 0.0082
vn -0.3286 -0.8275 0.4554
vn -0.5398 -0.7310 0.4174
vn 0.1305 -0.9510 -0.2801
vn -0.6791 -0.3357 0.6528
vn 0.0144 -0.1101 0.9938
vn 0.0147 -0.1098 0.9938
vn -0.0097 -0.0871 0.9962
vn -0.0080 -0.0752 0.9971
vn -0.0065 -0.0701 0.9975
vn -0.0068 -0.0681 0.9977
vn 0.0045 -0.0575 0.9983
vn 0.0050 -0.0572 0.9984
vn 0.0047 -0.0577 0.9983
vn 0.0052 -0.0521 0.9986
vn 0.0018 -0.0520 0.9986
vn 0.0017 -0.0520 0.9986
vn 0.0184 -0.0740 0.9971
vn 0.0175 -0.0753 0.9970
vn 0.1185 -0.1644 0.9793
vn 0.9121 -0.2013 0.3572
vn -0.0122 0.0337 0.9994
vn -0.0049 -0.0274 0.9996
vn -0.4823 0.8660 -0.1320
vn -0.2198 -0.9648 0.1443
vn -0.1438 0.9892 -0.0282
vn -0.2649 0.9639 -0.0268
vn 0.1874 -0.8504 0.4916
vn 0.0029 -0.9152 0.4029
vn -0.3973 -0.8680 0.2980
vn -0.8523 -0.5188 0.0661
vn -0.0621 -0.7700 0.6351
vn -0.0377 -0.8602 0.5086
vn 0.0048 -0.8762 0.4819
vn -0.9048 -0.4213 0.0616
vn -0.9446 -0.3245 0.0487
vn -0.6164 0.7784 -0.1186
vn 0.8511 0.5194 -0.0773
vn 0.9900 0.1399 -0.0204
vn 0.9900 0.1383 0.0285
vn 0.0761 0.9971 -0.0074
vn -0.3366 0.9416 -0.0011
vn -0.6301 0.7755 -0.0398
vn -0.7912 0.6111 -0.0262
vn -0.8694 0.4938 -0.0160
vn -0.8373 0.5466 -0.0142
vn 0.0993 -0.8615 0.4979
vn 0.1004 -0.8720 0.4791
vn -0.2832 0.9549 -0.0893
vn 0.0450 0.9047 0.4237
vn -0.6124 0.7901 -0.0284
vn 0.0718 0.9444 -0.3210
vn -0.9088 -0.4161 0.0311
vn -0.1838 -0.9763 0.1146
vn -0.0845 -0.9416 0.3259
vn 0.0949 -0.9693 0.2269
vn -0.0364 -0.8562 0.5154
vn -0.0154 0.9363 -0.3510
vn 0.1988 -0.8972 0.3944
vn 0.1048 -0.9103 0.4004
vn -0.0046 0.9373 0.3484
vn -0.0042 0.9971 -0.0754
vn -0.1241 -0.0977 0.9875
vn -0.0323 -0.1493 0.9883
vn 0.0044 -0.0992 0.9951
vn 0.1504 0.0576 0.9869
vn 0.6127 -0.7686 0.1839
vn 0.8678 -0.4946 0.0480
vn 0.8282 -0.5494 0.1108
vn 0.1384 -0.9522 0.2725
vn -0.7934 0.4598 0.3988
vn -0.5657 0.8246 -0.0031
vn -0.6419 -0.7662 0.0294
vn 0.9526 0.2893 -0.0937
vn -0.0110 -0.2282 0.9736
vn -0.0090 -0.2195 0.9756
vn -0.0148 -0.2228 0.9747
vn -0.0285 -0.2369 0.9711
vn -0.0287 -0.2369 0.9711
vn -0.0114 -0.2284 0.9735
vn 0.0154 -0.0608 0.9980
vn 0.0040 -0.0632 0.9980
vn 0.0120 -0.2506 0.9680
vn 0.0018 -0.2508 0.9680
vn 0.0017 -0.2509 0.9680
vn 0.0100 -0.0526 0.9986
vn 0.0057 -0.2442 0.9697
vn -0.0456 -0.0353 0.9983
vn -0.0457 -0.0354 0.9983
vn -0.1981 0.4998 -0.8432
vn 0.0362 0.0102 -0.9993
vn -0.7312 0.6820 -0.0132
vn -0.7221 0.6916 -0.0183
vn 0.5703 -0.1407 -0.8093
vn -0.0309 -0.0232 0.9993
vn -0.0887 -0.9936 0.0692
vn -0.9990 -0.0446 0.0093
vn -0.9517 -0.3071 0.0003
vn -0.4785 -0.3624 0.7999
vn -0.8720 -0.4031 0.2777
vn -0.0019 0.9882 -0.1534
vn -0.0010 0.9835 -0.1807
vn -0.0031 0.9882 -0.1531
vn -0.0032 0.9971 -0.0765
vn -0.0177 0.1530 0.9881
vn -0.0378 0.0239 0.9990
vn 0.1170 0.0918 0.9889
vn 0.0142 0.1553 0.9878
vn 0.7510 -0.6534 -0.0957
vn 0.8756 -0.4799 0.0544
vn 0.7633 -0.6460 -0.0057
vn 0.7024 -0.7118 -0.0051
vn -0.0990 -0.9918 -0.0807
vn -0.2011 -0.9756 -0.0882
vn 0.0301 -0.9953 -0.0916
vn -0.0414 -0.9960 -0.0789
vn -0.8950 -0.4447 -0.0352
vn -0.8759 0.4796 0.0518
vn 0.4706 -0.8777 -0.0902
vn 0.3552 0.9202 0.1643
vn 0.0170 0.1322 0.9911
vn 0.1621 -0.9868 0.0011
vn -0.9999 -0.0156 0.0007
vn -0.9636 -0.2675 -0.0000
vn -0.9517 -0.3070 0.0003
vn 0.1023 -0.9920 0.0746
vn -0.0003 -0.0010 -1.0000
vn -0.0004 -0.0010 -1.0000
vn -0.0003 -0.0009 -1.0000
vn -0.9313 0.0331 -0.3626
vn -0.0802 0.9771 -0.1969
vn -0.2068 0.0003 -0.9784
vn -0.8562 0.0236 -0.5161
vn -0.2031 -0.9792 0.0023
vn -0.5451 0.8383 -0.0135
vn -0.8370 0.5384 -0.0973
vn -0.5570 0.8240 -0.1033
vn -0.1879 0.9778 -0.0923
vn -0.5514 0.8315 -0.0680
vn 0.0001 -0.0000 -1.0000
vn -0.0001 -0.0000 -1.0000
vn 0.1767 0.9777 0.1136
vn 0.8966 0.4420 0.0281
vn 0.6132 -0.7883 -0.0502
vn -0.9986 -0.0526 -0.0002
vn -0.9986 -0.0537 -0.0012
vn -0.9868 0.1617 0.0127
vn -0.5173 0.8518 0.0821
vn -0.8249 -0.5639 -0.0392
vn -0.6529 -0.7555 -0.0542
vn -0.0936 -0.9951 -0.0314
vn 0.0031 -0.9881 -0.1536
vn -0.8196 -0.5666 -0.0844
vn -0.6110 0.7823 0.1217
vn 0.7378 -0.6749 -0.0155
vn 0.6221 -0.7740 -0.1179
vn 0.9089 0.4135 0.0550
vn 0.2662 0.9506 0.1600
vn -0.0093 -0.9999 -0.0040
vn -0.0080 -0.9996 -0.0268
vn -0.1172 0.8049 0.5817
vn 0.7204 -0.3407 -0.6041
vn -0.2175 0.7730 0.5960
vn -0.3498 0.7061 0.6157
vn -0.6055 -0.7238 -0.3308
vn 0.0807 0.9228 0.3767
vn 0.0074 0.2371 0.9715
vn 0.0072 0.2367 0.9715
vn -0.0028 0.1344 0.9909
vn 0.2241 0.9599 0.1685
vn -0.0013 0.2347 0.9721
vn -0.0011 0.2360 0.9717
vn -0.4889 0.8692 0.0742
vn -0.6844 -0.7285 -0.0303
vn -0.1376 0.1776 0.9744
vn -0.5432 0.8351 0.0863
vn 0.2844 -0.9587 -0.0049
vn 0.1451 -0.9894 -0.0051
vn 0.1231 -0.9924 -0.0049
vn 0.1463 -0.9888 0.0281
vn 0.9542 -0.1782 0.2402
vn 0.0833 -0.0541 0.9951
vn -0.8768 -0.4659 -0.1193
vn 0.0002 -0.0230 0.9997
vn -0.4107 0.6638 0.6250
vn 0.5931 -0.5070 -0.6255
vn -0.5114 0.5695 0.6436
vn -0.0127 0.0494 0.9987
vn 0.0150 0.0666 0.9977
vn 0.0407 0.0575 0.9975
vn 0.0083 0.9999 0.0110
vn 0.8065 0.5235 0.2749
vn -0.4293 0.9010 0.0622
vn 0.9355 0.2289 0.2692
vn 0.2721 -0.9232 0.2714
vn -0.9322 -0.2212 -0.2863
vn 0.6170 -0.7757 0.1330
vn -0.8200 0.5625 0.1058
vn -0.7869 0.6062 0.1152
vn 0.6261 -0.7781 -0.0497
vn 0.0207 0.8277 0.5609
vn -0.6953 0.2715 0.6655
vn 0.3185 0.7928 0.5197
vn 0.5024 0.7067 0.4982
vn 0.6010 0.6301 0.4917
vn 0.6876 0.5352 0.4907
vn -0.7670 -0.6036 0.2179
vn 0.6615 0.5144 0.5457
vn 0.5755 0.6031 0.5523
vn 0.4806 0.6760 0.5586
vn 0.3063 0.7628 0.5694
vn 0.1766 0.7993 0.5745
vn 0.1695 -0.8822 -0.4393
vn 0.0202 0.8161 0.5775
vn 0.6052 0.5853 0.5396
vn -0.6717 0.5071 0.5400
vn -0.5559 0.6187 0.5551
vn 0.6523 -0.5576 0.5135
vn -0.4357 0.7016 0.5639
vn -0.3662 0.7373 0.5676
vn 0.4731 -0.8284 0.2998
vn 0.7393 -0.5784 0.3448
vn 0.1244 -0.8205 0.5580
vn 0.8703 0.0878 -0.4846
vn 0.3406 -0.8128 0.4725
vn 0.7609 0.5022 -0.4108
vn 0.5735 -0.7400 0.3514
vn 0.2329 -0.7812 0.5792
vn -0.0715 -0.8603 0.5047
vn -0.7618 -0.4096 0.5019
vn 0.8327 -0.4909 0.2561
vn -0.4889 0.8703 -0.0596
vn 0.0534 -0.9876 -0.1478
vn 0.0240 -0.9885 -0.1495
vn 0.5682 0.5168 0.6403
vn -0.0019 0.1262 0.9920
vn 0.0101 0.1130 0.9935
vn 0.0100 0.1130 0.9935
vn 0.0112 0.1117 0.9937
vn 0.0105 0.1112 0.9937
vn 0.0097 0.1101 0.9939
vn 0.0096 0.1095 0.9939
vn 0.0097 0.1095 0.9939
vn 0.0961 0.1098 0.9893
vn -0.0005 0.1112 0.9938
vn -0.0004 0.1111 0.9938
vn -0.0000 0.1110 0.9938
vn 0.0001 0.1109 0.9938
vn -0.0075 0.1136 0.9935
vn -0.0153 0.1111 0.9937
vn -0.0074 0.1136 0.9935
vn -0.0080 0.1133 0.9935
vn -0.0072 0.1135 0.9935
vn -0.0076 0.1136 0.9935
vn -0.0123 0.1109 0.9938
vn -0.0132 0.1119 0.9936
vn -0.0121 0.1113 0.9937
vn -0.0327 0.1253 0.9916
vn 0.1127 0.0684 0.9913
vn -0.1368 0.1788 0.9743
vn -0.8919 0.2029 0.4041
vn -0.0726 -0.0069 0.9973
vn -0.0125 0.0407 0.9991
vn 0.0674 0.0553 0.9962
vn 0.1451 -0.9890 -0.0282
vn 0.0624 0.7710 0.6338
vn 0.9059 0.4191 0.0614
vn 0.9753 0.2183 0.0324
vn -0.9613 -0.2722 -0.0414
vn -0.9902 -0.1381 -0.0200
vn -0.8733 -0.4829 -0.0644
vn -0.0749 -0.9952 -0.0626
vn 0.1592 -0.9855 -0.0588
vn 0.3328 -0.9415 -0.0532
vn 0.7917 -0.6103 -0.0261
vn 0.8358 -0.5489 -0.0143
vn 0.2848 -0.9582 -0.0274
vn 0.5654 -0.8230 -0.0540
vn 0.7212 0.6738 0.1611
vn 0.9131 0.4068 0.0270
vn 0.9756 0.2193 0.0137
vn 0.2848 -0.9582 0.0272
vn -0.0003 -0.9176 0.3975
vn 0.5842 -0.7560 0.2953
vn 0.6055 -0.7473 0.2737
vn 0.1488 -0.9310 0.3334
vn -0.9900 -0.1363 0.0371
vn 0.6129 -0.7811 -0.1190
vn 0.0817 0.8935 0.4417
vn -0.3014 0.3210 0.8978
vn 0.0384 0.8304 0.5559
vn 0.3805 -0.9051 0.1896
vn 0.3887 0.3025 0.8703
vn -0.6171 0.7780 0.1183
vn -0.4474 0.8806 0.1563
vn -0.6967 0.7108 0.0968
vn 0.2391 0.9702 0.0386
vn 0.0111 0.2267 0.9739
vn 0.0094 0.2182 0.9759
vn 0.0145 0.2216 0.9750
vn 0.0279 0.2348 0.9716
vn 0.0279 0.2348 0.9717
vn -0.0229 0.1157 0.9930
vn -0.0153 0.1168 0.9930
vn 0.0283 0.2320 0.9723
vn 0.0288 0.2336 0.9719
vn -0.0113 0.2480 0.9687
vn -0.0020 0.2475 0.9689
vn -0.0156 0.1110 0.9937
vn -0.0057 0.2425 0.9701
vn -0.0057 0.2424 0.9701
vn 0.0157 0.0725 0.9972
vn 0.7098 -0.6560 0.2566
vn 0.7341 -0.6788 -0.0176
vn 0.6032 -0.7759 0.1845
vn 0.9656 0.1733 -0.1940
vn 0.9655 0.1733 -0.1941
vn 0.9658 0.1767 0.1899
vn 0.9698 0.2432 0.0188
vn 0.9543 0.2681 0.1318
vn 0.9995 0.0319 0.0012
vn -0.3193 -0.1624 0.9336
vn 0.8558 0.4039 0.3233
vn 0.2618 -0.9003 -0.3479
vn -0.0908 -0.9897 -0.1108
vn -0.8911 -0.4529 -0.0293
vn 0.0005 0.9973 0.0731
vn -0.2850 0.9581 0.0272
vn 0.8402 0.5378 0.0690
vn -0.6242 0.7723 0.1175
vn -0.9037 -0.4236 -0.0619
vn -0.4136 -0.9001 -0.1371
vn 0.0301 -0.9881 -0.1506
vn 0.0024 -0.8659 -0.5003
vn -0.2622 -0.9516 -0.1603
vn 0.3297 -0.9383 -0.1043
vn 0.2995 -0.9483 -0.1051
vn 0.1142 -0.9877 -0.1068
vn -0.7792 0.6267 0.0142
vn -0.0297 0.9805 0.1940
vn 0.0009 -0.0343 -0.9994
vn -0.9109 -0.4082 -0.0607
vn -0.1837 -0.9718 -0.1481
vn -0.1246 -0.9809 -0.1495
vn -0.0740 -0.9859 -0.1502
vn -0.7842 -0.6119 -0.1029
vn 0.0003 0.9973 0.0741
vn -0.0802 -0.9216 -0.3797
vn -0.0075 -0.2390 -0.9710
vn -0.0077 -0.2386 -0.9711
vn -0.0034 -0.1279 -0.9918
vn 0.0680 -0.2492 -0.9661
vn 0.0013 -0.2363 -0.9717
vn 0.2163 -0.9706 -0.1052
vn 0.1525 -0.8943 -0.4207
vn 0.0011 -0.2388 -0.9711
vn 0.0023 -0.2461 -0.9693
vn -0.0891 -0.1083 -0.9901
vn -0.2759 0.9612 0.0049
vn -0.0184 0.0415 -0.9990
vn 0.0497 -0.0860 -0.9951
vn -0.3286 -0.8275 -0.4554
vn -0.5398 -0.7310 -0.4174
vn 0.0180 -0.9829 0.1830
vn -0.5807 0.8050 0.1215
vn 0.0381 -0.4863 -0.8729
vn -0.0097 -0.0873 -0.9961
vn -0.0097 -0.0871 -0.9962
vn -0.0094 -0.0782 -0.9969
vn -0.0080 -0.0752 -0.9971
vn -0.0066 -0.0701 -0.9975
vn -0.0931 -0.0909 -0.9915
vn 0.0045 -0.0575 -0.9983
vn 0.0047 -0.0577 -0.9983
vn 0.0046 -0.0575 -0.9983
vn 0.0051 -0.0572 -0.9983
vn 0.0015 -0.0520 -0.9986
vn 0.0052 -0.0521 -0.9986
vn 0.0016 -0.0521 -0.9986
vn 0.0184 -0.0740 -0.9971
vn 0.0175 -0.0753 -0.9970
vn 0.0118 -0.0835 -0.9964
vn -0.1336 -0.0218 -0.9908
vn 0.1631 -0.1717 -0.9715
vn 0.9121 -0.2013 -0.3572
vn -0.0122 0.0337 -0.9994
vn -0.2647 0.9639 0.0267
vn 0.1874 -0.8504 -0.4916
vn 0.1905 -0.8604 -0.4728
vn -0.0325 -0.8117 -0.5831
vn -0.1350 -0.9312 -0.3385
vn -0.8523 -0.5188 -0.0661
vn -0.1837 -0.8459 -0.5007
vn -0.8732 -0.4781 0.0949
vn -0.0207 0.9861 0.1652
vn 0.9726 0.2318 -0.0182
vn 0.9900 0.1382 -0.0285
vn 0.0761 0.9951 0.0625
vn -0.3354 0.9406 0.0531
vn -0.3365 0.9417 0.0010
vn -0.6106 0.7917 0.0210
vn 0.0988 -0.8617 -0.4977
vn 0.1004 -0.8720 -0.4791
vn 0.0810 -0.9102 -0.4062
vn 0.0028 -0.9942 -0.1074
vn -0.7696 0.6026 0.2111
vn -0.3186 0.8998 0.2980
vn -0.0135 0.9224 -0.3861
vn -0.9558 -0.2909 -0.0433
vn -0.4156 -0.9035 -0.1045
vn -0.0846 -0.9415 -0.3263
vn -0.9109 -0.4120 -0.0208
vn -0.0767 -0.9944 -0.0725
vn -0.0156 0.9363 0.3510
vn -0.1521 0.9880 0.0281
vn 0.1991 -0.8970 -0.3947
vn -0.0046 0.9373 -0.3484
vn -0.1241 -0.0977 -0.9875
vn 0.4648 0.3653 -0.8066
vn 0.0118 0.0023 -0.9999
vn -0.2228 -0.2032 -0.9534
vn 0.6127 -0.7686 -0.1839
vn 0.4552 -0.8848 -0.0992
vn 0.8678 -0.4945 -0.0479
vn 0.8282 -0.5494 -0.1110
vn -0.7934 0.4598 -0.3988
vn -0.6225 0.7731 -0.1215
vn -0.6418 -0.7663 -0.0294
vn -0.0109 -0.2281 -0.9736
vn -0.0101 -0.2190 -0.9757
vn -0.0066 -0.0722 -0.9974
vn -0.0147 -0.2228 -0.9747
vn -0.0287 -0.2368 -0.9711
vn -0.0287 -0.2369 -0.9711
vn -0.0114 -0.2285 -0.9735
vn 0.0154 -0.0608 -0.9980
vn 0.0041 -0.0631 -0.9980
vn -0.0294 -0.2365 -0.9712
vn 0.0059 -0.2447 -0.9696
vn 0.0120 -0.2506 -0.9680
vn 0.0017 -0.2508 -0.9680
vn 0.0100 -0.0526 -0.9986
vn -0.0457 -0.0354 -0.9983
vn -0.7312 0.6820 0.0132
vn -0.7278 0.6852 -0.0294
vn -0.7220 0.6916 0.0182
vn 0.0746 -0.0557 -0.9957
vn -0.0078 -0.0293 -0.9995
vn -0.1137 -0.0371 -0.9928
vn -0.7925 -0.5021 0.3462
vn -0.0887 -0.9936 -0.0693
vn -0.9829 -0.1578 -0.0949
vn 0.1207 -0.9819 -0.1461
vn -0.9989 -0.0453 -0.0099
vn -0.4785 -0.3624 -0.7999
vn -0.0007 0.9836 0.1806
vn -0.9208 -0.3890 -0.0300
vn -0.0031 0.9882 0.1531
vn -0.0032 0.9971 0.0765
vn 0.0314 0.1546 -0.9875
vn -0.0178 0.1536 -0.9880
vn -0.0378 0.0240 -0.9990
vn 0.0143 0.0512 -0.9986
vn -0.0525 0.0786 -0.9955
vn 0.7510 -0.6534 0.0957
vn 0.1508 0.0679 -0.9862
vn 0.8756 -0.4799 -0.0544
vn 0.7633 -0.6460 0.0057
vn 0.0346 0.0035 -0.9994
vn -0.0026 0.9865 -0.1639
vn -0.0992 -0.9919 0.0798
vn -0.0013 0.9875 -0.1575
vn -0.0134 0.9872 -0.1588
vn -0.3528 -0.9310 0.0932
vn -0.8509 -0.5230 0.0494
vn -0.0993 -0.9920 0.0784
vn 0.7740 0.6213 -0.1222
vn -0.0410 -0.9959 0.0804
vn -0.8159 0.5715 -0.0880
vn -0.7317 0.6783 -0.0666
vn -0.6931 0.7082 -0.1342
vn 0.0003 0.9841 -0.1774
vn 0.4706 -0.8777 0.0902
vn 0.3040 -0.9482 0.0927
vn 0.1806 -0.9800 0.0838
vn 0.0072 0.9849 -0.1732
vn 0.0616 -0.9948 0.0808
vn 0.0595 -0.9950 0.0798
vn 0.1174 -0.9899 0.0794
vn 0.0009 0.9844 -0.1757
vn 0.3679 0.9153 -0.1638
vn 0.5045 0.8511 -0.1456
vn -0.9999 -0.0142 -0.0012
vn -0.0059 -0.0072 1.0000
vn 0.1022 -0.9920 -0.0743
vn -0.0002 -0.0009 1.0000
vn -0.0003 -0.0010 1.0000
vn -0.0004 -0.0010 1.0000
vn -0.9314 0.0331 0.3625
vn -0.0803 0.9772 0.1968
vn -0.4418 0.8958 0.0482
vn -0.9711 0.0873 0.2222
vn -0.5458 0.8378 0.0135
vn -0.8307 0.5549 0.0451
vn -0.1862 0.9792 0.0803
vn -0.9588 0.2797 0.0501
vn 0.0001 -0.0000 1.0000
vn -0.0001 -0.0000 1.0000
vt 0.898861 0.178142
vt 0.891935 0.214072
vt 0.892614 0.178043
vt 0.897895 0.232955
vt 0.891503 0.242247
vt 0.891647 0.232855
vt 0.897364 0.274340
vt 0.859857 0.291866
vt 0.859870 0.273745
vt 0.897310 0.292470
vt 0.897165 0.312654
vt 0.884332 0.312439
vt 0.818130 0.023023
vt 0.842887 0.003582
vt 0.841989 0.025416
vt 0.839688 0.085586
vt 0.817201 0.046179
vt 0.841081 0.047687
vt 0.838298 0.131357
vt 0.815090 0.107927
vt 0.838993 0.108472
vt 0.837761 0.154207
vt 0.813320 0.176512
vt 0.813858 0.153662
vt 0.632342 0.719575
vt 0.619878 0.706906
vt 0.643417 0.704140
vt 0.538597 0.131387
vt 0.531075 0.112095
vt 0.539020 0.111155
vt 0.100071 0.791945
vt 0.076347 0.801255
vt 0.076244 0.792171
vt 0.076399 0.815002
vt 0.100278 0.828522
vt 0.076451 0.828748
vt 0.076451 0.843766
vt 0.100278 0.858558
vt 0.076451 0.858785
vt 0.076375 0.875830
vt 0.100126 0.892649
vt 0.076299 0.892875
vt 0.099533 0.917567
vt 0.075705 0.917793
vt 0.098480 0.944477
vt 0.074652 0.944703
vt 0.835959 0.949130
vt 0.812051 0.933364
vt 0.835727 0.932291
vt 0.836383 0.908356
vt 0.812980 0.899007
vt 0.836631 0.898225
vt 0.813414 0.890929
vt 0.837065 0.890130
vt 0.964935 0.147479
vt 0.964903 0.171478
vt 0.963406 0.172181
vt 0.595125 0.344564
vt 0.619007 0.364059
vt 0.571443 0.366363
vt 0.986359 0.292533
vt 0.990176 0.340120
vt 0.985952 0.340176
vt 0.985952 0.387784
vt 0.976116 0.340299
vt 0.985422 0.340141
vt 0.985786 0.324250
vt 0.976890 0.292632
vt 0.680493 0.923370
vt 0.659988 0.875741
vt 0.682007 0.875735
vt 0.657739 0.923374
vt 0.637711 0.875826
vt 0.813226 0.375051
vt 0.860555 0.367065
vt 0.860869 0.376178
vt 0.812372 0.342836
vt 0.859873 0.332384
vt 0.860084 0.343948
vt 0.859894 0.312009
vt 0.812103 0.331286
vt 0.812089 0.310918
vt 0.973203 0.172420
vt 0.975847 0.148700
vt 0.974468 0.172546
vt 0.338808 0.763751
vt 0.348464 0.786912
vt 0.338920 0.787652
vt 0.348413 0.763006
vt 0.360531 0.786029
vt 0.360531 0.762118
vt 0.373241 0.785087
vt 0.373241 0.761177
vt 0.387585 0.783983
vt 0.387585 0.760072
vt 0.400442 0.783000
vt 0.400442 0.759089
vt 0.412113 0.782145
vt 0.412113 0.758234
vt 0.425710 0.781180
vt 0.425710 0.757269
vt 0.434843 0.780598
vt 0.434843 0.756687
vt 0.442062 0.780176
vt 0.595866 0.004443
vt 0.619684 0.013612
vt 0.595902 0.014764
vt 0.619659 0.021565
vt 0.595877 0.022717
vt 0.619589 0.033227
vt 0.595807 0.034379
vt 0.619467 0.045314
vt 0.595685 0.046466
vt 0.619320 0.057184
vt 0.595538 0.058336
vt 0.619157 0.068221
vt 0.595375 0.069373
vt 0.618955 0.078936
vt 0.595173 0.080088
vt 0.618669 0.091940
vt 0.594887 0.093092
vt 0.618362 0.105091
vt 0.594580 0.106244
vt 0.618090 0.116252
vt 0.594308 0.117404
vt 0.617939 0.125323
vt 0.594157 0.126475
vt 0.617883 0.130610
vt 0.594101 0.131762
vt 0.556329 0.485566
vt 0.572122 0.497395
vt 0.556286 0.497564
vt 0.990456 0.356013
vt 0.986220 0.356067
vt 0.617907 0.135587
vt 0.594125 0.136739
vt 0.554443 0.137602
vt 0.570343 0.137891
vt 0.554463 0.141877
vt 0.799750 0.861312
vt 0.803292 0.868769
vt 0.778994 0.838046
vt 0.782706 0.827170
vt 0.774416 0.832344
vt 0.780276 0.812268
vt 0.554486 0.129507
vt 0.570319 0.132914
vt 0.554909 0.109275
vt 0.539613 0.084999
vt 0.555502 0.083120
vt 0.555704 0.072405
vt 0.571391 0.081240
vt 0.555867 0.061368
vt 0.571593 0.070526
vt 0.556014 0.049498
vt 0.571756 0.059489
vt 0.556136 0.037411
vt 0.571903 0.047618
vt 0.556206 0.025749
vt 0.572025 0.035531
vt 0.556231 0.017796
vt 0.572096 0.023869
vt 0.556195 0.007475
vt 0.572120 0.015916
vt 0.434843 0.804509
vt 0.440628 0.820152
vt 0.433409 0.820574
vt 0.425710 0.805091
vt 0.424276 0.821156
vt 0.412113 0.806056
vt 0.410679 0.822121
vt 0.400442 0.806911
vt 0.399008 0.822975
vt 0.387585 0.807894
vt 0.386151 0.823959
vt 0.373241 0.808998
vt 0.371807 0.825063
vt 0.360531 0.809940
vt 0.359097 0.826005
vt 0.348515 0.810819
vt 0.347180 0.826875
vt 0.339032 0.811553
vt 0.337682 0.827611
vt 0.885882 0.332889
vt 0.886015 0.344471
vt 0.886315 0.367626
vt 0.886615 0.376743
vt 0.640720 0.850296
vt 0.662524 0.850210
vt 0.686597 0.849693
vt 0.556112 0.491739
vt 0.540535 0.473796
vt 0.556370 0.473648
vt 0.571343 0.345716
vt 0.555554 0.368243
vt 0.555454 0.347596
vt 0.961977 0.196020
vt 0.963658 0.212805
vt 0.962206 0.213170
vt 0.873277 0.895778
vt 0.860717 0.889331
vt 0.873714 0.887654
vt 0.873023 0.905983
vt 0.860281 0.897443
vt 0.872636 0.946325
vt 0.859402 0.931218
vt 0.872403 0.929487
vt 0.038804 0.918166
vt 0.050825 0.944929
vt 0.037751 0.945075
vt 0.039397 0.893248
vt 0.051878 0.918019
vt 0.039473 0.876203
vt 0.052471 0.893102
vt 0.039549 0.844139
vt 0.052624 0.859011
vt 0.039549 0.859157
vt 0.039497 0.815374
vt 0.052624 0.828974
vt 0.039549 0.829121
vt 0.052417 0.792397
vt 0.039446 0.801628
vt 0.039342 0.792544
vt 0.038892 0.761824
vt 0.026062 0.774522
vt 0.025817 0.761970
vt 0.680477 0.714043
vt 0.666956 0.701375
vt 0.679801 0.698716
vt 0.874293 0.154921
vt 0.861126 0.177602
vt 0.861663 0.154752
vt 0.874831 0.132071
vt 0.862896 0.109017
vt 0.875365 0.109222
vt 0.876046 0.086339
vt 0.864944 0.049913
vt 0.877203 0.050201
vt 0.865797 0.029964
vt 0.878816 0.011819
vt 0.877929 0.031293
vt 0.812051 0.290776
vt 0.812065 0.272654
vt 0.860160 0.232415
vt 0.836113 0.241261
vt 0.836257 0.231869
vt 0.836545 0.213086
vt 0.837223 0.177057
vt 0.619457 0.496909
vt 0.572127 0.524795
vt 0.571980 0.496410
vt 0.524612 0.523771
vt 0.524475 0.496807
vt 0.712486 0.828202
vt 0.717530 0.828215
vt 0.712487 0.828202
vt 0.809705 0.869383
vt 0.799594 0.916005
vt 0.799831 0.868769
vt 0.990584 0.387785
vt 0.986336 0.387839
vt 0.619432 0.491841
vt 0.571952 0.491446
vt 0.540280 0.491776
vt 0.532617 0.473870
vt 0.524448 0.491812
vt 0.524787 0.471103
vt 0.569096 0.917558
vt 0.582316 0.753095
vt 0.582316 0.929860
vt 0.500781 0.817482
vt 0.510697 0.785676
vt 0.560820 0.759001
vt 0.809190 0.916601
vt 0.800066 0.931784
vt 0.322486 0.940398
vt 0.329260 0.931000
vt 0.329260 0.941008
vt 0.800205 0.947542
vt 0.809705 0.963883
vt 0.800274 0.955422
vt 0.610280 0.714055
vt 0.610281 0.706121
vt 0.617579 0.698189
vt 0.352929 0.869979
vt 0.362097 0.880989
vt 0.349693 0.881905
vt 0.860030 0.907615
vt 0.812736 0.909097
vt 0.902823 0.901959
vt 0.912741 0.891557
vt 0.912763 0.903453
vt 0.590058 0.802408
vt 0.602378 0.807825
vt 0.590226 0.813017
vt 0.872869 0.963164
vt 0.859635 0.948057
vt 0.836192 0.965968
vt 0.812284 0.950203
vt 0.902505 0.941139
vt 0.912414 0.923926
vt 0.912582 0.940048
vt 0.512252 0.089814
vt 0.500848 0.072881
vt 0.512587 0.072848
vt 0.602671 0.819195
vt 0.590561 0.826003
vt 0.052548 0.876056
vt 0.100202 0.875604
vt 0.000092 0.875097
vt 0.009578 0.892997
vt 0.000000 0.891464
vt 0.399779 0.147519
vt 0.414018 0.150452
vt 0.405736 0.158833
vt 0.052624 0.843992
vt 0.100278 0.843540
vt 0.375312 0.136485
vt 0.364949 0.122614
vt 0.375081 0.123377
vt 0.470338 0.186505
vt 0.476138 0.181013
vt 0.496242 0.188682
vt 0.052572 0.815228
vt 0.100226 0.814776
vt 0.363486 0.165469
vt 0.376718 0.150840
vt 0.379604 0.163688
vt 0.039136 0.774376
vt 0.026165 0.783607
vt 0.052314 0.783313
vt 0.039239 0.783460
vt 0.531668 0.085939
vt 0.099968 0.782861
vt 0.076141 0.783087
vt 0.365416 0.187787
vt 0.382904 0.175966
vt 0.387170 0.184628
vt 0.366259 0.196630
vt 0.392096 0.192395
vt 0.454840 0.179274
vt 0.448409 0.173014
vt 0.340582 0.870880
vt 0.336669 0.882855
vt 0.051767 0.751419
vt 0.038692 0.751566
vt 0.628130 0.973853
vt 0.644742 0.985056
vt 0.630297 0.986105
vt 0.099421 0.750967
vt 0.075794 0.761451
vt 0.075594 0.751193
vt 0.511607 0.118225
vt 0.499532 0.134448
vt 0.499951 0.114366
vt 0.400494 0.221304
vt 0.367842 0.218388
vt 0.401886 0.213007
vt 0.624583 0.925484
vt 0.645305 0.947566
vt 0.625783 0.949489
vt 0.554687 0.189306
vt 0.570641 0.201187
vt 0.554751 0.203067
vt 0.554619 0.174882
vt 0.570576 0.187426
vt 0.554524 0.154702
vt 0.570509 0.173003
vt 0.594358 0.186274
vt 0.618204 0.198883
vt 0.594423 0.200035
vt 0.594291 0.171850
vt 0.618140 0.185122
vt 0.594195 0.151671
vt 0.618073 0.170698
vt 0.479515 0.226844
vt 0.490328 0.253528
vt 0.461547 0.255420
vt 0.490936 0.274271
vt 0.458930 0.274641
vt 0.471981 0.293391
vt 0.570741 0.221834
vt 0.554952 0.244361
vt 0.554852 0.223714
vt 0.570992 0.273452
vt 0.555153 0.285655
vt 0.555103 0.275331
vt 0.571142 0.304422
vt 0.555353 0.326949
vt 0.555253 0.306302
vt 0.618305 0.219530
vt 0.594623 0.241329
vt 0.594523 0.220682
vt 0.618556 0.271147
vt 0.594824 0.282623
vt 0.594774 0.272300
vt 0.618706 0.302118
vt 0.595024 0.323917
vt 0.594924 0.303270
vt 0.492285 0.323863
vt 0.472370 0.350746
vt 0.472175 0.322069
vt 0.618405 0.240177
vt 0.594723 0.261976
vt 0.570841 0.242481
vt 0.555052 0.265008
vt 0.493033 0.353689
vt 0.472447 0.381248
vt 0.863591 0.086131
vt 0.815785 0.085041
vt 0.374594 0.371806
vt 0.374395 0.384805
vt 0.357536 0.376953
vt 0.618606 0.281471
vt 0.571042 0.283775
vt 0.494531 0.413340
vt 0.473494 0.439438
vt 0.472970 0.410343
vt 0.862201 0.131902
vt 0.814396 0.130812
vt 0.252591 0.431757
vt 0.277298 0.422123
vt 0.283701 0.422755
vt 0.491536 0.294038
vt 0.571242 0.325069
vt 0.618806 0.322765
vt 0.496028 0.472991
vt 0.474979 0.497617
vt 0.474236 0.468528
vt 0.496777 0.502817
vt 0.475987 0.528096
vt 0.860447 0.213632
vt 0.836401 0.222478
vt 0.860303 0.223023
vt 0.898182 0.214172
vt 0.891791 0.223464
vt 0.898039 0.223563
vt 0.360408 0.515902
vt 0.376805 0.509000
vt 0.377018 0.518442
vt 0.360575 0.522517
vt 0.377176 0.524633
vt 0.783252 0.978628
vt 0.798201 0.961640
vt 0.799594 0.976522
vt 0.860016 0.241806
vt 0.836045 0.250115
vt 0.897751 0.242346
vt 0.891436 0.251101
vt 0.885189 0.251001
vt 0.361102 0.543268
vt 0.377425 0.534411
vt 0.377717 0.545875
vt 0.361610 0.563295
vt 0.661437 0.945357
vt 0.645493 0.938957
vt 0.661455 0.935569
vt 0.959143 0.311440
vt 0.976116 0.296443
vt 0.975217 0.314620
vt 0.518154 0.436984
vt 0.502117 0.445898
vt 0.502377 0.432050
vt 0.886138 0.356054
vt 0.860296 0.355511
vt 0.812911 0.365937
vt 0.812642 0.354387
vt 0.354274 0.624749
vt 0.355526 0.622938
vt 0.379902 0.631714
vt 0.339451 0.632055
vt 0.341683 0.631799
vt 0.380202 0.643486
vt 0.951790 0.899445
vt 0.967616 0.913507
vt 0.951691 0.917562
vt 0.304304 0.653027
vt 0.380478 0.654329
vt 0.382138 0.661504
vt 0.311826 0.662081
vt 0.386611 0.670095
vt 0.645457 0.930750
vt 0.661415 0.927010
vt 0.572206 0.473500
vt 0.619644 0.485857
vt 0.572165 0.485400
vt 0.619601 0.497846
vt 0.958675 0.327646
vt 0.974787 0.330154
vt 0.645344 0.923457
vt 0.661111 0.923649
vt 0.619601 0.504279
vt 0.556285 0.516945
vt 0.572121 0.516779
vt 0.524625 0.516891
vt 0.532532 0.510718
vt 0.532531 0.517195
vt 0.619599 0.517253
vt 0.572122 0.510293
vt 0.619601 0.510751
vt 0.572123 0.503831
vt 0.619606 0.525627
vt 0.556286 0.504002
vt 0.556286 0.510463
vt 0.524626 0.503956
vt 0.532532 0.497816
vt 0.532532 0.504258
vt 0.518982 0.372588
vt 0.503156 0.357467
vt 0.518983 0.358659
vt 0.714452 0.820991
vt 0.716186 0.805076
vt 0.717414 0.820999
vt 0.958334 0.345064
vt 0.974475 0.346851
vt 0.783207 0.868769
vt 0.798051 0.893755
vt 0.781600 0.893542
vt 0.493390 0.748723
vt 0.486928 0.756265
vt 0.470095 0.750896
vt 0.487811 0.740563
vt 0.463224 0.742202
vt 0.482283 0.731224
vt 0.447239 0.729755
vt 0.477162 0.721783
vt 0.432105 0.716980
vt 0.470016 0.707573
vt 0.416323 0.700242
vt 0.457636 0.691936
vt 0.397636 0.681228
vt 0.446070 0.684496
vt 0.392123 0.675662
vt 0.517575 0.509401
vt 0.501648 0.513186
vt 0.501711 0.505410
vt 0.958100 0.362711
vt 0.974247 0.363771
vt 0.403330 0.652574
vt 0.518455 0.420490
vt 0.502663 0.416314
vt 0.967613 0.935138
vt 0.951686 0.939861
vt 0.392704 0.611115
vt 0.379586 0.619315
vt 0.379117 0.600894
vt 0.392716 0.594412
vt 0.378654 0.582708
vt 0.394777 0.578854
vt 0.378231 0.566073
vt 0.958035 0.376147
vt 0.974180 0.376654
vt 0.503071 0.347454
vt 0.518896 0.348165
vt 0.412357 0.547033
vt 0.958268 0.388394
vt 0.974392 0.388398
vt 0.517575 0.495927
vt 0.501774 0.497641
vt 0.501820 0.488612
vt 0.374939 0.475747
vt 0.374387 0.449773
vt 0.376683 0.314697
vt 0.377463 0.290921
vt 0.495280 0.443166
vt 0.373703 0.423803
vt 0.374197 0.397804
vt 0.472709 0.395796
vt 0.493782 0.383515
vt 0.494157 0.398427
vt 0.375937 0.338473
vt 0.379179 0.275584
vt 0.378181 0.260287
vt 0.388765 0.241258
vt 0.708417 0.757766
vt 0.700398 0.727034
vt 0.707156 0.724690
vt 0.419841 0.159416
vt 0.412424 0.169072
vt 0.501010 0.061930
vt 0.512765 0.060864
vt 0.426280 0.166255
vt 0.419774 0.176883
vt 0.400003 0.161430
vt 0.401292 0.173133
vt 0.395124 0.161970
vt 0.984437 0.164316
vt 0.996730 0.151103
vt 0.996935 0.167270
vt 0.389471 0.135795
vt 0.389640 0.149807
vt 0.386084 0.135960
vt 0.433740 0.171612
vt 0.428281 0.183002
vt 0.387520 0.108017
vt 0.384558 0.124310
vt 0.384869 0.107667
vt 0.397083 0.074700
vt 0.387875 0.091799
vt 0.394892 0.073306
vt 0.409296 0.056486
vt 0.407701 0.054040
vt 0.419931 0.044713
vt 0.418648 0.042239
vt 0.447454 0.024242
vt 0.431182 0.031803
vt 0.446936 0.021558
vt 0.984489 0.177030
vt 0.996960 0.178594
vt 0.468550 0.004747
vt 0.457049 0.011819
vt 0.467580 0.003612
vt 0.695649 0.870304
vt 0.694415 0.923406
vt 0.974601 0.148576
vt 0.698534 0.923416
vt 0.709119 0.875806
vt 0.708301 0.923442
vt 0.533274 0.535217
vt 0.537095 0.551857
vt 0.518184 0.545971
vt 0.515257 0.584117
vt 0.499476 0.593755
vt 0.500857 0.578174
vt 0.513470 0.599146
vt 0.500064 0.610443
vt 0.512791 0.615143
vt 0.501875 0.627320
vt 0.532069 0.657735
vt 0.521499 0.661469
vt 0.511029 0.651694
vt 0.578564 0.688202
vt 0.564852 0.689965
vt 0.553375 0.682758
vt 0.584687 0.695392
vt 0.577583 0.705337
vt 0.589184 0.708433
vt 0.585073 0.719391
vt 0.593727 0.721472
vt 0.590404 0.728721
vt 0.597626 0.730715
vt 0.596139 0.737942
vt 0.601827 0.737695
vt 0.601874 0.745983
vt 0.606044 0.744669
vt 0.608068 0.753095
vt 0.541899 0.675552
vt 0.559516 0.674813
vt 0.572441 0.681011
vt 0.532687 0.669022
vt 0.545222 0.667320
vt 0.521367 0.645321
vt 0.504704 0.640127
vt 0.516018 0.631640
vt 0.507891 0.559782
vt 0.524287 0.566716
vt 0.555811 0.540803
vt 0.548989 0.530612
vt 0.588891 0.536559
vt 0.582965 0.525627
vt 0.610277 0.529458
vt 0.503098 0.383806
vt 0.503157 0.370760
vt 0.517621 0.483393
vt 0.501864 0.476599
vt 0.661382 0.955246
vt 0.645474 0.948342
vt 0.517774 0.461156
vt 0.501907 0.464619
vt 0.502012 0.455259
vt 0.780930 0.944777
vt 0.781789 0.963381
vt 0.661258 0.970126
vt 0.645422 0.957823
vt 0.951949 0.883972
vt 0.967709 0.895853
vt 0.780927 0.928012
vt 0.797388 0.943497
vt 0.661458 0.986547
vt 0.645305 0.972089
vt 0.517665 0.470908
vt 0.797394 0.927158
vt 0.951904 0.991401
vt 0.967795 0.967391
vt 0.967860 0.989947
vt 0.518918 0.386282
vt 0.502914 0.400065
vt 0.260201 0.947336
vt 0.253487 0.931805
vt 0.261246 0.931354
vt 0.517575 0.502656
vt 0.960112 0.414187
vt 0.975589 0.406345
vt 0.976116 0.413139
vt 0.502965 0.338915
vt 0.518791 0.339086
vt 0.959550 0.407104
vt 0.974941 0.398472
vt 0.951785 0.960292
vt 0.518721 0.403382
vt 0.958857 0.398897
vt 0.517534 0.517435
vt 0.501584 0.520971
vt 0.478898 0.013303
vt 0.474790 0.015491
vt 0.474191 0.014515
vt 0.465449 0.027303
vt 0.462272 0.028051
vt 0.453594 0.036714
vt 0.444536 0.046956
vt 0.440898 0.045215
vt 0.430603 0.053689
vt 0.425776 0.064858
vt 0.421793 0.063450
vt 0.412975 0.080043
vt 0.411677 0.078549
vt 0.406263 0.093149
vt 0.406243 0.107992
vt 0.403753 0.119920
vt 0.403745 0.106169
vt 0.408011 0.130307
vt 0.408832 0.140545
vt 0.405340 0.129198
vt 0.417844 0.151120
vt 0.500540 0.088404
vt 0.481749 0.190283
vt 0.499476 0.192911
vt 0.452352 0.191755
vt 0.470006 0.197554
vt 0.433497 0.166394
vt 0.425017 0.159477
vt 0.413152 0.141829
vt 0.407125 0.122229
vt 0.408674 0.094715
vt 0.434195 0.055562
vt 0.456247 0.037794
vt 0.590004 0.786700
vt 0.602232 0.798537
vt 0.511139 0.138292
vt 0.499476 0.139696
vt 0.590164 0.771845
vt 0.602185 0.784785
vt 0.590559 0.755206
vt 0.602325 0.771780
vt 0.483035 0.201756
vt 0.365992 0.869014
vt 0.376334 0.879893
vt 0.198419 0.951132
vt 0.210644 0.942877
vt 0.210437 0.953290
vt 0.984001 0.222240
vt 0.997079 0.233285
vt 0.984628 0.239473
vt 0.522708 0.133266
vt 0.523131 0.113034
vt 0.983858 0.208690
vt 0.996530 0.218205
vt 0.996562 0.193591
vt 0.996404 0.206346
vt 0.384359 0.867568
vt 0.389096 0.878917
vt 0.523724 0.086879
vt 0.560190 0.939468
vt 0.546800 0.956190
vt 0.544654 0.944816
vt 0.202321 0.929300
vt 0.198535 0.939447
vt 0.984040 0.194111
vt 0.334010 0.871427
vt 0.332566 0.883202
vt 0.334982 0.859725
vt 0.416230 0.188255
vt 0.400900 0.202082
vt 0.976496 0.177686
vt 0.976039 0.195562
vt 0.524235 0.053257
vt 0.512910 0.050031
vt 0.552841 0.929860
vt 0.383283 0.856088
vt 0.397778 0.866541
vt 0.975847 0.210965
vt 0.437666 0.197605
vt 0.452236 0.207582
vt 0.310151 0.935216
vt 0.302986 0.950108
vt 0.302986 0.930902
vt 0.975998 0.225277
vt 0.976660 0.243478
vt 0.512985 0.039145
vt 0.524358 0.041170
vt 0.368939 0.857192
vt 0.468064 0.205876
vt 0.481705 0.209476
vt 0.582902 0.753095
vt 0.582485 0.770667
vt 0.582316 0.786354
vt 0.522814 0.142968
vt 0.582373 0.802942
vt 0.449225 0.196197
vt 0.423817 0.186954
vt 0.976442 0.164257
vt 0.984582 0.151560
vt 0.414837 0.180491
vt 0.524089 0.065127
vt 0.583955 0.850706
vt 0.591032 0.837356
vt 0.591554 0.847637
vt 0.344508 0.858987
vt 0.583404 0.839849
vt 0.582905 0.827860
vt 0.523925 0.076164
vt 0.582551 0.814146
vt 0.356229 0.858134
vt 0.951217 0.387991
vt 0.951788 0.398060
vt 0.525803 0.406255
vt 0.944574 0.940339
vt 0.944667 0.959808
vt 0.582317 0.933374
vt 0.589529 0.940182
vt 0.582316 0.941051
vt 0.418140 0.584871
vt 0.411963 0.597858
vt 0.413915 0.582231
vt 0.953001 0.412718
vt 0.524626 0.510416
vt 0.261018 0.954540
vt 0.251944 0.947814
vt 0.525993 0.389812
vt 0.944721 0.980748
vt 0.775054 0.897987
vt 0.774416 0.930810
vt 0.524669 0.485511
vt 0.668368 0.973105
vt 0.774424 0.946743
vt 0.944676 0.901944
vt 0.668489 0.958838
vt 0.775254 0.964400
vt 0.524891 0.461767
vt 0.668543 0.949357
vt 0.524626 0.497513
vt 0.526055 0.376663
vt 0.950987 0.376251
vt 0.416486 0.599848
vt 0.410978 0.614522
vt 0.951045 0.363371
vt 0.944580 0.919136
vt 0.525545 0.422731
vt 0.951262 0.346453
vt 0.295665 0.934576
vt 0.302986 0.955021
vt 0.295687 0.953625
vt 0.951592 0.329752
vt 0.526059 0.363245
vt 0.668409 0.924472
vt 0.952049 0.314212
vt 0.668525 0.931765
vt 0.525255 0.438618
vt 0.517883 0.451404
vt 0.952950 0.296034
vt 0.668562 0.939972
vt 0.776662 0.978851
vt 0.971981 0.212309
vt 0.973089 0.196392
vt 0.973261 0.212437
vt 0.963432 0.195312
vt 0.973720 0.256219
vt 0.974771 0.268039
vt 0.972848 0.256133
vt 0.985193 0.148077
vt 0.973604 0.244527
vt 0.972334 0.244400
vt 0.968550 0.255596
vt 0.964110 0.247793
vt 0.688605 0.836047
vt 0.699204 0.842012
vt 0.903373 0.882364
vt 0.903006 0.891248
vt 0.902289 0.924495
vt 0.902764 0.957631
vt 0.402628 0.046261
vt 0.380222 0.064759
vt 0.396718 0.038942
vt 0.379342 0.090169
vt 0.370130 0.088740
vt 0.367330 0.105617
vt 0.363911 0.137120
vt 0.363191 0.151965
vt 0.363893 0.178820
vt 0.302916 0.258261
vt 0.281740 0.267480
vt 0.336849 0.269977
vt 0.333213 0.270811
vt 0.281137 0.290876
vt 0.280359 0.293070
vt 0.263565 0.283162
vt 0.274674 0.323209
vt 0.274280 0.328556
vt 0.257703 0.326934
vt 0.271793 0.362294
vt 0.271644 0.364318
vt 0.254944 0.363098
vt 0.269213 0.397266
vt 0.268857 0.402096
vt 0.251944 0.408906
vt 0.278021 0.299709
vt 0.276318 0.309053
vt 0.258948 0.308071
vt 0.274408 0.445117
vt 0.273525 0.445634
vt 0.253237 0.454607
vt 0.267081 0.467148
vt 0.267374 0.471687
vt 0.272933 0.518385
vt 0.273351 0.520484
vt 0.260551 0.518767
vt 0.284076 0.563062
vt 0.285474 0.567127
vt 0.272108 0.568807
vt 0.293357 0.587034
vt 0.295419 0.590686
vt 0.277205 0.588953
vt 0.301638 0.601632
vt 0.303727 0.604791
vt 0.280717 0.609329
vt 0.297103 0.643966
vt 0.291191 0.632432
vt 0.319351 0.671134
vt 0.315588 0.666607
vt 0.342225 0.693577
vt 0.365831 0.712864
vt 0.391199 0.728967
vt 0.418617 0.744496
vt 0.445287 0.753244
vt 0.687001 0.827040
vt 0.663457 0.836833
vt 0.425212 0.670339
vt 0.434504 0.677056
vt 0.413887 0.662560
vt 0.396989 0.640883
vt 0.394298 0.628022
vt 0.402235 0.560613
vt 0.427153 0.536611
vt 0.442530 0.532349
vt 0.462277 0.212306
vt 0.570526 0.118556
vt 0.570375 0.127627
vt 0.571105 0.094244
vt 0.570798 0.107396
vt 0.408219 0.181481
vt 0.414564 0.034370
vt 0.445290 0.013022
vt 0.951523 0.207046
vt 0.957350 0.198274
vt 0.957586 0.214328
vt 0.952897 0.170101
vt 0.960356 0.146954
vt 0.958643 0.174416
vt 0.951713 0.226719
vt 0.957822 0.230381
vt 0.957940 0.238408
vt 0.951650 0.220161
vt 0.963884 0.230299
vt 0.972246 0.236377
vt 0.963997 0.239046
vt 0.972158 0.228354
vt 0.973433 0.228482
vt 0.973518 0.236504
vt 0.540450 0.497732
vt 0.540450 0.510633
vt 0.540450 0.504172
vt 0.540493 0.485733
vt 0.532575 0.485816
vt 0.872645 0.241974
vt 0.859948 0.250660
vt 0.885256 0.242147
vt 0.872578 0.250829
vt 0.872933 0.223191
vt 0.885544 0.223364
vt 0.872789 0.232583
vt 0.873077 0.213800
vt 0.885688 0.213973
vt 0.539464 0.328828
vt 0.531620 0.350415
vt 0.531520 0.329768
vt 0.539564 0.349475
vt 0.896147 0.050454
vt 0.890265 0.031553
vt 0.896594 0.031635
vt 0.889700 0.050400
vt 0.538862 0.204946
vt 0.531018 0.226533
vt 0.530918 0.205886
vt 0.538963 0.225593
vt 0.893689 0.132343
vt 0.886904 0.155093
vt 0.887442 0.132243
vt 0.539264 0.287534
vt 0.531419 0.309121
vt 0.531319 0.288474
vt 0.539364 0.308181
vt 0.894384 0.109457
vt 0.888629 0.086518
vt 0.895079 0.086572
vt 0.887976 0.109394
vt 0.539063 0.246240
vt 0.531219 0.267827
vt 0.531118 0.247180
vt 0.539163 0.266887
vt 0.539213 0.277211
vt 0.531269 0.278151
vt 0.530690 0.157522
vt 0.538730 0.176762
vt 0.530786 0.177701
vt 0.538635 0.156582
vt 0.538798 0.191186
vt 0.530854 0.192125
vt 0.696232 0.782628
vt 0.701729 0.759339
vt 0.702639 0.782401
vt 0.897325 0.014557
vt 0.893629 0.000840
vt 0.900036 0.002835
vt 0.633197 0.998163
vt 0.644795 0.998172
vt 0.099621 0.761225
vt 0.076038 0.774003
vt 0.025618 0.751712
vt 0.019280 0.762043
vt 0.019081 0.751785
vt 0.697531 0.804651
vt 0.704191 0.805049
vt 0.099865 0.773777
vt 0.019731 0.792764
vt 0.019627 0.783680
vt 0.026268 0.792691
vt 0.019834 0.801848
vt 0.026423 0.815521
vt 0.019886 0.815594
vt 0.026371 0.801775
vt 0.019937 0.829341
vt 0.026475 0.844286
vt 0.019937 0.844359
vt 0.026475 0.829267
vt 0.019938 0.859377
vt 0.026399 0.876349
vt 0.019861 0.876423
vt 0.026475 0.859304
vt 0.892371 0.960566
vt 0.885637 0.944593
vt 0.892138 0.943727
vt 0.885870 0.961432
vt 0.891905 0.926889
vt 0.886016 0.904350
vt 0.892512 0.903534
vt 0.885404 0.927755
vt 0.891028 0.012644
vt 0.893151 0.155193
vt 0.886366 0.177943
vt 0.873755 0.177770
vt 0.699733 0.710881
vt 0.692646 0.696058
vt 0.699068 0.694729
vt 0.693315 0.711935
vt 0.026322 0.893395
vt 0.019785 0.893468
vt 0.025729 0.918312
vt 0.019192 0.918386
vt 0.024676 0.945222
vt 0.018139 0.945295
vt 0.886272 0.894113
vt 0.892770 0.893281
vt 0.886711 0.885977
vt 0.893209 0.885139
vt 0.962548 0.238894
vt 0.962434 0.230319
vt 0.531720 0.371062
vt 0.539665 0.370122
vt 0.928911 0.983256
vt 0.936771 0.962184
vt 0.936834 0.984607
vt 0.913066 0.980554
vt 0.928848 0.960867
vt 0.336332 0.843668
vt 0.345176 0.850959
vt 0.335657 0.851697
vt 0.345844 0.842931
vt 0.356946 0.850101
vt 0.357663 0.842069
vt 0.369656 0.849160
vt 0.370373 0.841127
vt 0.384000 0.848056
vt 0.384717 0.840023
vt 0.396857 0.847072
vt 0.397574 0.839040
vt 0.408528 0.846217
vt 0.409245 0.838185
vt 0.422125 0.845252
vt 0.422842 0.837220
vt 0.431258 0.844670
vt 0.431975 0.836638
vt 0.438477 0.844248
vt 0.439194 0.836216
vt 0.532361 0.010294
vt 0.540342 0.019675
vt 0.532398 0.020615
vt 0.540306 0.009354
vt 0.540317 0.027628
vt 0.532373 0.028568
vt 0.540247 0.039290
vt 0.532302 0.040230
vt 0.540124 0.051377
vt 0.532180 0.052317
vt 0.539978 0.063248
vt 0.532034 0.064187
vt 0.539814 0.074285
vt 0.531870 0.075224
vt 0.019524 0.774596
vt 0.052211 0.774229
vt 0.051967 0.761677
vt 0.530652 0.132326
vt 0.538566 0.142289
vt 0.530628 0.144633
vt 0.936677 0.942799
vt 0.913003 0.958233
vt 0.928755 0.941565
vt 0.936685 0.921729
vt 0.912912 0.939099
vt 0.928764 0.920628
vt 0.936781 0.904679
vt 0.912922 0.918427
vt 0.928861 0.903722
vt 0.936937 0.890229
vt 0.913021 0.901807
vt 0.929018 0.889478
vt 0.541653 0.346162
vt 0.533814 0.355651
vt 0.533723 0.346640
vt 0.557513 0.345206
vt 0.541739 0.355321
vt 0.533895 0.365780
vt 0.557591 0.354663
vt 0.541820 0.365474
vt 0.541816 0.378935
vt 0.533891 0.379220
vt 0.557664 0.378365
vt 0.541752 0.392126
vt 0.533828 0.392390
vt 0.557599 0.391598
vt 0.541560 0.408666
vt 0.533637 0.408882
vt 0.557404 0.408235
vt 0.541297 0.425278
vt 0.533377 0.425425
vt 0.557137 0.424982
vt 0.541003 0.441314
vt 0.533085 0.441386
vt 0.556838 0.441168
vt 0.540794 0.453477
vt 0.532877 0.453544
vt 0.556629 0.453344
vt 0.532721 0.464539
vt 0.540639 0.464469
vt 0.538583 0.145863
vt 0.530644 0.147855
vt 0.885400 0.232756
vt 0.951396 0.193931
vt 0.971805 0.196264
vt 0.812143 0.249570
vt 0.812210 0.240716
vt 0.812354 0.231324
vt 0.812498 0.221933
vt 0.812642 0.212541
vt 0.570941 0.263128
vt 0.570413 0.152823
vt 0.645150 0.971741
vt 0.367045 0.206054
vt 0.354954 0.198196
vt 0.052520 0.801481
vt 0.859868 0.964895
vt 0.572084 0.005595
vt 0.442062 0.804087
vt 0.667640 0.716151
vt 0.866658 0.009652
vt 0.522828 0.145839
vt 0.525047 0.450768
vt 0.525976 0.353138
vt 0.525880 0.344276
vt 0.944830 0.887286
vt 0.355456 0.207277
vt 0.524428 0.029508
vt 0.524453 0.021555
vt 0.524417 0.011234
vt 0.437760 0.852281
vt 0.430542 0.852703
vt 0.421408 0.853285
vt 0.407811 0.854250
vt 0.396140 0.855104
vt 0.523800 0.347346
vt 0.523900 0.367993
vt 0.962663 0.247468
vt 0.904264 0.982648
vt 0.009019 0.916918
vt 0.009659 0.876136
vt 0.009677 0.844652
vt 0.009707 0.859152
vt 0.009500 0.816304
vt 0.009620 0.829811
vt 0.353951 0.180035
vt 0.706323 0.709045
vt 0.706155 0.685090
vt 0.899399 0.155292
vt 0.899936 0.132443
vt 0.900631 0.109557
vt 0.901326 0.086671
vt 0.902452 0.050540
vt 0.902436 0.017094
vt 0.903025 0.031692
vt 0.009372 0.802950
vt 0.354453 0.189115
vt 0.707843 0.803600
vt 0.707262 0.780900
vt 0.368950 0.228246
vt 0.357545 0.219816
vt 0.256273 0.291183
vt 0.260974 0.293495
vt 0.523097 0.202817
vt 0.523033 0.189056
vt 0.522965 0.174632
vt 0.523198 0.223464
vt 0.523298 0.244111
vt 0.523448 0.275082
vt 0.523499 0.285405
vt 0.523599 0.306052
vt 0.523699 0.326699
vt 0.523398 0.264758
vt 0.954212 0.236946
vt 0.958058 0.246435
vt 0.540449 0.517112
vt 0.693984 0.727813
vt 0.522842 0.148710
vt 0.522870 0.154453
vt 0.570366 0.142869
vt 0.538601 0.149436
vt 0.530659 0.151077
vt 0.554483 0.146152
vt 0.594148 0.141716
vt 0.617977 0.150518
vt 0.457677 0.013798
vt 0.432367 0.034490
vt 0.390557 0.092311
vt 0.387538 0.124604
vt 0.393703 0.149482
vt 0.407072 0.172242
vt 0.455054 0.005524
vt 0.464496 0.000000
vt 0.427414 0.023255
vt 0.387925 0.068873
vt 0.376438 0.106553
vt 0.489190 0.212039
vt 0.489088 0.207889
vt 0.463018 0.216046
vt 0.481175 0.216391
vt 0.463760 0.219785
vt 0.489497 0.224487
vt 0.489292 0.216188
vt 0.464004 0.229339
vt 0.397578 0.226288
vt 0.394663 0.231272
vt 0.346995 0.237673
vt 0.333276 0.245400
vt 0.703344 0.842866
vt 0.712241 0.832670
vt 0.711588 0.844566
vt 0.886930 0.385857
vt 0.900086 0.377039
vt 0.900401 0.386153
vt 0.887091 0.390413
vt 0.900558 0.390710
vt 0.899584 0.344744
vt 0.899661 0.356338
vt 0.899795 0.367920
vt 0.641901 0.836919
vt 0.622159 0.837113
vt 0.620701 0.850489
vt 0.604534 0.837320
vt 0.889603 0.437069
vt 0.901803 0.417896
vt 0.903025 0.437376
vt 0.888362 0.417594
vt 0.900716 0.395267
vt 0.899491 0.333154
vt 0.993626 0.570072
vt 0.995997 0.544507
vt 0.996009 0.570173
vt 0.496654 0.756265
vt 0.494093 0.785178
vt 0.491674 0.787723
vt 0.494368 0.892431
vt 0.499222 0.901422
vt 0.496803 0.903967
vt 0.490838 0.815365
vt 0.488419 0.817910
vt 0.490586 0.929845
vt 0.497365 0.977324
vt 0.488419 0.977617
vt 0.491988 0.880829
vt 0.495597 0.884085
vt 0.493178 0.886630
vt 0.491171 0.846123
vt 0.488752 0.848668
vt 0.991450 0.544407
vt 0.996009 0.496799
vt 0.494003 0.904115
vt 0.496756 0.929606
vt 0.494407 0.878284
vt 0.356185 0.324520
vt 0.270941 0.373832
vt 0.270214 0.383693
vt 0.253444 0.386002
vt 0.354405 0.284381
vt 0.357648 0.415156
vt 0.358200 0.411289
vt 0.355798 0.309865
vt 0.355261 0.296164
vt 0.356924 0.353217
vt 0.279195 0.546783
vt 0.280237 0.550857
vt 0.266475 0.550719
vt 0.362006 0.603801
vt 0.362242 0.600731
vt 0.356761 0.449675
vt 0.356382 0.449177
vt 0.274974 0.528462
vt 0.262735 0.527605
vt 0.274264 0.525070
vt 0.362479 0.597661
vt 0.362046 0.580571
vt 0.259228 0.509384
vt 0.257904 0.500001
vt 0.270406 0.503330
vt 0.269212 0.494961
vt 0.269809 0.499146
vt 0.359891 0.494556
vt 0.316242 0.620615
vt 0.318316 0.622733
vt 0.286060 0.620877
vt 0.360739 0.528929
vt 0.807524 0.865443
vt 0.807630 0.855971
vt 0.795768 0.854200
vt 0.806761 0.846113
vt 0.791769 0.847101
vt 0.805105 0.835379
vt 0.787751 0.840017
vt 0.803071 0.824825
vt 0.799574 0.809300
vt 0.799214 0.789331
vt 0.496787 0.889886
vt 0.887251 0.394969
vt 0.556474 0.464328
vt 0.269004 0.954079
vt 0.268458 0.946859
vt 0.269004 0.930902
vt 0.780217 0.802830
vt 0.803422 0.776205
vt 0.781968 0.791972
vt 0.807630 0.763079
vt 0.462159 0.676436
vt 0.472609 0.682965
vt 0.447818 0.668649
vt 0.434555 0.658798
vt 0.423861 0.646167
vt 0.418655 0.632380
vt 0.415603 0.615824
vt 0.427004 0.567676
vt 0.439630 0.553103
vt 0.458118 0.542456
vt 0.477710 0.539249
vt 0.497526 0.532643
vt 0.693672 0.963852
vt 0.707197 0.938166
vt 0.707197 0.971826
vt 0.717530 0.653215
vt 0.703143 0.656316
vt 0.702526 0.624523
vt 0.702168 0.574341
vt 0.717439 0.592177
vt 0.701909 0.592729
vt 0.713200 0.565451
vt 0.717530 0.572985
vt 0.687257 0.961392
vt 0.703749 0.926804
vt 0.695108 0.592971
vt 0.695725 0.624764
vt 0.695097 0.573915
vt 0.697006 0.562184
vt 0.680738 0.564136
vt 0.681352 0.572768
vt 0.681810 0.592933
vt 0.683704 0.624937
vt 0.685597 0.656940
vt 0.665677 0.573325
vt 0.666136 0.593490
vt 0.666750 0.625276
vt 0.667364 0.657061
vt 0.561467 0.953772
vt 0.570673 0.930175
vt 0.570673 0.954032
vt 0.642149 0.575381
vt 0.642879 0.625223
vt 0.643852 0.657896
vt 0.561481 0.977683
vt 0.570649 0.977794
vt 0.618395 0.593385
vt 0.641906 0.592549
vt 0.619368 0.626058
vt 0.620341 0.658732
vt 0.481440 0.212934
vt 0.617930 0.140564
vt 0.248909 0.904502
vt 0.250752 0.888698
vt 0.250752 0.920162
vt 0.890102 0.752558
vt 0.895171 0.777766
vt 0.890589 0.779145
vt 0.889747 0.730860
vt 0.894414 0.736581
vt 0.889858 0.738019
vt 0.859519 0.700019
vt 0.893928 0.703549
vt 0.859634 0.716654
vt 0.882760 0.673352
vt 0.893515 0.669656
vt 0.893721 0.687272
vt 0.956933 0.565460
vt 0.980274 0.579497
vt 0.956589 0.577050
vt 0.839132 0.855050
vt 0.815971 0.879163
vt 0.815363 0.857393
vt 0.815017 0.843183
vt 0.838438 0.826653
vt 0.838790 0.840844
vt 0.838111 0.810913
vt 0.814011 0.797474
vt 0.837784 0.795135
vt 0.968898 0.463735
vt 0.980733 0.449694
vt 0.980769 0.464502
vt 0.646012 0.304366
vt 0.621568 0.334049
vt 0.633468 0.304254
vt 0.810670 0.863227
vt 0.812051 0.815681
vt 0.811767 0.863269
vt 0.535127 0.977017
vt 0.544654 0.930170
vt 0.544654 0.977443
vt 0.807784 0.752557
vt 0.811133 0.705014
vt 0.811289 0.752539
vt 0.392078 0.930313
vt 0.414367 0.885893
vt 0.413481 0.932960
vt 0.859417 0.461176
vt 0.812329 0.439293
vt 0.859665 0.438211
vt 0.859474 0.623923
vt 0.812372 0.618065
vt 0.859753 0.614855
vt 0.859387 0.662368
vt 0.812234 0.653748
vt 0.859458 0.649890
vt 0.859413 0.680810
vt 0.812238 0.666782
vt 0.683172 0.513590
vt 0.667461 0.526333
vt 0.667295 0.513433
vt 0.810564 0.879135
vt 0.811710 0.879178
vt 0.636142 0.004391
vt 0.625016 0.000000
vt 0.648793 0.000267
vt 0.243460 0.947223
vt 0.251787 0.931510
vt 0.251633 0.948528
vt 0.884531 0.656172
vt 0.884700 0.644452
vt 0.884814 0.620278
vt 0.885725 0.610236
vt 0.885189 0.438437
vt 0.393313 0.955531
vt 0.416741 0.958853
vt 0.683404 0.515132
vt 0.698838 0.501691
vt 0.699843 0.515298
vt 0.684892 0.333265
vt 0.670032 0.304577
vt 0.686221 0.304691
vt 0.192501 0.961921
vt 0.191472 0.978769
vt 0.191473 0.961461
vt 0.938232 0.308673
vt 0.950987 0.305820
vt 0.950987 0.311478
vt 0.937765 0.318457
vt 0.950499 0.321249
vt 0.935739 0.357654
vt 0.949322 0.344274
vt 0.948431 0.360535
vt 0.933330 0.399259
vt 0.947526 0.376838
vt 0.945981 0.402125
vt 0.932127 0.417882
vt 0.944764 0.420741
vt 0.787262 0.645718
vt 0.774416 0.656190
vt 0.774433 0.646987
vt 0.787350 0.627411
vt 0.774464 0.637611
vt 0.774523 0.628681
vt 0.787490 0.609773
vt 0.774583 0.619743
vt 0.774663 0.611044
vt 0.787568 0.601146
vt 0.774827 0.596075
vt 0.787654 0.594802
vt 0.787999 0.572161
vt 0.800841 0.580699
vt 0.787828 0.581987
vt 0.920475 0.459815
vt 0.933618 0.445683
vt 0.933348 0.461466
vt 0.277156 0.953724
vt 0.269025 0.930902
vt 0.277174 0.930973
vt 0.861854 0.838661
vt 0.872709 0.818934
vt 0.873174 0.834677
vt 0.873736 0.848912
vt 0.863185 0.872700
vt 0.862376 0.852815
vt 0.921216 0.562441
vt 0.932921 0.575373
vt 0.921185 0.574115
vt 0.812405 0.685551
vt 0.812611 0.704695
vt 0.812806 0.721341
vt 0.836930 0.746899
vt 0.859917 0.751846
vt 0.837048 0.754038
vt 0.837294 0.768568
vt 0.860656 0.792956
vt 0.667491 0.558090
vt 0.620507 0.516096
vt 0.667957 0.515593
vt 0.807773 0.656401
vt 0.809929 0.656190
vt 0.811289 0.673736
vt 0.707449 0.939377
vt 0.717335 0.987076
vt 0.707197 0.987241
vt 0.809870 0.908463
vt 0.812051 0.908555
vt 0.669655 0.334456
vt 0.620542 0.512423
vt 0.706749 0.501767
vt 0.167785 0.765867
vt 0.184335 0.750967
vt 0.184335 0.933068
vt 0.668165 0.513963
vt 0.131646 0.796239
vt 0.165913 0.929222
vt 0.102050 0.869544
vt 0.710648 0.924259
vt 0.716952 0.939372
vt 0.936608 0.341397
vt 0.903617 0.300830
vt 0.913464 0.312854
vt 0.903105 0.312692
vt 0.934851 0.373970
vt 0.197615 0.730128
vt 0.178158 0.728386
vt 0.184628 0.719522
vt 0.787292 0.636342
vt 0.145180 0.649281
vt 0.136520 0.667098
vt 0.133394 0.650565
vt 0.787410 0.618473
vt 0.143113 0.619595
vt 0.130195 0.633727
vt 0.128248 0.618891
vt 0.201558 0.967061
vt 0.210792 0.965910
vt 0.774743 0.602417
vt 0.146391 0.592436
vt 0.126293 0.604037
vt 0.125183 0.590416
vt 0.800754 0.587026
vt 0.787741 0.588313
vt 0.774915 0.589586
vt 0.149276 0.580160
vt 0.124635 0.567982
vt 0.153178 0.571461
vt 0.126102 0.559008
vt 0.157773 0.563753
vt 0.512936 0.009416
vt 0.501264 0.023563
vt 0.501228 0.013318
vt 0.775456 0.563741
vt 0.788350 0.562473
vt 0.920395 0.548543
vt 0.933269 0.564123
vt 0.165446 0.534088
vt 0.128110 0.537196
vt 0.127998 0.526448
vt 0.957105 0.546832
vt 0.980584 0.565620
vt 0.671913 0.095769
vt 0.688272 0.076119
vt 0.688102 0.095882
vt 0.672083 0.076006
vt 0.688453 0.055368
vt 0.672264 0.055254
vt 0.688708 0.026318
vt 0.623718 0.095344
vt 0.635519 0.075683
vt 0.635349 0.095446
vt 0.623888 0.075581
vt 0.635700 0.054932
vt 0.624069 0.054830
vt 0.635954 0.025883
vt 0.251754 0.499767
vt 0.251652 0.528825
vt 0.243695 0.526717
vt 0.224977 0.498585
vt 0.251841 0.479013
vt 0.234456 0.460373
vt 0.221859 0.479416
vt 0.687565 0.155535
vt 0.671644 0.125589
vt 0.687833 0.125703
vt 0.687027 0.215197
vt 0.670973 0.200168
vt 0.687162 0.200282
vt 0.686490 0.274860
vt 0.670570 0.244914
vt 0.686759 0.245028
vt 0.634812 0.155098
vt 0.623449 0.125165
vt 0.635080 0.125267
vt 0.634274 0.214761
vt 0.622778 0.199743
vt 0.634409 0.199845
vt 0.633737 0.274423
vt 0.622375 0.244490
vt 0.634006 0.244592
vt 0.233400 0.403029
vt 0.251944 0.429410
vt 0.233924 0.431703
vt 0.634543 0.184929
vt 0.623144 0.159138
vt 0.687296 0.185366
vt 0.671376 0.155421
vt 0.232711 0.372533
vt 0.251944 0.399574
vt 0.118781 0.371224
vt 0.118785 0.364623
vt 0.134962 0.371404
vt 0.622643 0.214659
vt 0.670838 0.215083
vt 0.232298 0.314332
vt 0.251944 0.339902
vt 0.232505 0.343433
vt 0.269011 0.976362
vt 0.277174 0.976546
vt 0.814338 0.813252
vt 0.043486 0.335802
vt 0.037104 0.336596
vt 0.014018 0.327597
vt 0.251942 0.459241
vt 0.921292 0.584214
vt 0.932751 0.587101
vt 0.979978 0.592317
vt 0.956240 0.589577
vt 0.670301 0.274746
vt 0.622106 0.274321
vt 0.232323 0.256132
vt 0.251944 0.280230
vt 0.232311 0.285232
vt 0.232523 0.228701
vt 0.251944 0.250394
vt 0.837172 0.761340
vt 0.860166 0.766378
vt 0.860042 0.759147
vt 0.889982 0.745321
vt 0.894676 0.751132
vt 0.894538 0.743886
vt 0.134279 0.247330
vt 0.118182 0.240862
vt 0.134264 0.237912
vt 0.118159 0.234116
vt 0.134236 0.231619
vt 0.836835 0.739587
vt 0.859813 0.744691
vt 0.859778 0.737288
vt 0.889582 0.723399
vt 0.894327 0.729342
vt 0.883434 0.725718
vt 0.871177 0.731486
vt 0.134222 0.221827
vt 0.118175 0.213359
vt 0.134202 0.210352
vt 0.118185 0.193325
vt 0.884751 0.632466
vt 0.859466 0.637015
vt 0.812140 0.627036
vt 0.812195 0.640291
vt 0.107815 0.130204
vt 0.133998 0.124362
vt 0.109113 0.131984
vt 0.086668 0.126452
vt 0.084161 0.127290
vt 0.047819 0.127029
vt 0.134078 0.101796
vt 0.060227 0.106768
vt 0.135601 0.094675
vt 0.067498 0.097673
vt 0.139912 0.086125
vt 0.667136 0.500251
vt 0.619842 0.512944
vt 0.619684 0.499762
vt 0.620005 0.525845
vt 0.681241 0.501061
vt 0.620017 0.533612
vt 0.667475 0.534099
vt 0.683395 0.550325
vt 0.699219 0.550479
vt 0.707131 0.550555
vt 0.717445 0.542495
vt 0.717530 0.550772
vt 0.620055 0.549656
vt 0.667490 0.542157
vt 0.667512 0.550158
vt 0.620035 0.541672
vt 0.683356 0.534254
vt 0.683372 0.542309
vt 0.707093 0.534486
vt 0.717352 0.526645
vt 0.717429 0.534446
vt 0.237829 0.000000
vt 0.247849 0.007139
vt 0.221580 0.005070
vt 0.242712 0.015087
vt 0.214752 0.012630
vt 0.237583 0.024265
vt 0.199083 0.025250
vt 0.232744 0.033737
vt 0.184259 0.038318
vt 0.225652 0.048524
vt 0.168853 0.055301
vt 0.212868 0.065156
vt 0.150622 0.074668
vt 0.201179 0.073366
vt 0.145241 0.080304
vt 0.158289 0.104140
vt 0.134005 0.112625
vt 0.134069 0.136798
vt 0.149056 0.144781
vt 0.134118 0.155255
vt 0.149505 0.161277
vt 0.134142 0.173488
vt 0.151962 0.176421
vt 0.134173 0.190140
vt 0.169917 0.206832
vt 0.184443 0.216478
vt 0.133246 0.280511
vt 0.133259 0.306490
vt 0.138981 0.441438
vt 0.140361 0.465173
vt 0.251944 0.310066
vt 0.133201 0.332438
vt 0.134439 0.358407
vt 0.251944 0.369738
vt 0.232608 0.357983
vt 0.251944 0.354820
vt 0.135485 0.384402
vt 0.137643 0.417691
vt 0.142367 0.480456
vt 0.141787 0.495699
vt 0.152867 0.514302
vt 0.228057 0.524753
vt 0.897334 0.504359
vt 0.901591 0.473480
vt 0.901410 0.505854
vt 0.166891 0.582420
vt 0.167345 0.594949
vt 0.161025 0.593726
vt 0.155875 0.606014
vt 0.157623 0.620349
vt 0.152698 0.619929
vt 0.151492 0.631590
vt 0.156385 0.647597
vt 0.152236 0.648188
vt 0.155640 0.663935
vt 0.166599 0.680042
vt 0.163105 0.682202
vt 0.179132 0.697628
vt 0.176368 0.701107
vt 0.189888 0.708933
vt 0.187583 0.712609
vt 0.200358 0.722710
vt 0.217939 0.728496
vt 0.216399 0.732534
vt 0.226801 0.741966
vt 0.236317 0.746060
vt 0.235148 0.748064
vt 0.441165 0.966359
vt 0.428929 0.979830
vt 0.428586 0.967741
vt 0.427942 0.887216
vt 0.440228 0.935537
vt 0.426500 0.939601
vt 0.925144 0.422118
vt 0.917449 0.433942
vt 0.914630 0.420741
vt 0.425433 0.863192
vt 0.427222 0.876206
vt 0.417810 0.876799
vt 0.412752 0.864963
vt 0.400334 0.878084
vt 0.513014 0.025541
vt 0.512984 0.019358
vt 0.514242 0.000000
vt 0.524309 0.004041
vt 0.205219 0.975203
vt 0.213490 0.973573
vt 0.181425 0.567106
vt 0.166172 0.553622
vt 0.202646 0.557065
vt 0.166943 0.542361
vt 0.809144 0.832689
vt 0.809863 0.816323
vt 0.809868 0.832623
vt 0.198381 0.962960
vt 0.192513 0.979610
vt 0.807717 0.817271
vt 0.808813 0.825618
vt 0.808792 0.827631
vt 0.418141 0.971994
vt 0.913310 0.297093
vt 0.903025 0.292478
vt 0.191320 0.739697
vt 0.215638 0.739860
vt 0.212192 0.749173
vt 0.164928 0.717031
vt 0.147526 0.691120
vt 0.172598 0.708070
vt 0.148516 0.665340
vt 0.157522 0.686105
vt 0.143337 0.632608
vt 0.144014 0.605297
vt 0.067510 0.497636
vt 0.046237 0.489309
vt 0.096840 0.486453
vt 0.100493 0.487194
vt 0.043366 0.465409
vt 0.044219 0.467712
vt 0.028102 0.475060
vt 0.021520 0.432106
vt 0.036364 0.430169
vt 0.036895 0.435507
vt 0.018031 0.395965
vt 0.033028 0.396501
vt 0.034279 0.409130
vt 0.013980 0.350348
vt 0.028242 0.348266
vt 0.028664 0.352527
vt 0.023032 0.450760
vt 0.038889 0.449458
vt 0.040827 0.458623
vt 0.030246 0.311546
vt 0.030873 0.312188
vt 0.016528 0.268856
vt 0.026232 0.278226
vt 0.026053 0.282770
vt 0.029671 0.243865
vt 0.029089 0.247224
vt 0.019802 0.240790
vt 0.039023 0.199735
vt 0.037727 0.203834
vt 0.030055 0.190726
vt 0.045967 0.179416
vt 0.044446 0.183416
vt 0.034761 0.170194
vt 0.037847 0.149914
vt 0.056706 0.156128
vt 0.054726 0.159829
vt 0.053403 0.115787
vt 0.074750 0.088592
vt 0.071148 0.093057
vt 0.096909 0.065831
vt 0.119859 0.046212
vt 0.144662 0.029704
vt 0.171459 0.013793
vt 0.197477 0.004829
vt 0.295665 0.953657
vt 0.288803 0.948754
vt 0.295665 0.930902
vt 0.179346 0.086229
vt 0.188606 0.079441
vt 0.168290 0.094117
vt 0.152501 0.115485
vt 0.150215 0.128030
vt 0.159751 0.193979
vt 0.208447 0.221990
vt 0.216926 0.546616
vt 0.226950 0.540398
vt 0.173592 0.573914
vt 0.184347 0.967037
vt 0.187829 0.976137
vt 0.184394 0.980264
vt 0.184335 0.947366
vt 0.187803 0.943928
vt 0.184338 0.953923
vt 0.187815 0.959980
vt 0.198327 0.938888
vt 0.192463 0.944425
vt 0.192441 0.935677
vt 0.198347 0.946912
vt 0.809146 0.856861
vt 0.809869 0.848739
vt 0.809870 0.856798
vt 0.809146 0.848804
vt 0.683341 0.526489
vt 0.699165 0.526645
vt 0.699180 0.534409
vt 0.699196 0.542462
vt 0.707108 0.542538
vt 0.698996 0.513748
vt 0.871157 0.739018
vt 0.883503 0.733212
vt 0.871392 0.753488
vt 0.871268 0.746186
vt 0.883740 0.747675
vt 0.871511 0.760729
vt 0.883858 0.754915
vt 0.708891 0.304847
vt 0.702487 0.274972
vt 0.709160 0.275015
vt 0.702218 0.304804
vt 0.018531 0.431996
vt 0.014417 0.450370
vt 0.012594 0.431834
vt 0.885989 0.866534
vt 0.875373 0.880698
vt 0.874678 0.870654
vt 0.710503 0.125859
vt 0.704099 0.095995
vt 0.710772 0.096038
vt 0.703830 0.125816
vt 0.891122 0.810765
vt 0.884673 0.797295
vt 0.890915 0.794932
vt 0.884886 0.813189
vt 0.872325 0.803118
vt 0.709428 0.245184
vt 0.703024 0.215310
vt 0.709697 0.215353
vt 0.702756 0.245141
vt 0.009555 0.395796
vt 0.013786 0.373002
vt 0.015735 0.395840
vt 0.002001 0.395584
vt 0.008113 0.373051
vt 0.709966 0.185521
vt 0.703561 0.155647
vt 0.710234 0.155690
vt 0.703293 0.185478
vt 0.703158 0.200394
vt 0.709831 0.200437
vt 0.704450 0.055481
vt 0.711377 0.026469
vt 0.711122 0.055524
vt 0.704705 0.026428
vt 0.704269 0.076232
vt 0.710942 0.076275
vt 0.901775 0.528537
vt 0.907040 0.505887
vt 0.907123 0.528642
vt 0.904578 0.557384
vt 0.907569 0.549267
vt 0.909638 0.560047
vt 0.214898 0.559835
vt 0.233282 0.549351
vt 0.807146 0.562166
vt 0.801012 0.570873
vt 0.801290 0.561208
vt 0.902302 0.549969
vt 0.189872 0.569571
vt 0.807173 0.592871
vt 0.807260 0.586383
vt 0.800667 0.593515
vt 0.807087 0.599215
vt 0.800502 0.608486
vt 0.800581 0.599859
vt 0.806929 0.616542
vt 0.800363 0.626124
vt 0.800423 0.617186
vt 0.806811 0.634411
vt 0.800275 0.644431
vt 0.800305 0.635055
vt 0.915630 0.369631
vt 0.922926 0.354761
vt 0.922037 0.371077
vt 0.917389 0.337053
vt 0.924946 0.315664
vt 0.923795 0.338501
vt 0.018477 0.450612
vt 0.018741 0.468316
vt 0.909951 0.570342
vt 0.885264 0.843800
vt 0.008388 0.350322
vt 0.011868 0.350294
vt 0.885001 0.829111
vt 0.884344 0.781506
vt 0.871998 0.787326
vt 0.901518 0.457247
vt 0.907963 0.440155
vt 0.907503 0.458163
vt 0.920795 0.443502
vt 0.807009 0.607843
vt 0.806870 0.625481
vt 0.806781 0.643788
vt 0.800262 0.653632
vt 0.787249 0.654919
vt 0.912907 0.413543
vt 0.920516 0.396367
vt 0.919313 0.414990
vt 0.914109 0.394921
vt 0.916519 0.353315
vt 0.918537 0.314267
vt 0.925414 0.305851
vt 0.919005 0.304440
vt 0.925241 0.300181
vt 0.938053 0.303036
vt 0.191414 0.935734
vt 0.191435 0.944309
vt 0.701882 0.332172
vt 0.991006 0.019454
vt 0.984044 0.001067
vt 0.991013 0.000000
vt 0.983182 0.020708
vt 0.967396 0.004735
vt 0.243411 0.971353
vt 0.251629 0.964617
vt 0.251628 0.972662
vt 0.243429 0.963309
vt 0.775002 0.583260
vt 0.807347 0.580056
vt 0.775171 0.573436
vt 0.989121 0.039468
vt 0.982552 0.040474
vt 0.964622 0.023397
vt 0.990933 0.061725
vt 0.983033 0.062815
vt 0.964051 0.042953
vt 0.992143 0.079811
vt 0.984254 0.080769
vt 0.964424 0.064696
vt 0.802019 0.674507
vt 0.795063 0.656190
vt 0.803030 0.656272
vt 0.794067 0.674445
vt 0.776162 0.656448
vt 0.801565 0.690287
vt 0.793628 0.690203
vt 0.775279 0.674434
vt 0.801178 0.706825
vt 0.793244 0.706710
vt 0.774764 0.689999
vt 0.793155 0.724123
vt 0.774416 0.723555
vt 0.774508 0.706357
vt 0.801087 0.724238
vt 0.793268 0.738927
vt 0.774625 0.738133
vt 0.801197 0.739042
vt 0.793805 0.752549
vt 0.775161 0.751489
vt 0.801730 0.752664
vt 0.794589 0.762960
vt 0.775950 0.761734
vt 0.213724 0.934896
vt 0.224221 0.942567
vt 0.213490 0.942842
vt 0.224848 0.961346
vt 0.213916 0.961612
vt 0.224363 0.934622
vt 0.231804 0.942353
vt 0.231943 0.961081
vt 0.706410 0.494883
vt 0.698500 0.494804
vt 0.679901 0.493877
vt 0.704847 0.010960
vt 0.711699 0.009786
vt 0.711507 0.012506
vt 0.688875 0.007838
vt 0.704298 0.008224
vt 0.706909 0.513828
vt 0.883616 0.740374
vt 0.813063 0.741924
vt 0.813158 0.749236
vt 0.813276 0.756377
vt 0.813400 0.763679
vt 0.813521 0.770906
vt 0.646281 0.274534
vt 0.647893 0.095557
vt 0.860977 0.808741
vt 0.861374 0.824497
vt 0.646818 0.214872
vt 0.671107 0.185252
vt 0.647355 0.155209
vt 0.646550 0.244703
vt 0.646953 0.199956
vt 0.647624 0.125378
vt 0.648244 0.055043
vt 0.672518 0.026205
vt 0.648063 0.075794
vt 0.933470 0.547830
vt 0.127428 0.549903
vt 0.811852 0.585389
vt 0.811952 0.578127
vt 0.648686 0.004502
vt 0.672139 0.000373
vt 0.672708 0.004713
vt 0.957204 0.447709
vt 0.957027 0.462968
vt 0.717241 0.513674
vt 0.707077 0.526723
vt 0.716741 0.013516
vt 0.717530 0.010595
vt 0.715049 0.494852
vt 0.710583 0.480955
vt 0.705933 0.488464
vt 0.705237 0.481665
vt 0.214828 0.929728
vt 0.806787 0.751966
vt 0.802507 0.763079
vt 0.806066 0.738530
vt 0.805899 0.723986
vt 0.805930 0.706825
vt 0.806328 0.690442
vt 0.806658 0.674914
vt 0.807717 0.656991
vt 0.996853 0.078125
vt 0.995750 0.060192
vt 0.995488 0.038938
vt 0.996216 0.017594
vt 0.807518 0.570230
vt 0.812050 0.568838
vt 0.243491 0.979122
vt 0.251787 0.980525
vt 0.996853 0.003206
vt 0.713766 0.304938
vt 0.708892 0.332450
vt 0.191011 0.930303
vt 0.913762 0.302884
vt 0.918836 0.298749
vt 0.911456 0.352075
vt 0.908921 0.393806
vt 0.907695 0.412488
vt 0.812001 0.643498
vt 0.806768 0.652988
vt 0.811921 0.625298
vt 0.811812 0.607801
vt 0.811807 0.592665
vt 0.896937 0.455406
vt 0.902181 0.437541
vt 0.895492 0.793593
vt 0.891240 0.825082
vt 0.895845 0.809362
vt 0.896160 0.823644
vt 0.896487 0.837985
vt 0.891866 0.862453
vt 0.891423 0.839467
vt 0.025344 0.465167
vt 0.912309 0.335772
vt 0.910483 0.368454
vt 0.811980 0.634161
vt 0.811868 0.616430
vt 0.811818 0.599205
vt 0.044660 0.489538
vt 0.026277 0.477620
vt 0.811502 0.561448
vt 0.022187 0.467137
vt 0.899461 0.527210
vt 0.715648 0.096125
vt 0.715816 0.076358
vt 0.715997 0.055608
vt 0.716251 0.026556
vt 0.715378 0.125950
vt 0.714706 0.200529
vt 0.714303 0.245276
vt 0.715109 0.155782
vt 0.714572 0.215444
vt 0.714034 0.275107
vt 0.715436 0.501666
vt 0.808990 0.864754
vt 0.809870 0.864684
vt 0.198419 0.931034
vt 0.192997 0.929300
vt 0.184375 0.941654
vt 0.187798 0.935902
vt 0.907307 0.474070
vt 0.716422 0.017934
vt 0.648498 0.025994
vt 0.672644 0.011877
vt 0.704799 0.016115
vt 0.711463 0.017158
vt 0.688818 0.013997
vt 0.624796 0.011457
vt 0.636079 0.011555
vt 0.188154 0.930790
vt 0.228425 0.738805
vt 0.202427 0.718673
vt 0.155995 0.631327
vt 0.161407 0.606811
vt 0.173989 0.584143
vt 0.181350 0.575948
vt 0.246171 0.544784
vt 0.225691 0.746794
vt 0.233016 0.750967
vt 0.250488 0.544835
vt 0.245272 0.542166
vt 0.251182 0.541884
vt 0.227204 0.539534
vt 0.245392 0.537996
vt 0.227924 0.535105
vt 0.162269 0.529073
vt 0.159105 0.524120
vt 0.112543 0.516527
vt 0.098351 0.509495
vt 0.895904 0.607372
vt 0.888018 0.597558
vt 0.895919 0.595811
vt 0.887998 0.591690
vt 0.895895 0.589970
vt 0.895909 0.641997
vt 0.895921 0.630381
vt 0.895966 0.618558
vt 0.393546 0.967338
vt 0.896369 0.462428
vt 0.896937 0.437376
vt 0.896114 0.492857
vt 0.886138 0.462399
vt 0.895972 0.522255
vt 0.887981 0.493913
vt 0.895915 0.552463
vt 0.887887 0.523543
vt 0.895935 0.584271
vt 0.887895 0.553938
vt 0.895965 0.653439
vt 0.624045 0.925652
vt 0.624583 0.952263
vt 0.622672 0.952438
vt 0.603757 0.923457
vt 0.602813 0.924836
vt 0.247988 0.887492
vt 0.249302 0.877945
vt 0.251022 0.888698
vt 0.617927 0.555992
vt 0.618792 0.528521
vt 0.618792 0.558623
vt 0.991639 0.749264
vt 0.987352 0.796501
vt 0.985363 0.749094
vt 0.248248 0.871582
vt 0.249787 0.868970
vt 0.249531 0.873392
vt 0.249337 0.844388
vt 0.251022 0.827186
vt 0.250597 0.846515
vt 0.624232 0.999936
vt 0.622046 1.000000
vt 0.991185 0.796986
vt 0.991445 0.822814
vt 0.248483 0.867027
vt 0.118679 0.443093
vt 0.118678 0.432130
vt 0.031884 0.384993
vt 0.015994 0.373103
vt 0.030910 0.375153
vt 0.116889 0.479427
vt 0.117889 0.472276
vt 0.118570 0.345271
vt 0.117922 0.341419
vt 0.118483 0.460485
vt 0.118675 0.446774
vt 0.118727 0.403417
vt 0.118735 0.390614
vt 0.024902 0.208853
vt 0.034879 0.216069
vt 0.033939 0.220168
vt 0.115048 0.141948
vt 0.114120 0.139629
vt 0.116217 0.307068
vt 0.116793 0.306052
vt 0.031430 0.233829
vt 0.030849 0.237188
vt 0.021650 0.231944
vt 0.118210 0.176046
vt 0.118222 0.158949
vt 0.118192 0.192800
vt 0.028593 0.251422
vt 0.028101 0.255621
vt 0.018678 0.250077
vt 0.027118 0.264030
vt 0.017590 0.259495
vt 0.027611 0.259832
vt 0.118204 0.283602
vt 0.118198 0.262101
vt 0.068823 0.139286
vt 0.066811 0.141458
vt 0.042854 0.138620
vt 0.118162 0.227701
vt 0.989282 0.885516
vt 0.991688 0.882956
vt 0.990759 0.889871
vt 0.985178 0.892847
vt 0.989845 0.899299
vt 0.981121 0.899923
vt 0.988163 0.909685
vt 0.977204 0.906790
vt 0.986072 0.920121
vt 0.972109 0.919389
vt 0.982439 0.936120
vt 0.967951 0.931465
vt 0.248013 0.876135
vt 0.887941 0.585958
vt 0.714089 0.488036
vt 0.698023 0.488387
vt 0.679399 0.486882
vt 0.967859 0.940222
vt 0.982115 0.957121
vt 0.986168 0.970849
vt 0.969525 0.950424
vt 0.217407 0.074979
vt 0.226888 0.067788
vt 0.203217 0.083275
vt 0.189842 0.093871
vt 0.179066 0.107493
vt 0.173931 0.122128
vt 0.171250 0.139338
vt 0.172493 0.155706
vt 0.174723 0.171197
vt 0.184334 0.188960
vt 0.197895 0.203836
vt 0.216513 0.214562
vt 0.237316 0.219635
vt 0.363898 0.894946
vt 0.384050 0.883202
vt 0.382688 0.895333
vt 0.388218 0.885717
vt 0.392078 0.891861
vt 0.997031 0.598990
vt 0.984495 0.611599
vt 0.983912 0.599563
vt 0.334575 0.895750
vt 0.364097 0.902435
vt 0.332566 0.902355
vt 0.391505 0.899262
vt 0.383728 0.902890
vt 0.390235 0.915105
vt 0.385944 0.915970
vt 0.364831 0.915625
vt 0.332686 0.914408
vt 0.976424 0.676746
vt 0.982556 0.692338
vt 0.975303 0.692221
vt 0.364829 0.931435
vt 0.332986 0.931480
vt 0.583927 0.873976
vt 0.600570 0.862947
vt 0.600033 0.874891
vt 0.982451 0.715746
vt 0.974762 0.715972
vt 0.385373 0.955229
vt 0.366445 0.955282
vt 0.333839 0.955268
vt 0.997614 0.611025
vt 0.984990 0.628649
vt 0.974035 0.727779
vt 0.982556 0.739591
vt 0.366405 0.967084
vt 0.379534 0.978926
vt 0.366364 0.978886
vt 0.333831 0.967097
vt 0.333824 0.978926
vt 0.251521 0.537454
vt 0.897278 0.471200
vt 0.648623 0.011666
vt 0.745062 0.916741
vt 0.757184 0.936509
vt 0.754068 0.939040
vt 0.738165 0.894115
vt 0.732461 0.855127
vt 0.742005 0.893013
vt 0.734629 0.628526
vt 0.732947 0.650249
vt 0.729068 0.649268
vt 0.728616 0.668723
vt 0.724708 0.667869
vt 0.718304 0.709969
vt 0.722671 0.700865
vt 0.722297 0.710130
vt 0.717530 0.728907
vt 0.721768 0.764911
vt 0.717775 0.765073
vt 0.724787 0.833320
vt 0.728552 0.855962
vt 0.719398 0.787876
vt 0.724989 0.810198
vt 0.721021 0.810678
vt 0.964051 0.132898
vt 0.956348 0.145196
vt 0.960530 0.130892
vt 0.742485 0.559085
vt 0.757416 0.557148
vt 0.757170 0.561208
vt 0.782877 0.556714
vt 0.783295 0.560758
vt 0.808806 0.552990
vt 0.812051 0.555405
vt 0.759674 0.570967
vt 0.767617 0.565043
vt 0.763125 0.573058
vt 0.746511 0.595377
vt 0.743693 0.608969
vt 0.739929 0.607582
vt 0.738505 0.629525
vt 0.772170 0.951367
vt 0.774416 0.948026
vt 0.992409 0.904604
vt 0.996314 0.928262
vt 0.992269 0.928545
vt 0.807027 0.014178
vt 0.808935 0.028946
vt 0.804941 0.028356
vt 0.728728 0.832651
vt 0.723384 0.787584
vt 0.748851 0.915445
vt 0.717917 0.719438
vt 0.721526 0.728970
vt 0.721910 0.719599
vt 0.719988 0.691489
vt 0.718691 0.700501
vt 0.723928 0.692168
vt 0.753092 0.583172
vt 0.756660 0.585048
vt 0.750091 0.597216
vt 0.811760 0.799876
vt 0.808008 0.752557
vt 0.812051 0.752645
vt 0.996884 0.941480
vt 0.992850 0.941664
vt 0.996529 0.954352
vt 0.992494 0.954681
vt 0.808430 0.813997
vt 0.807717 0.799862
vt 0.980371 0.794409
vt 0.983503 0.771542
vt 0.984423 0.794278
vt 0.979462 0.771353
vt 0.985363 0.750733
vt 0.992864 0.880698
vt 0.996444 0.904478
vt 0.985052 0.826101
vt 0.981001 0.826202
vt 0.808070 0.007089
vt 0.811008 0.014763
vt 0.973886 0.743226
vt 0.926562 0.748494
vt 0.926366 0.744888
vt 0.926553 0.599672
vt 0.973786 0.592317
vt 0.974035 0.596097
vt 0.900858 0.746474
vt 0.897974 0.749094
vt 0.901065 0.602266
vt 0.926293 0.596089
vt 0.897038 0.613948
vt 0.897653 0.600414
vt 0.901092 0.613951
vt 0.897051 0.619821
vt 0.896937 0.718609
vt 0.900991 0.718604
vt 0.897038 0.688730
vt 0.901092 0.688726
vt 0.897076 0.658017
vt 0.901130 0.658017
vt 0.897064 0.625697
vt 0.901118 0.625699
vt 0.774416 0.565226
vt 0.766262 0.561208
vt 0.811605 0.550254
vt 0.807583 0.550657
vt 0.994945 0.330065
vt 0.991016 0.335612
vt 0.990916 0.329727
vt 0.995060 0.337206
vt 0.995045 0.335954
vt 0.986275 0.460114
vt 0.990111 0.466535
vt 0.986205 0.466489
vt 0.986180 0.471055
vt 0.990092 0.471094
vt 0.995156 0.345039
vt 0.991031 0.336862
vt 0.989985 0.483897
vt 0.986073 0.483858
vt 0.995257 0.353218
vt 0.991128 0.344695
vt 0.989864 0.497939
vt 0.985953 0.497900
vt 0.991304 0.357743
vt 0.991228 0.352874
vt 0.995332 0.358087
vt 0.991350 0.361052
vt 0.989847 0.500518
vt 0.985931 0.500476
vt 0.985828 0.512563
vt 0.989748 0.512608
vt 0.995378 0.361397
vt 0.991511 0.368475
vt 0.989643 0.523569
vt 0.985725 0.523534
vt 0.985919 0.527230
vt 0.989835 0.527256
vt 0.618256 0.750861
vt 0.614206 0.745842
vt 0.618256 0.745820
vt 0.251022 0.824874
vt 0.251926 0.828987
vt 0.251081 0.828937
vt 0.989750 0.540963
vt 0.985834 0.540936
vt 0.995150 0.425186
vt 0.991015 0.431686
vt 0.991100 0.425237
vt 0.995209 0.423649
vt 0.991167 0.423636
vt 0.995729 0.419028
vt 0.991706 0.418911
vt 0.989754 0.545688
vt 0.985833 0.545667
vt 0.989775 0.552745
vt 0.985849 0.552730
vt 0.995141 0.451870
vt 0.991187 0.458832
vt 0.991094 0.451999
vt 0.995049 0.445037
vt 0.991002 0.445165
vt 0.995064 0.431634
vt 0.990974 0.438153
vt 0.995018 0.438271
vt 0.995021 0.438037
vt 0.990971 0.438399
vt 0.995234 0.458704
vt 0.991277 0.465425
vt 0.995406 0.471408
vt 0.991432 0.476925
vt 0.991359 0.471536
vt 0.995323 0.465296
vt 0.995535 0.481222
vt 0.991514 0.485053
vt 0.991488 0.481351
vt 0.995479 0.476797
vt 0.995561 0.484924
vt 0.991537 0.488273
vt 0.995584 0.488145
vt 0.991558 0.491253
vt 0.995605 0.491125
vt 0.991579 0.494233
vt 0.986997 0.568988
vt 0.990478 0.566842
vt 0.990971 0.569072
vt 0.995626 0.494104
vt 0.991682 0.496714
vt 0.986065 0.561656
vt 0.989955 0.559883
vt 0.990039 0.561740
vt 0.986504 0.566757
vt 0.986003 0.559831
vt 0.994779 0.319242
vt 0.990699 0.315226
vt 0.994728 0.315561
vt 0.990797 0.321196
vt 0.990750 0.318907
vt 0.994860 0.323962
vt 0.994827 0.321533
vt 0.990831 0.323623
vt 0.986473 0.440810
vt 0.990342 0.445107
vt 0.986440 0.445054
vt 0.986485 0.439695
vt 0.990375 0.440830
vt 0.990269 0.451707
vt 0.986368 0.451654
vt 0.990176 0.460167
vt 0.990657 0.312237
vt 0.994687 0.312572
vt 0.986535 0.434956
vt 0.990388 0.439678
vt 0.990620 0.309593
vt 0.994650 0.309928
vt 0.986586 0.430217
vt 0.990439 0.434939
vt 0.990584 0.306950
vt 0.994613 0.307285
vt 0.986670 0.425771
vt 0.990490 0.430200
vt 0.994614 0.307095
vt 0.990584 0.304080
vt 0.994603 0.304448
vt 0.990692 0.300857
vt 0.994711 0.301225
vt 0.990591 0.306742
vt 0.986819 0.421911
vt 0.990573 0.425754
vt 0.995003 0.297422
vt 0.991520 0.292478
vt 0.995539 0.292846
vt 0.990984 0.297054
vt 0.996007 0.292617
vt 0.999836 0.298277
vt 0.995842 0.298416
vt 0.995644 0.334515
vt 0.999612 0.340331
vt 0.995619 0.340469
vt 0.995733 0.365746
vt 0.999529 0.362945
vt 0.999683 0.365908
vt 0.995539 0.359599
vt 0.999560 0.361978
vt 0.995569 0.362092
vt 0.995579 0.362783
vt 0.990971 0.418911
vt 0.990723 0.421893
vt 0.996050 0.368378
vt 1.000000 0.368541
vt 0.999759 0.305243
vt 0.995766 0.305382
vt 0.995734 0.312931
vt 0.999696 0.320342
vt 0.995703 0.320481
vt 0.999728 0.312793
vt 0.999665 0.327626
vt 0.995672 0.327764
vt 0.999637 0.334377
vt 0.995598 0.345359
vt 0.999575 0.349312
vt 0.995581 0.349451
vt 0.999592 0.345220
vt 0.999560 0.352872
vt 0.995566 0.353011
vt 0.999546 0.356166
vt 0.995553 0.356305
vt 0.999532 0.359460
vt 0.617162 0.682620
vt 0.613276 0.685728
vt 0.613126 0.682456
vt 0.617312 0.685891
vt 0.613425 0.689000
vt 0.617461 0.689163
vt 0.613575 0.692272
vt 0.617610 0.692435
vt 0.613661 0.693709
vt 0.617777 0.695311
vt 0.617697 0.693873
vt 0.613787 0.695988
vt 0.613741 0.695147
vt 0.617823 0.696157
vt 0.613816 0.696575
vt 0.617854 0.696749
vt 0.613890 0.698013
vt 0.616903 0.676726
vt 0.612977 0.679184
vt 0.612868 0.676563
vt 0.617013 0.679348
vt 0.996097 0.749128
vt 0.991999 0.750077
vt 0.992047 0.749094
vt 0.996050 0.750111
vt 0.991952 0.751060
vt 0.996002 0.751094
vt 0.991905 0.752043
vt 0.995908 0.753060
vt 0.991833 0.753839
vt 0.991857 0.753026
vt 0.995834 0.755498
vt 0.991759 0.756277
vt 0.991784 0.755464
vt 0.995859 0.754685
vt 0.991808 0.754651
vt 0.995955 0.752077
vt 0.995795 0.757326
vt 0.991729 0.758307
vt 0.991744 0.757292
vt 0.995810 0.756311
vt 0.995883 0.753873
vt 0.995764 0.759356
vt 0.991698 0.760337
vt 0.991713 0.759322
vt 0.995779 0.758341
vt 0.995748 0.760371
vt 0.991683 0.761436
vt 0.995734 0.761470
vt 0.991669 0.762536
vt 0.995719 0.762570
vt 0.991654 0.763635
vt 0.995704 0.763669
vt 0.991639 0.764735
vt 0.995690 0.764769
vt 0.991774 0.780320
vt 0.995824 0.780354
vt 0.991907 0.795905
vt 0.995958 0.795939
vt 0.991957 0.801706
vt 0.996007 0.801665
vt 0.992041 0.811583
vt 0.996091 0.811538
vt 0.992048 0.812876
vt 0.996097 0.812831
vt 0.992039 0.828574
vt 0.610289 0.751345
vt 0.614198 0.751455
vt 0.614203 0.752100
vt 0.610284 0.750701
vt 0.614194 0.750807
vt 0.610281 0.750053
vt 0.614192 0.750155
vt 0.610279 0.749400
vt 0.614192 0.749497
vt 0.619446 0.525627
vt 0.618893 0.529683
vt 0.619135 0.525628
vt 0.610283 0.746561
vt 0.614203 0.746575
vt 0.614196 0.747315
vt 0.981739 0.591724
vt 0.985725 0.592317
vt 0.981834 0.592264
vt 0.619101 0.525628
vt 0.618792 0.529680
vt 0.981645 0.591179
vt 0.985630 0.591776
vt 0.610279 0.748742
vt 0.614191 0.748778
vt 0.610279 0.747296
vt 0.614192 0.748051
vt 0.610277 0.748023
vt 0.981351 0.589140
vt 0.985308 0.589691
vt 0.981417 0.589639
vt 0.981284 0.588639
vt 0.985242 0.589192
vt 0.981484 0.590136
vt 0.985443 0.590683
vt 0.981552 0.590630
vt 0.985376 0.590188
vt 0.985536 0.591232
vt 0.980860 0.584589
vt 0.984729 0.583070
vt 0.984752 0.584641
vt 0.984857 0.585659
vt 0.980966 0.585607
vt 0.984962 0.586674
vt 0.981071 0.586622
vt 0.985068 0.587685
vt 0.981177 0.587633
vt 0.985175 0.588691
vt 0.980837 0.583018
vt 0.984706 0.581496
vt 0.980815 0.581444
vt 0.984683 0.579922
vt 0.980792 0.579870
vt 0.984660 0.578351
vt 0.614770 0.577004
vt 0.611047 0.572671
vt 0.615088 0.573008
vt 0.981379 0.457705
vt 0.985231 0.474477
vt 0.981333 0.474457
vt 0.981390 0.440612
vt 0.985273 0.457727
vt 0.985227 0.475002
vt 0.981327 0.474984
vt 0.614398 0.581002
vt 0.610729 0.576667
vt 0.610277 0.584232
vt 0.610357 0.580664
vt 0.614321 0.584515
vt 0.610293 0.584837
vt 0.614319 0.588979
vt 0.614321 0.584991
vt 0.614380 0.592848
vt 0.610291 0.588826
vt 0.614441 0.596716
vt 0.610352 0.592694
vt 0.614501 0.600584
vt 0.610413 0.596562
vt 0.614511 0.604454
vt 0.610474 0.600430
vt 0.614510 0.604896
vt 0.610585 0.608098
vt 0.610483 0.604751
vt 0.610483 0.604300
vt 0.614613 0.608227
vt 0.610701 0.611871
vt 0.981322 0.506066
vt 0.985218 0.509373
vt 0.981314 0.509357
vt 0.981328 0.495016
vt 0.985226 0.506083
vt 0.985229 0.495033
vt 0.614729 0.612001
vt 0.610817 0.615645
vt 0.614981 0.621493
vt 0.610933 0.619418
vt 0.614961 0.619548
vt 0.614845 0.615775
vt 0.615021 0.623064
vt 0.610951 0.621354
vt 0.615112 0.626580
vt 0.610988 0.622911
vt 0.615202 0.630095
vt 0.611078 0.626426
vt 0.615292 0.633610
vt 0.611168 0.629942
vt 0.615382 0.636421
vt 0.611259 0.633457
vt 0.615470 0.639231
vt 0.611348 0.636267
vt 0.616017 0.655826
vt 0.611899 0.652935
vt 0.615935 0.653082
vt 0.611813 0.650192
vt 0.615849 0.650338
vt 0.611761 0.648479
vt 0.615795 0.648615
vt 0.611744 0.647464
vt 0.615777 0.647594
vt 0.615659 0.644851
vt 0.611626 0.644721
vt 0.615541 0.642042
vt 0.611508 0.641912
vt 0.615501 0.641106
vt 0.611437 0.639078
vt 0.611468 0.640962
vt 0.981325 0.522387
vt 0.985231 0.515787
vt 0.985221 0.522532
vt 0.981327 0.515771
vt 0.984715 0.531922
vt 0.980822 0.531793
vt 0.980793 0.543730
vt 0.984690 0.543763
vt 0.616684 0.671484
vt 0.612758 0.673941
vt 0.612649 0.671320
vt 0.616794 0.674105
vt 0.612615 0.670516
vt 0.616650 0.670664
vt 0.616514 0.668864
vt 0.612478 0.668727
vt 0.612351 0.665468
vt 0.616386 0.665605
vt 0.616301 0.663453
vt 0.612229 0.662201
vt 0.616265 0.662345
vt 0.612266 0.663311
vt 0.616137 0.659086
vt 0.612101 0.658942
vt 0.616031 0.656392
vt 0.611995 0.656246
vt 0.611981 0.655679
vt 0.980771 0.565218
vt 0.984665 0.565262
vt 0.980769 0.578299
vt 0.981573 0.431408
vt 0.985427 0.434389
vt 0.981523 0.434476
vt 0.615200 0.565649
vt 0.610985 0.568994
vt 0.611159 0.565312
vt 0.985377 0.437457
vt 0.981473 0.437544
vt 0.615025 0.569332
vt 0.985342 0.439281
vt 0.981444 0.439312
vt 0.985282 0.440632
vt 0.615808 0.558277
vt 0.611819 0.555200
vt 0.615867 0.555316
vt 0.981787 0.426002
vt 0.985717 0.423577
vt 0.985691 0.425915
vt 0.611767 0.560520
vt 0.611760 0.558161
vt 0.615619 0.561960
vt 0.615816 0.560698
vt 0.985527 0.428254
vt 0.981623 0.428340
vt 0.985477 0.431322
vt 0.611578 0.561623
vt 0.310608 0.953256
vt 0.314403 0.951769
vt 0.314562 0.953596
vt 0.615942 0.549393
vt 0.612102 0.546312
vt 0.616150 0.546428
vt 0.310767 0.955084
vt 0.314721 0.955424
vt 0.615906 0.552354
vt 0.611894 0.549277
vt 0.981776 0.418986
vt 0.985582 0.420973
vt 0.981651 0.421053
vt 0.981668 0.421325
vt 0.985572 0.421238
vt 0.611858 0.552238
vt 0.981813 0.423663
vt 0.310197 0.945734
vt 0.314120 0.948111
vt 0.310166 0.947771
vt 0.616926 0.540978
vt 0.613048 0.537934
vt 0.617082 0.538259
vt 0.314243 0.949941
vt 0.310289 0.949601
vt 0.616707 0.542662
vt 0.612892 0.540653
vt 0.616558 0.543703
vt 0.612669 0.542372
vt 0.310449 0.951428
vt 0.612510 0.543587
vt 0.310151 0.939630
vt 0.314140 0.941790
vt 0.310176 0.941664
vt 0.617567 0.530746
vt 0.613713 0.528024
vt 0.617747 0.528349
vt 0.617388 0.533144
vt 0.613533 0.530422
vt 0.314165 0.943824
vt 0.310200 0.943698
vt 0.617208 0.535541
vt 0.613353 0.532819
vt 0.310212 0.944713
vt 0.314151 0.946074
vt 0.314175 0.944887
vt 0.613173 0.535216
vt 0.613893 0.525627
vt 0.617927 0.525952
vt 0.310756 0.930902
vt 0.314570 0.933210
vt 0.310605 0.933084
vt 0.314418 0.935392
vt 0.310454 0.935266
vt 0.314267 0.937574
vt 0.310302 0.937448
vt 0.314116 0.939756
vt 0.901105 0.619825
vt 0.329260 0.935042
vt 0.332099 0.940766
vt 0.330166 0.944301
vt 0.964051 0.017938
vt 0.958172 0.004379
vt 0.960629 0.000000
vt 0.985363 0.842009
vt 0.981317 0.842099
vt 0.811467 0.003273
vt 0.812051 0.007674
vt 0.248056 0.800998
vt 0.251680 0.777190
vt 0.251671 0.801000
vt 0.248014 0.764045
vt 0.251680 0.751074
vt 0.251678 0.764183
vt 0.248040 0.777124
vt 0.248064 0.812935
vt 0.251673 0.812937
vt 0.682308 0.484529
vt 0.998110 0.628076
vt 0.986804 0.652370
vt 0.598423 0.911611
vt 0.582679 0.923812
vt 0.582316 0.910696
vt 0.999924 0.675454
vt 0.986804 0.663997
vt 0.999924 0.663626
vt 0.696342 0.656558
vt 0.907072 0.864046
vt 0.914218 0.832330
vt 0.919912 0.867363
vt 0.932489 0.831785
vt 0.932740 0.869513
vt 0.956135 0.831832
vt 0.956331 0.871483
vt 0.967749 0.832199
vt 0.968205 0.872447
vt 0.967830 0.794752
vt 0.979363 0.832223
vt 0.932536 0.795486
vt 0.915523 0.795732
vt 0.903512 0.795813
vt 0.897654 0.827548
vt 0.903342 0.831798
vt 0.984571 0.592890
vt 0.997691 0.592317
vt 0.582899 0.897710
vt 0.599005 0.898624
vt 0.979462 0.873410
vt 0.999924 0.651797
vt 0.979420 0.766335
vt 0.979416 0.794797
vt 0.285442 0.766178
vt 0.316339 0.777380
vt 0.288027 0.782430
vt 0.647087 0.185041
vt 0.332558 0.771831
vt 0.316473 0.756265
vt 0.332566 0.757500
vt 0.967833 0.766304
vt 0.979462 0.750088
vt 0.310252 0.821544
vt 0.287647 0.801265
vt 0.314238 0.800806
vt 0.231943 0.951873
vt 0.243411 0.978617
vt 0.231944 0.980157
vt 0.231943 0.930836
vt 0.243411 0.950337
vt 0.332543 0.821641
vt 0.332541 0.800885
vt 0.983653 0.675681
vt 0.980502 0.675738
vt 0.903025 0.434887
vt 0.914630 0.435676
vt 0.310226 0.841311
vt 0.283153 0.871019
vt 0.280213 0.841181
vt 0.511000 0.952479
vt 0.522468 0.976379
vt 0.511000 0.977914
vt 0.511000 0.931396
vt 0.522468 0.950943
vt 0.332444 0.871233
vt 0.332566 0.841408
vt 0.280287 0.821414
vt 0.582282 0.952719
vt 0.570703 0.966951
vt 0.570673 0.953276
vt 0.570703 0.930409
vt 0.582312 0.929860
vt 0.264798 0.811702
vt 0.257788 0.802014
vt 0.938321 0.432404
vt 0.933684 0.421139
vt 0.938321 0.420741
vt 0.288803 0.931482
vt 0.277174 0.940535
vt 0.277234 0.930902
vt 0.288760 0.941050
vt 0.277210 0.950015
vt 0.321965 0.942556
vt 0.315010 0.931303
vt 0.321965 0.930902
vt 0.511000 0.932324
vt 0.499476 0.950893
vt 0.499476 0.929860
vt 0.332322 0.901067
vt 0.310104 0.871136
vt 0.511000 0.953356
vt 0.499476 0.976279
vt 0.309993 0.900971
vt 0.964051 0.082104
vt 0.975682 0.111933
vt 0.964051 0.116078
vt 0.488419 0.756265
vt 0.479934 0.930117
vt 0.469046 0.766014
vt 0.470307 0.920319
vt 0.442062 0.776877
vt 0.951395 0.292478
vt 0.942920 0.157687
vt 0.951396 0.146272
vt 0.941080 0.288416
vt 0.932028 0.167979
vt 0.931921 0.282277
vt 0.922459 0.177585
vt 0.923076 0.274336
vt 0.915001 0.188703
vt 0.914951 0.265075
vt 0.907286 0.203555
vt 0.908718 0.254001
vt 0.903025 0.231223
vt 0.904224 0.217676
vt 0.200333 0.751022
vt 0.184359 0.928990
vt 0.224160 0.751146
vt 0.200350 0.929047
vt 0.247988 0.751271
vt 0.224169 0.929173
vt 0.684540 0.964277
vt 0.670911 0.995436
vt 0.668562 0.961014
vt 0.899495 0.863273
vt 0.687257 0.924838
vt 0.669954 0.923457
vt 0.598786 0.924726
vt 0.583758 0.931490
vt 0.248072 0.824873
vt 0.251674 0.824874
vt 0.969076 0.448702
vt 0.601098 0.851218
vt 0.584464 0.862032
vt 0.584974 0.850706
vt 0.714840 0.185613
vt 0.622912 0.184827
vt 0.618505 0.260824
vt 0.534029 0.975837
vt 0.522468 0.956366
vt 0.533929 0.954775
vt 0.602671 0.753095
vt 0.617536 0.775499
vt 0.602671 0.775499
vt 0.524304 0.932516
vt 0.534029 0.929860
vt 0.607529 0.802604
vt 0.332199 0.930902
vt 0.283041 0.900854
vt 0.309881 0.930805
vt 0.282930 0.930689
vt 0.933630 0.432367
vt 0.926715 0.422140
vt 0.933630 0.420741
vt 0.975682 0.141766
vt 0.964125 0.141750
vt 0.709990 0.923446
vt 0.700670 0.827190
vt 0.499476 0.755963
vt 0.699736 0.871973
vt 0.717202 0.828214
vt 0.712470 0.828202
vt 0.716277 0.828212
vt 0.714807 0.830956
vt 0.712318 0.830950
vt 0.713173 0.832675
vt 0.710751 0.875810
vt 0.711591 0.923447
vt 0.712352 0.875817
vt 0.714167 0.923450
vt 0.619599 0.525627
vt 0.572129 0.524795
vt 0.619608 0.525627
vt 0.712332 0.875804
vt 0.714928 0.875840
vt 0.525925 0.523799
vt 0.572146 0.524795
vt 0.524962 0.523779
vt 0.487258 0.756257
vt 0.499485 0.755963
vt 0.488209 0.756234
vt 0.702970 0.830165
vt 0.701877 0.827293
vt 0.704392 0.831998
vt 0.711241 0.801839
vt 0.698178 0.871328
vt 0.710014 0.801885
vt 0.695644 0.870545
vt 0.710328 0.801947
vt 0.695642 0.870411
vt 0.701766 0.842534
vt 0.699201 0.842034
vt 0.699200 0.842043
vt 0.700541 0.828493
vt 0.700637 0.827522
vt 0.728616 0.407095
vt 0.056066 0.735514
vt 0.018844 0.644384
vt 0.706091 0.364176
vt 0.110375 0.817646
vt 0.675594 0.326460
vt 0.179710 0.887588
vt 0.638307 0.295387
vt 0.261412 0.942605
vt 0.595675 0.272145
vt 0.352328 0.980538
vt 0.549324 0.257610
vt 0.448927 0.999892
vt 0.501025 0.252332
vt 0.547450 0.999900
vt 0.452621 0.256511
vt 0.644055 0.980563
vt 0.405951 0.269989
vt 0.734981 0.942644
vt 0.362796 0.292260
vt 0.816698 0.887638
vt 0.324814 0.322478
vt 0.886050 0.817703
vt 0.293465 0.359499
vt 0.940378 0.735574
vt 0.269971 0.401899
vt 0.977620 0.644443
vt 0.255255 0.448044
vt 0.996384 0.547831
vt 0.249906 0.496147
vt 0.995992 0.449451
vt 0.267832 0.590659
vt 0.976503 0.353067
vt 0.290429 0.633328
vt 0.938696 0.262349
vt 0.321049 0.670613
vt 0.884045 0.180747
vt 0.814655 0.111363
vt 0.358476 0.701011
vt 0.733199 0.056840
vt 0.401199 0.723282
vt 0.642814 0.019268
vt 0.447493 0.736517
vt 0.547006 0.000100
vt 0.495472 0.740174
vt 0.449526 0.000100
vt 0.543545 0.737598
vt 0.353721 0.019277
vt 0.590141 0.725422
vt 0.263341 0.056856
vt 0.633353 0.704119
vt 0.181882 0.111368
vt 0.671461 0.674575
vt 0.112488 0.180740
vt 0.702922 0.637991
vt 0.057829 0.262330
vt 0.726480 0.595844
vt 0.020011 0.353035
vt 0.741209 0.549825
vt 0.000508 0.449408
vt 0.746541 0.501765
vt 0.000100 0.547778
vt 0.742281 0.453558
vt 0.000000 0.000000
vt 0.620576 0.720716
vt 0.618907 0.343412
vt 0.619648 0.003291
vt 0.530740 0.887332
vt 0.809544 0.932373
vt 0.812517 0.967041
vt 0.100174 0.801029
vt 0.357752 0.385411
vt 0.357922 0.392009
vt 0.272446 0.420652
vt 0.960089 0.292478
vt 0.353020 0.626561
vt 0.343916 0.631543
vt 0.619684 0.473954
vt 0.966375 0.147644
vt 0.517432 0.524053
vt 0.478962 0.014843
vt 0.511013 0.146490
vt 0.561453 0.931451
vt 0.310151 0.955487
vt 0.976599 0.150748
vt 0.952458 0.405928
vt 0.253032 0.955002
vt 0.668562 0.988849
vt 0.912911 0.880698
vt 0.345865 0.267909
vt 0.348634 0.268196
vt 0.272725 0.349638
vt 0.268227 0.410638
vt 0.268542 0.406367
vt 0.271149 0.447327
vt 0.271759 0.446669
vt 0.272267 0.515042
vt 0.271601 0.511699
vt 0.282678 0.558996
vt 0.281280 0.554931
vt 0.290116 0.579113
vt 0.288495 0.575152
vt 0.297483 0.594337
vt 0.295665 0.591123
vt 0.954399 0.146272
vt 0.557670 0.364860
vt 0.644108 0.718433
vt 0.893948 0.986651
vt 0.359253 0.230064
vt 0.695322 0.759567
vt 0.990971 0.496714
vt 0.355903 0.313552
vt 0.353341 0.277293
vt 0.357254 0.366015
vt 0.276398 0.535244
vt 0.275687 0.531853
vt 0.360653 0.612285
vt 0.359778 0.614629
vt 0.357363 0.450676
vt 0.273600 0.521727
vt 0.361623 0.563822
vt 0.271004 0.507515
vt 0.359346 0.473073
vt 0.312109 0.616374
vt 0.310041 0.614253
vt 0.705140 0.561208
vt 0.698092 0.923457
vt 0.664470 0.566088
vt 0.247988 0.896672
vt 0.839711 0.876147
vt 0.624858 0.004292
vt 0.269004 0.953640
vt 0.807717 0.704887
vt 0.113147 0.902591
vt 0.118777 0.379685
vt 0.814666 0.828993
vt 0.110411 0.133763
vt 0.091681 0.124777
vt 0.093919 0.124976
vt 0.620097 0.558120
vt 0.441791 0.888517
vt 0.808992 0.815643
vt 0.124111 0.576876
vt 0.029563 0.361609
vt 0.029086 0.356789
vt 0.029620 0.310903
vt 0.026457 0.274670
vt 0.030253 0.240507
vt 0.030627 0.238421
vt 0.040318 0.195635
vt 0.041614 0.191536
vt 0.047488 0.175416
vt 0.049009 0.171416
vt 0.886655 0.878045
vt 0.231943 0.934409
vt 0.225258 0.929300
vt 0.807717 0.762332
vt 0.714688 0.332664
vt 0.812050 0.652680
vt 0.897833 0.437376
vt 0.896937 0.860459
vt 0.624323 0.025781
vt 0.159779 0.662912
vt 0.624583 0.923567
vt 0.037196 0.206077
vt 0.036758 0.207870
vt 0.117547 0.152717
vt 0.117859 0.155780
vt 0.115851 0.307576
vt 0.070836 0.137114
vt 0.992269 0.983468
vt 0.251476 0.222697
vt 0.939599 0.050912
vt 0.951988 0.082894
vt 0.955993 0.050483
vt 0.386466 0.931495
vt 0.385392 0.967060
vt 0.960255 0.146272
vt 0.798758 0.097772
vt 0.797677 0.077626
vt 0.794764 0.097185
vt 0.760850 0.333435
vt 0.769085 0.304481
vt 0.765089 0.303904
vt 0.717530 0.512629
vt 0.720437 0.508948
vt 0.717861 0.505809
vt 0.727233 0.514561
vt 0.720724 0.510123
vt 0.735345 0.523660
vt 0.737299 0.509687
vt 0.731553 0.522228
vt 0.728276 0.507314
vt 0.764842 0.334077
vt 0.725545 0.554951
vt 0.721649 0.556073
vt 0.731587 0.509657
vt 0.800711 0.057098
vt 0.804705 0.057690
vt 0.786285 0.156248
vt 0.794520 0.127293
vt 0.790524 0.126717
vt 0.779926 0.200545
vt 0.786042 0.186356
vt 0.782046 0.185779
vt 0.769328 0.274373
vt 0.777563 0.245418
vt 0.773567 0.244842
vt 0.789691 0.160924
vt 0.781803 0.215887
vt 0.777807 0.215310
vt 0.773324 0.274949
vt 0.746625 0.498797
vt 0.742929 0.497130
vt 0.729242 0.530040
vt 0.728363 0.546777
vt 0.726877 0.537844
vt 0.724472 0.545643
vt 0.730753 0.539032
vt 0.727837 0.556968
vt 0.728420 0.552941
vt 0.812051 0.815643
vt 0.981769 0.749094
vt 0.995539 0.368820
vt 0.251926 0.824935
vt 0.995729 0.496586
vt 0.987067 0.418928
vt 0.617927 0.698187
vt 0.996089 0.828529
vt 0.610289 0.745820
vt 0.956043 0.082822
vt 0.960047 0.050380
vt 0.809113 0.000000
vt 0.247988 0.750967
vt 0.713663 0.484909
vt 0.959998 0.018072
vt 0.936541 0.088316
vt 0.956244 0.794707
vt 0.967873 0.749094
vt 0.243411 0.929300
vt 0.522468 0.929860
vt 0.582312 0.966404
vt 0.274290 0.816572
vt 0.935131 0.051765
vt 0.933630 0.432811
vt 0.288803 0.950590
vt 0.314721 0.942962
vt 0.921312 0.054664
vt 0.908771 0.071533
vt 0.926090 0.053556
vt 0.915296 0.079712
vt 0.930662 0.052618
vt 0.925966 0.084624
vt 0.905240 0.245421
vt 0.247988 0.929300
vt 0.601098 0.932249
vt 0.783922 0.201121
vt 0.522569 0.977428
vt 0.617536 0.753095
vt 0.722940 0.556260
vt 0.726056 0.556710
vt 0.738139 0.558457
vt 0.254149 0.544317
vt 0.819211 0.000000
vt 0.990584 0.292478
vt 0.976503 0.387945
vt 0.985952 0.292478
vt 0.635008 0.923457
vt 0.442062 0.756265
vt 0.532364 0.491794
vt 0.563433 0.910038
vt 0.555475 0.902499
vt 0.523207 0.771541
vt 0.541485 0.761533
vt 0.545219 0.895614
vt 0.517449 0.877026
vt 0.502081 0.850072
vt 0.502127 0.802563
vt 0.499476 0.833419
vt 0.506925 0.864032
vt 0.800343 0.963301
vt 0.617579 0.745820
vt 0.610281 0.745816
vt 0.610277 0.729922
vt 0.610282 0.698187
vt 0.645305 0.923457
vt 0.358031 0.396252
vt 0.357372 0.370579
vt 0.353021 0.445595
vt 0.352964 0.445544
vt 0.352168 0.444821
vt 0.348257 0.421328
vt 0.350798 0.421029
vt 0.346543 0.440163
vt 0.351361 0.444104
vt 0.341316 0.421510
vt 0.344786 0.421419
vt 0.333255 0.421722
vt 0.337566 0.421608
vt 0.330119 0.441161
vt 0.350536 0.443395
vt 0.328103 0.421857
vt 0.307045 0.422409
vt 0.314718 0.422208
vt 0.318292 0.441496
vt 0.321831 0.422021
vt 0.328755 0.441215
vt 0.349694 0.442695
vt 0.348921 0.442055
vt 0.348138 0.441420
vt 0.347345 0.440790
vt 0.268427 0.414629
vt 0.268240 0.410905
vt 0.291138 0.422826
vt 0.299091 0.422618
vt 0.269661 0.418061
vt 0.360192 0.506492
vt 0.897683 0.251200
vt 0.360822 0.532220
vt 0.358031 0.619315
vt 0.350439 0.628335
vt 0.351300 0.627743
vt 0.358810 0.617242
vt 0.356779 0.621126
vt 0.337218 0.632311
vt 0.321362 0.624970
vt 0.334690 0.631537
vt 0.322723 0.625971
vt 0.324915 0.627593
vt 0.327106 0.629216
vt 0.329634 0.629990
vt 0.332162 0.630764
vt 0.347866 0.630106
vt 0.349583 0.628925
vt 0.346149 0.631287
vt 0.713582 0.805049
vt 0.799594 0.869938
vt 0.610277 0.751636
vt 0.967860 0.880698
vt 0.645500 0.987833
vt 0.602671 0.757212
vt 0.561453 0.951096
vt 0.213490 0.932223
vt 0.589529 0.932249
vt 0.975847 0.268145
vt 0.997079 0.146272
vt 0.912911 0.955611
vt 0.291136 0.281360
vt 0.297685 0.278960
vt 0.304394 0.277421
vt 0.353066 0.275472
vt 0.291334 0.281229
vt 0.351088 0.270397
vt 0.311103 0.275882
vt 0.317576 0.274398
vt 0.323577 0.273021
vt 0.342938 0.268581
vt 0.340012 0.269252
vt 0.328868 0.271808
vt 0.285700 0.284957
vt 0.276007 0.310724
vt 0.273699 0.336424
vt 0.269925 0.387617
vt 0.269651 0.391318
vt 0.312222 0.441655
vt 0.295701 0.442088
vt 0.266877 0.456981
vt 0.266891 0.456085
vt 0.269317 0.449302
vt 0.266925 0.453910
vt 0.267523 0.452758
vt 0.268121 0.451606
vt 0.268719 0.450454
vt 0.270538 0.447986
vt 0.269928 0.448644
vt 0.272642 0.446152
vt 0.279180 0.442522
vt 0.278208 0.443041
vt 0.277235 0.443561
vt 0.276263 0.444080
vt 0.275291 0.444600
vt 0.256580 0.490618
vt 0.266857 0.458260
vt 0.266787 0.462610
vt 0.266822 0.460435
vt 0.268901 0.491411
vt 0.268999 0.492521
vt 0.268274 0.484312
vt 0.268588 0.487862
vt 0.267668 0.476225
vt 0.267961 0.480763
vt 0.271497 0.510974
vt 0.280703 0.552678
vt 0.286708 0.570717
vt 0.286872 0.571193
vt 0.291736 0.583073
vt 0.299562 0.597984
vt 0.307940 0.611098
vt 0.308664 0.612175
vt 0.305828 0.607946
vt 0.913181 0.887977
vt 0.260481 0.279341
vt 0.602813 0.850696
vt 0.499222 0.756868
vt 0.497365 0.903967
vt 0.356496 0.336603
vt 0.354918 0.291437
vt 0.351503 0.420947
vt 0.354299 0.419984
vt 0.358060 0.397367
vt 0.358181 0.402104
vt 0.358303 0.406842
vt 0.356422 0.418151
vt 0.356563 0.339179
vt 0.275211 0.529591
vt 0.277110 0.538635
vt 0.278152 0.542709
vt 0.358910 0.616970
vt 0.361535 0.609940
vt 0.361771 0.606871
vt 0.362378 0.598962
vt 0.359424 0.459992
vt 0.359344 0.458422
vt 0.359268 0.456849
vt 0.359193 0.455276
vt 0.353542 0.446074
vt 0.354110 0.446610
vt 0.359114 0.453705
vt 0.354668 0.447150
vt 0.355218 0.447695
vt 0.358536 0.452693
vt 0.357953 0.451682
vt 0.355611 0.448187
vt 0.355999 0.448681
vt 0.270203 0.501909
vt 0.314175 0.618494
vt 0.320520 0.624352
vt 0.561453 0.929860
vt 0.618637 0.576216
vt 0.621838 0.304153
vt 0.810925 0.815643
vt 0.392263 0.883202
vt 0.812051 0.462627
vt 0.243878 0.929300
vt 0.707749 0.515378
vt 0.163269 0.773266
vt 0.146083 0.927143
vt 0.126600 0.917095
vt 0.155841 0.780643
vt 0.146046 0.787593
vt 0.103717 0.885052
vt 0.100278 0.853256
vt 0.102598 0.835918
vt 0.107350 0.821085
vt 0.118136 0.807172
vt 0.717335 0.923457
vt 0.980769 0.545801
vt 0.118784 0.360346
vt 0.118755 0.386054
vt 0.112255 0.311217
vt 0.110607 0.335818
vt 0.110564 0.312745
vt 0.108032 0.335592
vt 0.105848 0.316806
vt 0.111352 0.312007
vt 0.104562 0.335589
vt 0.101091 0.335586
vt 0.109757 0.313474
vt 0.108933 0.314195
vt 0.097341 0.335583
vt 0.093030 0.335579
vt 0.089409 0.316225
vt 0.108177 0.314855
vt 0.107410 0.315509
vt 0.087879 0.335574
vt 0.081607 0.335569
vt 0.088046 0.316205
vt 0.074495 0.335563
vt 0.077578 0.316189
vt 0.112129 0.311264
vt 0.106633 0.316160
vt 0.066822 0.335556
vt 0.058869 0.335549
vt 0.028296 0.348022
vt 0.028427 0.344313
vt 0.050916 0.335542
vt 0.029574 0.340851
vt 0.032292 0.338190
vt 0.118208 0.250257
vt 0.894151 0.721881
vt 0.118166 0.224410
vt 0.105039 0.128435
vt 0.106068 0.129066
vt 0.113005 0.137321
vt 0.113909 0.139367
vt 0.111708 0.135542
vt 0.075991 0.132536
vt 0.104123 0.127849
vt 0.102378 0.126712
vt 0.100633 0.125574
vt 0.098395 0.125375
vt 0.096157 0.125175
vt 0.077355 0.131482
vt 0.079505 0.129805
vt 0.081654 0.128127
vt 0.089175 0.125614
vt 0.715778 0.556354
vt 0.251406 0.001145
vt 0.441791 0.983882
vt 0.925144 0.435734
vt 0.435999 0.862481
vt 0.198419 0.979191
vt 0.808813 0.815643
vt 0.109555 0.489033
vt 0.054517 0.476974
vt 0.061134 0.479208
vt 0.054732 0.477101
vt 0.116558 0.481288
vt 0.067877 0.480576
vt 0.074620 0.481944
vt 0.081125 0.483264
vt 0.114710 0.486413
vt 0.112314 0.488676
vt 0.087155 0.484488
vt 0.092472 0.485567
vt 0.103672 0.487839
vt 0.106614 0.488436
vt 0.048927 0.473514
vt 0.038541 0.447955
vt 0.035584 0.422316
vt 0.032827 0.394484
vt 0.030520 0.371237
vt 0.030151 0.367544
vt 0.014101 0.304808
vt 0.028367 0.309618
vt 0.025741 0.302017
vt 0.025772 0.302898
vt 0.025861 0.305071
vt 0.071432 0.316175
vt 0.054912 0.316161
vt 0.026488 0.306208
vt 0.027114 0.307345
vt 0.038393 0.316146
vt 0.037408 0.315652
vt 0.027740 0.308481
vt 0.028993 0.310260
vt 0.036423 0.315157
vt 0.034454 0.314167
vt 0.035438 0.314662
vt 0.031768 0.312683
vt 0.032663 0.313178
vt 0.033559 0.313672
vt 0.025692 0.300750
vt 0.025873 0.287315
vt 0.025603 0.298577
vt 0.026970 0.266463
vt 0.026905 0.267557
vt 0.026681 0.271114
vt 0.025514 0.296403
vt 0.025694 0.291859
vt 0.029002 0.247952
vt 0.042767 0.187903
vt 0.042924 0.187416
vt 0.051068 0.166932
vt 0.050977 0.167713
vt 0.063469 0.145649
vt 0.062765 0.146504
vt 0.060736 0.149710
vt 0.058717 0.152918
vt 0.052743 0.163528
vt 0.289803 0.964006
vt 0.000000 0.372920
vt 0.965577 0.082101
vt 0.688448 0.004278
vt 0.617979 0.525627
vt 0.249789 0.824874
vt 0.991639 0.826056
vt 0.118700 0.420040
vt 0.118241 0.465214
vt 0.111635 0.335786
vt 0.118780 0.359193
vt 0.118785 0.349714
vt 0.118782 0.354454
vt 0.114454 0.336677
vt 0.116622 0.338456
vt 0.118719 0.417461
vt 0.032687 0.226984
vt 0.032266 0.229268
vt 0.033313 0.223576
vt 0.035819 0.211969
vt 0.116922 0.146592
vt 0.118065 0.157600
vt 0.117235 0.149654
vt 0.115982 0.144269
vt 0.118619 0.296686
vt 0.113091 0.310749
vt 0.113645 0.310199
vt 0.118542 0.299832
vt 0.118577 0.298257
vt 0.118506 0.301406
vt 0.114189 0.309645
vt 0.114724 0.309086
vt 0.118466 0.302979
vt 0.115105 0.308585
vt 0.115480 0.308081
vt 0.117915 0.304006
vt 0.117358 0.305031
vt 0.032055 0.230421
vt 0.027934 0.257052
vt 0.064797 0.143630
vt 0.075014 0.133268
vt 0.072855 0.134943
vt 0.992269 0.880698
vt 0.364495 0.883277
vt 0.978977 0.675861
vt 0.977820 0.739943
vt 0.743064 0.555058
vt 0.996884 0.880698
vt 0.974035 0.746748
vt 0.773013 0.569035
vt 0.614203 0.750793
vt 1.000000 0.292478
vt 0.619522 0.529683
vt 0.985725 0.418911
vt 0.314721 0.931028
vt 0.332099 0.930902
vt 0.986804 0.675623
vt 0.896937 0.793776
vt 0.974059 0.675861
vt 0.974035 0.664237
vt 0.977316 0.675797
vt 0.903045 0.421007
vt 0.251944 0.792320
vt 0.511000 0.978743
vt 0.975682 0.082101
vt 0.488419 0.935084
vt 0.687257 0.994085
vt 0.617536 0.802554
vt 0.925144 0.432554
vt 0.717459 0.829531
vt 0.801670 0.078221
vt 0.731086 0.513296
vt 0.740987 0.511371
vt 0.733123 0.531208
vt 0.944136 0.131321
vt 0.903025 0.066720
vt 0.721985 0.556122
vt 0.724369 0.556466
s 1
usemtl car_UV
f 2/1/1 791/2/1 789/3/1
f 182/4/2 792/5/2 799/6/2
f 186/7/3 79/8/3 188/9/3
f 6/10/4 7/11/4 847/12/4
f 2502/13/5 649/14/5 705/15/5
f 647/16/6 2267/17/7 648/18/8
f 644/19/9 2493/20/9 701/21/9
f 703/22/10 2261/23/10 2499/24/10
f 2067/25/11 2270/26/12 650/27/12
f 540/28/13 747/29/13 538/30/13
f 2458/31/14 652/32/14 691/33/14
f 689/34/15 2276/35/15 653/36/15
f 688/37/16 2278/38/16 654/39/16
f 687/40/17 2280/41/17 655/42/17
f 655/42/18 2282/43/18 656/44/18
f 656/44/19 2284/45/19 657/46/19
f 686/47/20 2286/48/20 658/49/20
f 685/50/21 2288/51/22 659/52/21
f 659/52/23 2290/53/24 660/54/25
f 3155/55/26 661/56/27 832/57/28
f 706/58/29 2298/59/29 95/60/29
f 2300/61/30 130/62/31 129/63/31
f 2302/64/32 131/65/33 130/66/34
f 126/67/35 131/65/33 28/68/36
f 2308/69/37 98/70/38 97/71/38
f 2310/72/39 99/73/40 98/70/39
f 2528/74/41 100/75/41 195/76/41
f 2523/77/42 101/78/43 192/79/44
f 80/80/45 2320/81/45 2266/82/45
f 710/83/46 2321/84/46 663/85/46
f 2321/86/47 664/87/48 663/88/49
f 2322/89/50 665/90/51 664/87/52
f 2324/91/53 666/92/53 665/90/53
f 2326/93/54 667/94/54 666/92/54
f 2328/95/55 668/96/55 667/94/55
f 2330/97/56 669/98/56 668/96/56
f 2332/99/57 670/100/57 669/98/57
f 2334/101/58 671/102/58 670/100/58
f 2336/103/59 672/104/59 671/102/59
f 672/105/60 2340/106/60 673/107/60
f 673/107/61 2342/108/61 674/109/61
f 674/109/62 2344/110/62 675/111/62
f 675/111/63 2346/112/63 676/113/63
f 676/113/64 2348/114/64 677/115/64
f 677/115/65 2350/116/65 678/117/65
f 678/117/66 2352/118/66 679/119/66
f 679/119/67 2353/120/67 680/121/67
f 680/121/68 2355/122/68 681/123/68
f 681/123/69 2356/124/69 682/125/69
f 682/125/70 2358/126/70 683/127/70
f 683/127/71 2359/128/71 684/129/71
f 629/130/72 128/131/73 631/132/74
f 129/63/75 126/133/76 96/134/77
f 684/129/78 3476/135/78 1127/136/78
f 541/137/79 1124/138/80 1126/139/81
f 203/140/82 29/141/82 28/142/82
f 196/143/82 134/144/82 70/145/82
f 539/146/83 122/147/83 541/137/83
f 539/146/13 538/30/13 537/148/13
f 537/148/84 536/149/84 535/150/84
f 533/151/85 117/152/85 535/150/85
f 531/153/86 116/154/86 533/151/87
f 529/155/88 115/156/88 531/153/88
f 527/157/89 114/158/89 529/155/89
f 525/159/90 113/160/90 527/157/90
f 523/161/91 112/162/91 525/159/91
f 521/163/92 111/164/92 523/161/92
f 109/165/93 521/166/93 519/167/93
f 108/168/94 519/167/94 517/169/94
f 107/170/95 517/169/95 515/171/95
f 106/172/96 515/171/96 513/173/96
f 105/174/97 513/173/97 511/175/97
f 104/176/98 511/175/98 509/177/98
f 103/178/99 509/177/99 507/179/99
f 102/180/100 507/179/101 505/181/102
f 94/182/103 505/181/103 499/183/103
f 847/12/104 101/78/104 80/80/104
f 192/79/105 846/184/105 849/185/105
f 195/76/106 845/186/107 851/187/108
f 98/70/109 840/188/110 839/189/111
f 97/71/112 839/189/113 838/190/114
f 125/191/115 628/192/116 627/193/117
f 179/194/118 501/195/118 619/196/118
f 810/197/119 495/198/120 831/199/121
f 491/200/122 91/201/123 493/202/124
f 575/203/125 90/204/126 491/200/127
f 577/205/128 89/206/128 489/207/128
f 485/208/129 88/209/129 487/210/129
f 483/211/130 87/212/130 485/208/130
f 579/213/131 86/214/131 483/211/131
f 581/215/132 85/216/132 481/217/132
f 583/218/133 84/219/133 479/220/133
f 148/221/134 477/222/134 587/223/134
f 589/224/135 476/225/135 590/226/135
f 1120/227/136 81/228/137 473/229/138
f 614/230/139 75/231/140 174/232/140
f 570/233/141 170/234/141 610/235/141
f 467/236/142 73/237/142 469/238/142
f 177/239/143 471/240/143 617/241/143
f 79/8/144 2266/82/144 2265/242/144
f 188/9/145 2265/242/145 2519/243/145
f 184/244/146 646/245/146 708/246/146
f 75/231/147 645/247/147 643/248/147
f 2304/249/148 133/250/149 131/251/150
f 131/251/151 29/252/152 28/253/153
f 205/254/154 2103/255/154 2099/256/154
f 2300/257/155 132/258/155 2429/259/155
f 96/134/156 27/260/157 26/261/158
f 95/60/159 2429/262/159 132/263/159
f 124/264/160 781/265/161 628/192/116
f 781/265/162 134/266/162 70/267/163
f 627/268/164 501/269/164 125/270/164
f 132/263/165 501/195/166 95/60/166
f 551/271/164 547/272/164 503/273/164
f 2429/262/167 131/251/168 132/263/168
f 129/274/155 125/275/155 132/258/155
f 27/276/164 134/277/164 26/278/164
f 124/279/155 26/280/155 123/281/155
f 124/282/169 123/283/169 28/284/169
f 338/285/170 301/286/170 300/287/170
f 489/207/171 136/288/172 575/203/125
f 658/49/173 2442/289/174 685/50/175
f 135/290/176 439/291/177 416/292/176
f 356/293/178 331/294/179 354/295/180
f 487/296/128 138/297/128 577/205/128
f 657/298/20 2445/299/20 686/47/20
f 137/300/181 440/301/182 417/302/181
f 355/303/183 313/304/184 341/305/185
f 354/295/186 325/306/187 353/307/188
f 481/217/131 140/308/131 579/213/131
f 654/39/17 2448/309/17 687/40/17
f 418/310/189 15/311/190 443/312/191
f 353/313/192 332/314/193 339/315/193
f 479/220/132 142/316/132 581/215/132
f 653/36/16 2451/317/16 688/37/16
f 419/318/194 14/319/195 444/320/194
f 335/321/164 315/322/164 316/323/164
f 477/222/133 144/324/133 583/218/133
f 652/32/15 2454/325/15 689/34/15
f 143/326/196 445/327/196 420/328/197
f 475/329/134 586/330/134 476/225/134
f 147/331/134 587/223/134 585/332/134
f 538/30/84 746/333/84 536/149/84
f 2457/334/14 691/33/14 690/335/14
f 145/336/198 446/337/198 421/338/198
f 146/339/199 421/338/199 422/340/199
f 327/341/164 314/342/164 315/322/164
f 337/343/200 300/287/200 299/344/201
f 81/345/202 589/224/135 473/346/202
f 74/347/203 591/348/203 471/349/203
f 2270/350/204 692/351/204 650/352/204
f 349/353/205 316/354/205 315/355/205
f 424/356/206 149/357/206 423/358/206
f 2268/359/207 693/360/208 649/361/208
f 596/362/209 93/363/210 497/364/210
f 598/365/211 160/366/209 596/362/209
f 600/367/212 159/368/211 598/365/211
f 694/369/213 2296/370/214 662/371/214
f 695/372/215 2473/373/213 694/369/213
f 696/374/78 2472/375/215 695/372/215
f 836/376/164 156/377/164 225/378/164
f 225/378/164 155/379/164 226/380/164
f 155/379/164 227/381/164 226/380/164
f 178/382/118 601/383/118 615/384/118
f 2070/385/118 603/386/118 2075/387/118
f 172/388/118 605/389/118 611/390/118
f 2505/391/29 697/392/29 704/393/29
f 4472/394/29 698/395/29 2076/396/29
f 2495/397/29 699/398/29 702/399/29
f 176/400/164 228/401/164 233/402/164
f 2480/403/29 700/404/29 697/392/29
f 164/405/118 607/406/118 601/383/118
f 163/407/164 229/408/164 228/401/164
f 610/235/216 72/409/217 467/236/217
f 701/21/9 2260/410/9 647/16/9
f 452/411/218 2073/412/219 866/413/220
f 2481/414/29 702/399/29 698/395/29
f 165/415/118 611/390/118 603/386/118
f 162/416/164 231/417/164 230/418/164
f 570/233/221 174/232/140 76/419/140
f 644/19/10 2499/24/10 2262/420/10
f 173/421/222 922/422/222 924/423/222
f 24/424/164 233/402/164 227/381/164
f 2296/370/214 704/393/29 662/371/214
f 93/363/210 615/384/118 497/364/210
f 469/238/223 177/239/223 617/241/223
f 2267/17/224 705/15/225 648/18/225
f 166/425/118 619/196/118 605/389/118
f 2482/426/29 706/58/29 699/398/29
f 161/427/164 234/428/164 232/429/164
f 180/430/164 235/431/164 234/428/164
f 77/432/146 707/433/146 645/247/146
f 183/434/146 708/246/146 707/433/146
f 4/435/2 798/436/2 791/2/2
f 181/437/2 799/6/2 798/436/2
f 1035/438/226 455/439/227 429/440/227
f 1036/441/228 429/440/228 430/442/229
f 396/443/230 274/444/231 291/445/232
f 78/446/233 709/447/234 646/245/234
f 709/447/235 188/9/235 2519/243/235
f 5/448/236 800/449/236 792/5/236
f 186/7/237 188/9/237 625/450/237
f 1017/451/238 456/452/239 431/453/240
f 1002/454/241 1017/451/238 431/453/240
f 397/455/242 287/456/243 393/457/244
f 392/458/245 291/459/246 292/460/247
f 380/461/248 268/462/249 267/463/250
f 100/75/251 848/464/251 845/186/251
f 191/465/252 849/185/252 848/464/252
f 2318/466/253 191/465/254 100/75/254
f 2522/467/255 192/79/44 191/465/255
f 1074/468/256 1062/469/256 433/470/256
f 1086/471/257 1087/472/258 434/473/257
f 394/474/259 258/475/260 382/476/261
f 193/477/262 460/478/263 435/479/262
f 194/480/264 435/479/265 436/481/266
f 393/457/267 288/482/268 391/483/269
f 127/484/270 2532/485/271 197/486/272
f 197/486/272 2377/487/273 128/131/274
f 627/193/275 197/486/276 629/130/72
f 373/488/277 292/460/277 275/489/278
f 391/483/279 271/490/280 372/491/281
f 2540/492/282 128/131/283 2377/487/284
f 637/493/285 200/494/286 133/250/287
f 203/495/288 784/496/289 786/497/290
f 2543/498/291 198/499/292 2537/500/293
f 202/501/294 2537/500/293 198/499/292
f 133/250/295 2543/498/296 2305/502/296
f 635/503/297 198/499/298 633/504/299
f 201/505/300 783/506/301 785/507/300
f 390/508/302 262/509/303 385/510/304
f 372/511/305 272/512/306 371/513/305
f 378/514/307 275/489/308 276/515/309
f 375/516/310 273/517/311 374/518/312
f 254/519/313 438/520/313 466/521/313
f 253/522/314 466/521/315 465/523/314
f 252/524/316 465/523/316 464/525/316
f 251/526/317 464/525/318 463/527/319
f 250/528/320 463/527/321 462/529/322
f 249/530/323 462/529/322 461/531/323
f 1091/532/324 461/531/325 1096/533/326
f 376/534/327 284/535/327 285/536/327
f 383/537/328 276/515/329 277/538/330
f 245/539/331 460/478/331 434/473/331
f 379/540/332 267/463/333 266/541/334
f 382/476/335 257/542/336 381/543/337
f 242/544/338 459/545/339 458/546/340
f 241/547/341 458/546/340 457/548/342
f 240/549/343 457/548/344 432/550/343
f 387/551/345 277/538/346 293/552/346
f 385/510/347 261/553/348 384/554/349
f 430/442/350 238/555/351 456/452/351
f 386/556/352 293/552/352 294/557/352
f 388/558/353 283/559/353 280/560/353
f 234/428/354 455/439/355 454/561/356
f 232/429/357 454/561/356 427/562/358
f 227/381/359 428/563/360 450/564/361
f 232/429/164 171/565/164 161/427/164
f 230/418/362 453/566/363 426/567/364
f 2072/568/164 167/569/164 2071/570/164
f 228/401/365 452/411/366 451/571/367
f 233/402/368 451/571/367 428/563/360
f 226/380/369 450/564/361 449/572/369
f 448/573/370 226/380/370 449/572/370
f 425/574/371 225/378/371 448/573/372
f 151/575/373 803/576/373 801/577/373
f 339/315/374 326/578/375 345/579/376
f 341/305/377 312/580/377 340/581/377
f 345/579/378 333/582/379 348/583/380
f 217/584/381 818/585/382 825/586/383
f 351/587/384 318/588/384 319/589/384
f 215/590/385 817/591/386 824/592/387
f 348/583/388 334/593/389 347/594/389
f 213/595/390 816/596/391 823/597/392
f 211/598/393 815/599/394 814/600/395
f 210/601/396 814/600/397 813/602/398
f 209/603/399 813/602/398 822/604/400
f 207/605/401 812/606/402 821/607/403
f 350/608/404 319/589/405 328/609/405
f 21/610/406 811/611/407 820/612/408
f 437/613/409 4531/614/410 2758/614/410
f 661/56/411 2544/615/412 710/83/413
f 4532/616/414 2091/617/415 4499/618/416
f 290/619/164 258/620/164 274/621/164
f 260/622/164 275/623/164 292/624/164
f 261/625/164 276/626/164 275/623/164
f 262/627/164 277/628/164 276/626/164
f 265/629/164 278/630/164 294/631/164
f 1092/632/164 279/633/164 1093/634/164
f 269/635/164 281/636/164 279/633/164
f 270/637/164 282/638/164 281/636/164
f 280/639/164 286/640/164 282/638/164
f 283/641/164 287/642/164 286/640/164
f 285/643/164 288/644/164 287/642/164
f 284/645/164 271/646/164 288/644/164
f 296/647/164 267/648/164 268/649/164
f 295/650/164 266/651/164 267/648/164
f 294/631/164 264/652/164 265/629/164
f 293/653/164 263/654/164 264/652/164
f 260/622/164 291/655/164 259/656/164
f 259/656/164 274/621/164 258/620/164
f 257/657/164 289/658/164 255/659/164
f 255/659/164 273/660/164 256/661/164
f 390/508/417 264/662/418 263/663/419
f 400/664/420 280/560/421 270/665/422
f 401/666/423 286/667/424 397/455/425
f 1095/668/426 269/669/427 1092/670/428
f 403/671/429 274/444/430 398/672/430
f 404/673/431 282/674/432 401/666/431
f 405/675/433 259/676/434 394/474/435
f 406/677/436 290/678/437 403/671/438
f 407/679/439 281/680/440 404/673/441
f 402/681/442 270/665/422 269/669/443
f 374/518/444 289/682/445 406/677/444
f 375/683/446 255/684/447 256/685/448
f 399/686/449 265/687/450 264/662/451
f 1094/688/452 296/689/453 1093/690/454
f 389/691/455 285/536/456 283/559/456
f 410/692/457 295/693/458 296/694/457
f 384/554/459 260/695/460 405/696/460
f 411/697/461 278/698/462 295/693/463
f 408/699/464 257/542/464 255/684/464
f 409/700/465 266/541/466 265/687/466
f 412/701/467 294/557/468 278/698/468
f 377/702/469 272/703/470 284/535/471
f 297/704/164 299/705/164 318/706/164
f 318/706/164 300/707/164 319/708/164
f 328/709/164 302/710/164 320/711/164
f 329/712/164 304/713/164 321/714/164
f 321/714/164 305/715/164 322/716/164
f 305/715/164 323/717/164 322/716/164
f 307/718/164 324/719/164 330/720/164
f 309/721/164 325/722/164 331/723/164
f 311/724/164 326/578/164 332/314/164
f 349/353/472 314/725/472 355/303/472
f 336/726/164 316/323/164 317/727/164
f 369/728/473 335/321/474 363/729/473
f 334/593/164 313/730/164 314/342/164
f 333/582/164 312/731/164 313/730/164
f 332/314/164 310/732/164 311/724/164
f 331/723/164 308/733/164 309/721/164
f 330/720/164 306/734/164 307/718/164
f 303/735/164 320/711/164 302/710/164
f 301/736/164 319/708/164 300/707/164
f 359/737/475 324/738/475 356/293/476
f 352/739/477 317/740/477 316/354/478
f 361/741/479 330/742/479 359/737/480
f 347/594/481 327/341/482 369/728/483
f 362/743/484 323/744/484 361/741/485
f 363/729/486 336/726/487 364/745/487
f 357/746/488 302/747/489 301/286/488
f 358/748/490 311/749/490 310/750/490
f 367/751/491 322/752/491 362/753/492
f 55/754/493 349/353/493 54/755/493
f 368/756/494 321/757/495 367/751/496
f 368/756/497 320/758/498 329/759/499
f 365/760/500 303/761/500 302/747/500
f 54/755/501 355/303/502 53/762/502
f 364/763/503 317/764/504 360/765/503
f 340/766/505 311/749/505 366/767/505
f 370/768/506 328/609/506 320/758/507
f 343/769/508 299/344/508 298/770/509
f 23/771/510 337/343/510 343/769/510
f 827/772/511 447/773/511 422/340/511
f 207/774/512 370/768/513 208/775/513
f 50/776/514 340/581/515 366/777/514
f 56/778/516 364/763/516 360/765/516
f 41/779/517 344/780/517 365/760/518
f 208/775/519 368/756/520 209/781/519
f 423/358/521 819/782/521 828/783/521
f 221/784/522 347/785/523 369/786/524
f 209/781/525 367/751/525 210/787/525
f 210/787/526 362/753/527 211/788/528
f 50/776/529 358/789/529 49/790/530
f 40/791/531 365/760/531 357/746/531
f 222/792/532 364/745/533 223/793/533
f 211/794/534 361/741/535 212/795/536
f 212/795/537 359/737/537 213/796/537
f 56/797/538 352/739/539 55/754/538
f 213/796/540 356/293/541 214/798/542
f 207/774/543 351/587/543 350/608/544
f 221/799/545 363/729/545 222/792/545
f 220/800/546 348/583/546 347/594/547
f 206/801/548 346/802/549 351/587/550
f 219/803/551 345/579/551 348/583/552
f 51/804/553 341/305/553 340/581/554
f 218/805/555 339/806/556 345/807/557
f 22/808/558 338/285/559 337/343/559
f 217/809/560 353/307/561 339/806/561
f 216/810/562 354/295/563 353/307/562
f 52/811/564 355/303/564 341/305/564
f 215/812/565 356/293/178 354/295/180
f 39/813/566 357/746/566 338/285/567
f 29/252/568 377/702/568 203/495/568
f 245/814/569 412/701/570 246/815/570
f 66/816/571 379/540/572 409/700/571
f 58/817/573 408/699/574 57/818/575
f 246/819/576 411/820/577 247/821/577
f 61/822/578 384/823/578 405/824/578
f 248/825/579 411/697/580 410/692/581
f 199/826/582 389/691/583 201/505/584
f 1091/827/585 410/828/586 1094/688/587
f 65/829/588 409/700/588 399/686/588
f 25/830/589 408/699/590 375/683/591
f 235/831/592 406/677/593 236/832/592
f 196/833/594 402/681/595 70/267/595
f 250/834/596 407/679/597 404/673/598
f 236/832/599 403/671/600 237/835/601
f 60/836/602 405/675/603 394/474/604
f 251/837/605 404/673/606 401/666/607
f 237/835/608 398/672/609 238/838/609
f 70/267/610 1095/668/611 1090/839/611
f 252/840/612 401/666/613 397/455/612
f 71/841/614 400/664/614 196/833/615
f 64/842/616 399/686/617 390/508/616
f 201/505/584 388/558/618 71/841/619
f 244/843/620 386/556/621 245/814/621
f 62/844/622 385/845/623 384/823/622
f 243/846/624 387/551/625 244/843/626
f 59/847/627 381/543/628 58/817/628
f 67/848/629 380/461/630 379/540/631
f 242/849/632 383/537/633 243/846/633
f 203/495/634 376/534/635 199/826/635
f 25/850/636 374/851/637 235/852/636
f 241/853/638 378/514/638 242/849/639
f 29/255/640 372/511/640 371/513/640
f 63/854/641 390/508/641 385/510/641
f 205/855/642 391/483/643 372/491/643
f 240/856/644 373/488/644 241/853/645
f 254/857/646 393/457/646 391/483/646
f 59/847/647 394/474/647 382/476/647
f 68/858/648 395/859/649 380/461/650
f 239/860/651 392/458/652 240/856/651
f 253/861/653 397/455/654 393/457/653
f 238/838/655 396/443/655 239/862/655
f 639/863/656 94/864/656 499/865/656
f 92/866/657 639/863/658 495/198/659
f 343/867/660 297/868/660 342/869/660
f 342/870/661 318/588/662 346/802/662
f 23/871/663 342/869/663 413/872/664
f 413/872/665 346/873/666 21/874/665
f 97/71/667 2758/614/668 2308/69/669
f 30/875/670 852/876/670 838/190/670
f 20/877/671 439/291/671 19/878/671
f 416/292/672 18/879/673 135/290/672
f 417/302/674 17/880/675 137/300/674
f 441/881/676 16/882/676 17/883/676
f 16/882/677 443/884/677 15/885/677
f 139/886/678 444/320/679 14/319/679
f 141/887/680 445/327/680 13/888/680
f 420/328/681 12/889/682 143/326/682
f 151/890/683 448/573/684 152/891/683
f 897/892/685 895/893/685 152/891/685
f 883/894/686 884/895/686 153/896/686
f 873/897/687 872/898/688 8/899/689
f 863/900/690 862/901/691 1/902/691
f 904/903/692 912/904/693 3/905/694
f 879/906/695 880/907/695 175/908/695
f 173/421/696 962/909/697 960/910/697
f 2/911/698 942/912/699 940/913/699
f 1029/914/700 1030/915/701 5/916/702
f 1014/917/703 1012/918/703 6/919/704
f 1007/920/705 1006/921/705 7/922/706
f 999/923/707 1052/924/707 38/925/707
f 434/473/708 37/926/709 190/927/708
f 1096/533/710 36/928/711 1089/929/712
f 461/531/713 35/930/713 36/928/714
f 462/529/715 34/931/716 35/930/716
f 463/527/717 33/932/717 34/931/717
f 464/525/718 32/933/719 33/932/719
f 465/523/720 31/934/721 32/933/721
f 466/935/722 30/875/722 31/936/722
f 436/481/723 247/937/723 248/938/723
f 435/479/724 246/939/724 247/937/725
f 434/473/726 244/940/726 245/539/726
f 433/470/727 243/941/728 244/940/727
f 432/550/729 239/942/729 240/549/729
f 431/453/730 238/555/730 239/942/730
f 237/943/731 429/440/732 236/944/732
f 236/944/733 455/439/733 235/431/734
f 427/562/358 231/417/735 232/429/357
f 2073/412/736 229/408/737 2072/568/738
f 424/356/739 828/783/739 829/945/739
f 120/946/740 121/947/740 539/146/740
f 118/948/741 119/949/741 537/148/741
f 422/340/742 826/950/743 827/772/744
f 421/338/745 818/585/382 826/950/743
f 420/328/746 817/591/747 825/586/383
f 419/318/748 816/596/391 824/592/387
f 823/597/392 443/884/749 815/599/394
f 417/951/750 812/606/402 822/604/400
f 416/952/751 811/611/752 821/607/753
f 493/953/754 415/954/755 641/955/756
f 660/956/757 2756/957/758 711/958/759
f 725/959/760 642/960/761 788/961/762
f 494/962/763 641/955/756 642/960/761
f 496/963/764 787/964/765 726/965/766
f 495/198/659 640/966/767 496/963/764
f 787/964/768 500/967/769 728/968/770
f 640/966/771 499/865/772 500/967/769
f 202/501/773 631/132/774 128/131/775
f 635/503/297 632/969/776 631/132/774
f 785/507/777 634/970/778 784/496/779
f 636/971/780 633/504/299 634/970/778
f 200/494/286 633/504/299 198/499/298
f 637/493/285 634/970/778 633/504/299
f 781/265/781 630/972/782 782/973/783
f 628/192/784 629/130/72 630/972/782
f 574/974/785 187/975/786 78/446/786
f 573/976/787 626/977/788 574/974/785
f 622/978/789 184/244/790 183/434/790
f 621/979/791 624/980/789 622/978/789
f 572/981/792 183/434/790 77/432/790
f 571/982/791 622/978/789 572/981/792
f 606/983/118 780/984/118 775/985/118
f 605/389/118 620/986/118 606/983/118
f 713/987/793 618/988/793 779/989/793
f 470/990/794 617/241/794 618/988/794
f 498/991/210 778/992/118 727/993/210
f 497/364/210 616/994/118 498/991/210
f 790/995/795 613/996/795 569/997/795
f 569/997/796 614/230/139 570/233/221
f 604/998/118 777/999/118 774/1000/118
f 603/386/118 612/1001/118 604/998/118
f 796/1002/797 468/1003/798 712/1004/797
f 609/1005/799 467/236/800 468/1003/800
f 602/1006/118 776/1007/118 773/1008/118
f 601/383/118 608/1009/118 602/1006/118
f 612/1001/118 775/985/118 777/999/118
f 611/390/118 606/983/118 612/1001/118
f 2074/1010/118 774/1000/118 2077/1011/118
f 2075/387/118 604/998/118 2074/1010/118
f 616/994/118 773/1008/118 778/992/118
f 615/384/118 602/1006/118 616/994/118
f 795/1012/801 597/1013/211 794/1014/211
f 599/1015/802 598/365/211 597/1013/211
f 794/1014/211 595/1016/209 793/1017/209
f 597/1013/211 596/362/209 595/1016/209
f 793/1017/209 498/991/210 727/993/210
f 595/1016/209 497/364/210 498/991/210
f 593/1018/803 772/1019/803 771/1020/803
f 714/1021/804 592/1022/805 770/1023/805
f 472/1024/806 591/348/807 592/1025/806
f 828/783/808 221/799/808 222/792/808
f 2464/1026/204 651/1027/809 692/351/204
f 474/1028/202 769/1029/202 715/1030/202
f 473/346/202 590/226/135 474/1028/202
f 592/1031/810 771/1020/810 770/1032/811
f 220/800/812 819/782/812 827/772/812
f 2272/1033/14 690/335/14 651/1027/14
f 586/330/134 768/1034/134 767/1035/134
f 585/332/134 588/1036/134 586/330/134
f 717/1037/813 584/1038/133 766/1039/133
f 478/1040/133 583/218/133 584/1038/133
f 718/1041/132 582/1042/132 765/1043/132
f 480/1044/132 581/215/132 582/1042/132
f 719/1045/131 580/1046/131 764/1047/131
f 482/1048/131 579/213/131 580/1046/131
f 722/1049/128 578/1050/128 763/1051/128
f 488/1052/128 577/205/128 578/1050/128
f 723/1053/814 576/1054/815 762/1055/816
f 490/1056/817 575/203/125 576/1054/815
f 618/988/818 714/1021/818 779/989/818
f 618/988/819 471/240/820 472/1057/820
f 712/1004/821 470/990/822 713/987/823
f 468/1003/824 469/238/824 470/990/824
f 790/995/825 609/1005/825 796/1002/825
f 609/1005/826 570/233/221 610/235/826
f 797/1058/795 567/1059/795 613/996/795
f 613/996/827 568/1060/139 614/230/139
f 1122/1061/828 474/1062/829 715/1063/828
f 1119/1064/830 473/229/831 474/1062/829
f 588/1036/134 717/1037/134 768/1034/134
f 587/223/134 478/1040/134 588/1036/134
f 766/1039/133 480/1044/133 718/1041/133
f 584/1038/133 479/220/133 480/1044/133
f 765/1043/132 482/1048/132 719/1045/132
f 582/1042/132 481/217/132 482/1048/132
f 764/1047/131 484/1065/131 720/1066/131
f 580/1046/131 483/211/131 484/1065/131
f 720/1066/130 486/1067/130 721/1068/130
f 484/1065/130 485/208/130 486/1067/130
f 721/1068/129 488/1069/129 722/1070/129
f 486/1067/129 487/210/129 488/1069/129
f 763/1051/128 490/1056/128 723/1053/128
f 578/1050/128 489/207/128 490/1056/128
f 762/1055/816 492/1071/832 724/1072/833
f 576/1054/815 491/200/127 492/1071/832
f 724/1072/834 494/1073/834 725/1074/835
f 492/1071/836 493/202/124 494/1073/834
f 833/1075/837 496/963/838 726/965/839
f 831/199/121 496/963/838 830/1076/840
f 620/986/118 729/1077/118 780/984/118
f 619/196/118 502/1078/118 620/986/118
f 502/1079/841 730/1080/842 729/1081/843
f 501/1082/844 504/1083/845 502/1079/841
f 500/1084/846 731/1085/847 728/1086/848
f 499/183/849 506/1087/850 500/1084/846
f 506/1087/851 732/1088/852 731/1085/853
f 505/181/854 508/1089/855 506/1087/851
f 508/1089/99 733/1090/99 732/1088/99
f 507/179/99 510/1091/99 508/1089/99
f 510/1091/98 734/1092/98 733/1090/98
f 509/177/98 512/1093/98 510/1091/98
f 512/1093/97 735/1094/97 734/1092/97
f 511/175/97 514/1095/97 512/1093/97
f 514/1095/96 736/1096/96 735/1094/96
f 513/173/96 516/1097/96 514/1095/96
f 516/1097/95 737/1098/95 736/1096/95
f 515/171/95 518/1099/95 516/1097/95
f 518/1099/94 738/1100/94 737/1098/94
f 517/169/94 520/1101/94 518/1099/94
f 520/1101/93 739/1102/93 738/1100/93
f 519/167/93 522/1103/93 520/1101/93
f 739/1104/92 524/1105/92 740/1106/92
f 522/1107/92 523/161/92 524/1105/92
f 740/1106/91 526/1108/91 741/1109/91
f 524/1105/91 525/159/91 526/1108/91
f 741/1109/90 528/1110/90 742/1111/90
f 526/1108/90 527/157/90 528/1110/90
f 742/1111/89 530/1112/89 743/1113/89
f 528/1110/89 529/155/89 530/1112/89
f 743/1113/88 532/1114/88 744/1115/88
f 530/1112/88 531/153/88 532/1114/88
f 744/1115/87 534/1116/87 745/1117/87
f 532/1114/86 533/151/86 534/1116/87
f 745/1117/85 536/149/85 746/333/85
f 534/1116/85 535/150/85 536/149/85
f 476/225/134 767/1035/134 716/1118/134
f 82/1119/134 585/332/134 475/329/134
f 590/226/135 716/1118/202 769/1029/202
f 150/1120/135 475/329/135 589/224/135
f 748/1121/856 542/1122/856 749/1123/856
f 540/28/857 541/137/857 542/1122/857
f 504/1083/858 750/1124/859 730/1080/860
f 503/1125/861 544/1126/862 504/1083/858
f 544/1126/863 751/1127/864 750/1124/865
f 543/1128/866 546/1129/867 544/1126/863
f 546/1129/868 752/1130/869 751/1127/869
f 545/1131/870 548/1132/871 546/1129/868
f 548/1132/872 753/1133/873 752/1130/872
f 547/1134/874 550/1135/875 548/1132/874
f 550/1136/876 754/1137/876 753/1138/876
f 549/1139/877 552/1140/877 550/1136/877
f 552/1140/878 755/1141/879 754/1137/880
f 551/1142/881 554/1143/882 552/1140/878
f 755/1141/883 556/1144/884 756/1145/885
f 554/1143/884 555/1146/886 556/1144/884
f 756/1145/887 558/1147/888 757/1148/889
f 556/1144/890 557/1149/891 558/1147/888
f 757/1148/892 560/1150/893 758/1151/892
f 558/1147/894 559/1152/895 560/1150/893
f 758/1151/896 562/1153/897 759/1154/898
f 560/1150/899 561/1155/900 562/1153/897
f 759/1154/901 564/1156/902 760/1157/903
f 562/1153/904 563/1158/905 564/1156/902
f 760/1157/906 566/1159/907 761/1160/908
f 564/1156/909 565/1161/910 566/1159/907
f 1099/1162/911 628/192/912 781/265/911
f 1097/1163/913 627/193/914 628/192/912
f 749/1123/915 1125/1164/916 1128/1165/917
f 542/1122/918 1126/139/81 1125/1164/916
f 782/973/783 632/969/919 783/506/920
f 630/972/782 631/132/74 632/969/919
f 624/980/789 78/446/790 184/244/790
f 623/1166/791 574/974/921 624/980/789
f 568/1060/922 77/432/923 75/231/923
f 567/1059/924 572/981/925 568/1060/922
f 91/1167/926 711/958/926 415/954/926
f 92/866/927 710/83/413 204/1168/927
f 646/245/234 2518/1169/233 2264/1170/233
f 707/433/146 2513/1171/146 2512/1172/146
f 645/247/146 2512/1172/146 2263/1173/146
f 699/398/29 179/194/29 166/425/29
f 648/18/928 177/239/929 73/237/929
f 662/371/214 178/382/29 93/363/214
f 76/419/10 703/22/10 644/19/10
f 698/395/29 172/388/29 165/415/29
f 170/234/9 647/16/9 72/409/9
f 697/392/29 168/1174/29 164/405/29
f 702/399/29 166/425/29 172/388/29
f 2076/396/29 165/415/29 2070/385/29
f 704/393/29 164/405/29 178/382/29
f 158/1175/78 695/372/215 159/368/215
f 159/368/215 694/369/213 160/366/213
f 160/366/213 662/371/214 93/363/214
f 649/361/930 154/1176/930 74/347/930
f 423/358/931 11/1177/931 447/773/931
f 650/352/204 150/1120/204 81/345/809
f 11/1177/932 767/1178/932 146/339/932
f 690/335/14 148/221/14 147/331/14
f 83/1179/15 689/34/15 144/324/15
f 84/219/16 688/37/16 142/316/16
f 85/216/17 687/40/17 140/308/17
f 88/1180/20 686/47/20 138/297/20
f 89/206/933 685/50/175 136/288/934
f 643/248/147 2263/1173/147 2261/23/147
f 708/246/146 2264/1170/146 2513/1171/146
f 122/147/78 1127/136/78 1124/138/78
f 121/947/71 684/129/71 122/147/71
f 120/946/70 683/127/70 121/947/70
f 119/949/69 682/125/69 120/946/69
f 118/948/68 681/123/68 119/949/68
f 117/152/67 680/121/67 118/948/67
f 116/154/66 679/119/66 117/152/66
f 115/156/65 678/117/65 116/154/65
f 114/158/64 677/115/64 115/156/64
f 113/160/63 676/113/63 114/158/63
f 112/162/62 675/111/62 113/160/62
f 111/164/61 674/109/61 112/162/61
f 110/1181/60 673/107/60 111/164/60
f 671/102/59 110/1182/59 109/165/59
f 670/100/58 109/165/58 108/168/58
f 669/98/57 108/168/57 107/170/57
f 668/96/56 107/170/56 106/172/56
f 667/94/55 106/172/55 105/174/55
f 666/92/54 105/174/54 104/176/54
f 665/90/53 104/176/53 103/178/53
f 664/87/52 103/178/935 102/180/935
f 663/88/49 102/180/936 94/182/937
f 204/1168/938 663/85/938 94/864/938
f 832/57/28 92/866/939 810/197/940
f 90/204/941 660/54/25 91/201/942
f 136/288/943 659/52/21 90/204/944
f 138/297/20 658/49/20 89/206/20
f 87/212/19 657/46/19 88/209/19
f 86/214/18 656/44/18 87/212/18
f 140/308/17 655/42/17 86/214/17
f 142/316/16 654/39/16 85/216/16
f 144/324/15 653/36/15 84/219/15
f 691/33/14 83/1179/14 148/221/14
f 1118/1183/945 650/27/945 81/228/945
f 174/232/10 643/248/10 703/22/10
f 76/419/9 701/21/9 170/234/9
f 647/16/6 73/237/946 72/409/947
f 705/15/948 74/1184/949 177/239/949
f 782/973/950 71/841/950 196/833/951
f 56/797/952 1128/1165/953 1117/1185/954
f 1099/1162/955 70/267/955 1090/839/956
f 760/1157/957 69/1186/958 68/858/959
f 759/1154/960 68/858/961 67/848/960
f 758/1151/962 67/848/963 66/816/964
f 757/1148/965 66/816/966 65/829/965
f 756/1145/967 65/829/968 64/842/969
f 755/1141/970 64/842/971 63/854/972
f 62/1187/973 755/1141/974 63/854/973
f 61/1188/975 754/1137/976 62/1187/976
f 60/836/977 753/1133/978 61/1189/978
f 59/847/979 752/1130/980 60/836/980
f 58/817/981 751/1127/982 59/847/982
f 57/818/983 750/1124/984 58/817/985
f 55/754/986 749/1123/986 56/797/986
f 149/357/987 716/1190/987 11/1177/987
f 651/1027/14 147/331/14 82/1119/14
f 52/811/85 746/333/85 53/762/85
f 51/804/87 745/1117/87 52/811/86
f 50/776/88 744/1115/88 51/804/88
f 49/790/89 743/1113/89 50/776/89
f 48/1191/90 742/1111/90 49/790/90
f 47/1192/91 741/1109/91 48/1191/91
f 46/1193/92 740/1106/92 47/1192/92
f 738/1100/93 46/1194/93 45/1195/93
f 737/1098/94 45/1195/94 44/1196/94
f 736/1096/95 44/1196/95 43/1197/95
f 735/1094/96 43/1197/96 42/1198/96
f 734/1092/97 42/1198/97 41/779/97
f 733/1090/98 41/779/98 40/791/98
f 732/1088/99 40/791/99 39/813/99
f 731/1085/853 39/813/988 22/808/988
f 728/1086/848 22/808/989 23/771/989
f 25/830/990 730/1080/990 57/818/990
f 180/1199/991 729/1077/991 25/1200/991
f 820/1201/992 726/965/839 21/874/993
f 19/878/994 725/1074/994 20/877/994
f 135/290/995 724/1072/995 19/878/995
f 137/300/996 723/1053/997 18/879/997
f 16/1202/998 722/1049/999 17/880/999
f 15/311/1000 721/1068/1000 16/1203/1000
f 139/1204/1001 720/1066/1001 15/311/1001
f 141/1205/1002 719/1045/1003 14/1206/1004
f 143/1207/1005 718/1041/1006 13/1208/1007
f 145/336/1008 717/1209/1008 12/889/1008
f 692/351/204 82/1119/204 150/1120/204
f 1123/1210/1009 715/1063/1009 10/1211/1009
f 173/1212/795 789/3/795 797/1058/795
f 3/1213/1010 796/1002/1010 169/1214/1010
f 1/1215/1011 713/987/1011 8/1216/1012
f 779/989/1013 9/1217/1013 175/1218/1013
f 18/879/1014 762/1055/1014 135/290/1015
f 17/880/1016 763/1051/1017 137/300/996
f 14/1206/1018 764/1047/1018 139/1204/1018
f 13/1208/1019 765/1043/1019 141/1205/1019
f 12/1219/1020 766/1039/1021 143/1207/1020
f 11/1177/1022 422/340/1022 447/773/1022
f 146/339/1023 768/1220/1023 145/336/1023
f 153/1221/1024 771/1020/1024 152/1222/1024
f 10/1223/1025 769/1224/1025 149/357/1025
f 714/1225/1026 153/896/1026 9/1226/1026
f 152/1222/1027 772/1019/1028 151/575/1028
f 24/1227/1029 793/1017/1030 727/993/1029
f 155/1228/1030 794/1014/1031 793/1017/1030
f 156/1229/1031 795/1012/1032 794/1014/1031
f 176/1230/991 773/1008/991 163/1231/991
f 2071/1232/991 774/1000/991 162/1233/991
f 171/1234/991 775/985/991 161/1235/991
f 163/1231/991 776/1007/991 167/1236/991
f 169/1214/1010 712/1004/1010 1/1215/1010
f 162/1233/991 777/999/991 171/1234/991
f 3/1213/795 797/1058/795 790/995/795
f 24/1227/1029 778/992/991 176/1230/991
f 8/1216/1033 779/989/1033 175/1218/1033
f 161/1235/991 780/984/991 180/1199/991
f 781/265/1034 196/833/1034 70/267/1035
f 199/826/1036 785/507/300 784/496/289
f 413/872/1037 728/968/770 23/871/1037
f 726/965/766 413/872/1038 21/874/1038
f 20/1237/1039 788/961/1039 414/1238/1039
f 636/971/780 783/506/1040 632/969/776
f 638/1239/1041 784/496/779 634/970/778
f 792/5/236 625/450/236 573/976/236
f 798/436/2 623/1166/2 621/979/2
f 791/2/2 621/979/2 571/982/2
f 799/6/2 573/976/2 623/1166/2
f 789/3/1 571/982/1 567/1059/1042
f 772/1019/1043 802/1240/1043 803/576/1043
f 804/1241/1044 795/1012/1032 157/1242/1045
f 805/1243/78 696/374/78 158/1175/78
f 806/1244/1046 600/367/212 599/1015/802
f 809/1245/1047 599/1015/802 795/1012/801
f 807/1246/1048 158/1175/1049 600/367/212
f 808/1247/78 2471/1248/78 696/374/78
f 414/1238/1050 833/1075/837 820/1201/992
f 711/958/759 810/197/940 415/954/1051
f 641/955/756 830/1076/840 642/960/761
f 788/961/762 830/1076/840 833/1075/837
f 821/607/753 206/1249/1052 207/605/1052
f 822/604/400 208/1250/1053 209/603/399
f 213/595/390 815/599/394 212/1251/1054
f 824/592/387 214/1252/1055 215/590/385
f 825/586/383 216/1253/1056 217/584/381
f 826/950/743 218/1254/1057 219/803/1058
f 827/772/744 219/803/1058 220/800/1059
f 829/945/1060 222/792/1060 223/793/1060
f 820/612/408 439/1255/1061 414/1256/1061
f 821/607/403 440/1257/1062 416/952/1063
f 822/604/400 441/881/1064 417/951/750
f 813/602/398 442/1258/1065 441/881/1064
f 814/600/395 443/884/749 442/1258/1066
f 823/597/392 444/320/1067 418/1259/1068
f 824/592/387 445/327/1069 419/318/748
f 825/586/383 446/337/1070 420/328/746
f 415/954/1071 831/199/121 641/955/1072
f 2756/957/758 832/57/28 711/958/759
f 1117/1260/1073 223/793/1074 56/1261/1074
f 1130/1262/1075 835/1263/1075 834/1264/1075
f 157/1265/164 835/1263/164 804/1266/164
f 834/1264/164 836/376/164 224/1267/164
f 1131/1268/1076 834/1264/1076 837/1269/1077
f 837/1269/1078 224/1267/1078 425/574/1078
f 837/1269/1079 1123/1270/1080 1131/1268/1079
f 801/1271/1081 425/574/1082 151/890/1083
f 838/190/1084 437/613/1084 97/71/1084
f 2119/1272/670 2098/1273/670 2092/1274/670
f 850/1275/1085 193/1276/1086 194/1277/1087
f 1100/1278/1088 194/1277/1087 1089/1279/1089
f 848/464/1090 189/1280/1090 190/1281/1090
f 845/186/1091 190/1281/1092 37/1282/1092
f 838/190/1093 31/936/1094 30/875/1093
f 839/189/1095 32/1283/1096 31/936/1097
f 840/188/1098 33/1284/1099 32/1283/1098
f 841/1285/1100 34/1286/1101 33/1284/1100
f 842/1287/1102 35/1288/1102 34/1289/1103
f 843/1290/1104 36/1291/1104 35/1288/1105
f 851/187/108 37/1282/1106 193/1276/1106
f 849/185/1107 38/1292/1108 189/1280/1109
f 7/11/1110 846/184/1110 847/12/1110
f 840/1293/1111 853/1294/1112 855/1295/1111
f 840/1296/1113 856/1297/1114 841/1298/1115
f 850/1299/1116 861/1300/1116 851/1301/1116
f 841/1298/1115 857/1302/1117 842/1303/1118
f 195/1304/1119 3201/1305/1120 2528/1306/1120
f 844/1307/1121 1101/1308/1116 1100/1309/1116
f 842/1303/1118 858/1310/1122 843/1311/1123
f 99/1312/1124 3199/1313/1124 853/1294/1125
f 851/1314/1126 854/1315/1127 195/1304/1128
f 843/1311/1123 859/1316/1129 844/1307/1121
f 874/1317/1130 428/563/1131 451/571/1132
f 864/1318/1133 907/1319/1134 169/1320/1135
f 886/1321/1136 449/572/1136 450/564/1137
f 453/566/1138 921/1322/1138 917/1323/1138
f 878/1324/1139 881/1325/1139 450/564/1137
f 451/571/1132 452/411/218 869/1326/1140
f 1022/1327/1141 1021/1328/1142 186/1329/1143
f 1049/1330/1144 1053/1331/1144 458/546/1144
f 986/1332/1145 985/1333/1145 427/562/1145
f 1033/1334/1146 185/1335/1147 1032/1336/1146
f 1001/1337/1148 457/548/1149 458/546/1148
f 1000/1338/1150 432/550/1151 457/548/1149
f 182/1339/1152 181/1340/1153 1045/1341/1154
f 1041/1342/1155 1043/1343/1155 181/1340/1153
f 1038/1344/1156 454/561/1157 455/439/1158
f 1065/1345/1159 1064/1346/1159 189/1347/1159
f 1015/1348/1160 430/442/229 456/452/239
f 205/1349/82 203/140/82 254/1350/82
f 254/1350/82 199/1351/82 253/1352/82
f 253/1352/82 201/1353/82 252/1354/82
f 252/1354/82 71/1355/82 251/1356/82
f 251/1356/82 196/143/82 250/1357/82
f 250/1357/82 70/145/82 249/1358/82
f 1100/1309/1116 860/1359/1116 850/1299/1116
f 844/1360/1161 1089/1279/1089 36/1291/1162
f 761/1160/1163 1090/839/1164 69/1186/1165
f 566/1159/1166 1098/1361/1167 1097/1163/1168
f 761/1160/1169 1097/1163/1168 1099/1162/1170
f 436/481/266 1089/929/712 194/480/264
f 1090/839/1171 395/859/1171 69/1186/1171
f 249/1362/1172 1094/688/587 407/1363/1172
f 1094/688/452 279/1364/1173 407/1363/1173
f 395/859/1174 1092/670/428 268/462/1175
f 268/649/164 1093/634/164 296/647/164
f 248/938/1176 1096/533/326 436/481/1177
f 1090/1365/82 249/1358/82 70/145/82
f 1091/1366/82 69/1367/82 248/1368/82
f 248/938/164 68/1369/164 69/1370/164
f 247/937/164 67/1371/164 68/1369/164
f 246/939/164 66/1372/164 67/1371/164
f 245/539/164 65/1373/164 66/1372/164
f 244/940/164 64/1374/164 65/1373/164
f 243/941/164 63/1375/164 64/1374/164
f 242/544/164 62/844/164 63/1375/164
f 241/547/164 61/822/164 62/844/164
f 61/822/164 239/942/164 60/1376/164
f 60/1376/164 238/555/164 59/1377/164
f 59/1377/164 237/943/164 58/1378/164
f 58/1378/164 236/944/164 57/1379/164
f 57/1379/164 235/431/164 25/1380/164
f 54/755/13 748/1121/13 55/754/13
f 53/762/84 747/29/84 54/755/84
f 1102/1381/1178 10/1382/1179 424/1383/1178
f 424/1384/1180 1102/1385/1181 2011/1386/1180
f 1105/1387/1182 829/1388/1182 1104/1389/1183
f 1105/1387/1184 56/1390/1184 223/1391/1184
f 1103/1392/670 715/1393/670 1102/1381/670
f 1106/1394/1185 2011/1386/1185 2012/1395/1185
f 1105/1387/1186 1106/1394/1186 1107/1396/1186
f 542/1397/1187 1105/1387/1187 1107/1396/1187
f 541/1398/1188 1107/1396/1188 1108/1399/1188
f 1109/1400/1189 1107/1396/1189 1106/1394/1190
f 2013/1401/1191 1106/1394/1192 2012/1395/1191
f 1110/1402/155 474/1062/155 473/229/155
f 1111/1403/1193 541/1398/1194 1108/1399/1194
f 1112/1404/1195 1108/1399/1195 1109/1400/1195
f 2014/1405/1196 1109/1400/1196 2013/1401/1196
f 1113/1406/1197 473/229/1197 81/228/1197
f 684/1407/1198 1111/1408/1198 1114/1409/1198
f 1112/1404/1199 1114/1410/1199 1111/1403/1200
f 2015/1411/1201 1112/1404/1201 2014/1405/1202
f 1116/1412/1203 81/228/1204 650/27/1205
f 2359/1413/1206 1114/1409/1207 3465/1414/1206
f 3466/1415/155 1114/1410/155 1115/1416/155
f 4399/1417/1208 1115/1416/1208 2015/1411/1208
f 3467/1418/1209 650/27/1205 2270/26/1210
f 1131/1268/1211 10/1223/1212 424/356/1211
f 424/356/1213 1130/1262/1214 1131/1268/1213
f 829/945/1215 1129/1419/1216 1130/1262/1215
f 804/1266/1217 1129/1419/1218 1117/1260/1217
f 801/577/1219 1122/1061/1219 1123/1210/1220
f 1117/1185/954 809/1245/1221 804/1241/1044
f 1124/138/78 808/1247/78 805/1243/78
f 1125/1164/916 807/1246/1048 806/1244/1046
f 1128/1165/917 806/1244/1046 809/1245/1047
f 803/576/1222 1119/1064/1222 1122/1061/1222
f 1126/139/81 805/1243/1223 807/1246/1048
f 1127/136/78 3149/1420/78 808/1247/78
f 566/1421/155 69/1422/155 565/1423/155
f 1669/1424/1224 1133/1425/1225 1667/1426/1226
f 1670/1427/1227 1294/1428/1228 1677/1429/1229
f 1207/1430/1230 1300/1431/1230 1304/1432/1230
f 1725/1433/1231 1138/1434/1231 1137/1435/1231
f 1586/1436/1232 1287/1437/1232 1602/1438/1232
f 1584/1439/1233 1148/1440/1234 1141/1441/1234
f 1279/1442/1235 1581/1443/1236 1598/1444/1237
f 1600/1445/1238 1142/1446/1239 1580/1447/1240
f 2069/1448/1241 3504/1449/1242 1994/1450/1243
f 1603/1451/1244 3521/1452/1245 2050/1453/1246
f 1239/1454/1247 3523/1455/1248 1238/1456/1247
f 1240/1457/1249 3525/1458/1250 1239/1459/1249
f 3527/1460/1251 1323/1461/1251 3700/1462/1251
f 1226/1463/1252 1170/1464/1252 1225/1465/1252
f 1227/1466/1253 1172/1467/1253 1226/1468/1253
f 1228/1469/1254 3684/1470/1254 1313/1471/1254
f 1229/1472/1255 1306/1473/1256 1310/1474/1257
f 1208/1475/1258 1182/1476/1258 1229/1472/1259
f 1566/1477/1260 1237/1478/1261 1315/1479/1262
f 1235/1480/1263 1238/1456/1263 1224/1481/1263
f 2052/1482/1264 1183/1483/1264 1589/1484/1265
f 1476/1485/1266 1222/1486/1266 1470/1487/1266
f 1725/1433/1267 1229/1472/1267 1724/1488/1267
f 1724/1488/1268 1310/1474/1268 1727/1489/1268
f 1723/1490/1269 1313/1471/1269 1729/1491/1269
f 1717/1492/1270 1227/1466/1271 1226/1468/1272
f 1717/1493/1273 1225/1465/1274 1716/1494/1275
f 1234/1495/1276 1565/1496/1277 1233/1497/1278
f 1472/1498/1279 1291/1499/1280 1556/1500/1281
f 1466/1501/1282 1689/1502/1283 1710/1503/1284
f 1462/1504/1285 1219/1505/1286 1218/1506/1286
f 1512/1507/1287 1218/1506/1288 1244/1508/1289
f 1514/1509/1290 1217/1510/1291 1246/1511/1292
f 1456/1512/1293 1216/1513/1294 1215/1514/1293
f 1454/1515/1295 1215/1514/1296 1214/1516/1297
f 1516/1517/1298 1214/1518/1299 1248/1519/1300
f 1518/1520/1301 1213/1521/1302 1250/1522/1303
f 1520/1523/1304 1212/1524/1305 1252/1525/1306
f 1448/1526/1307 1256/1527/1308 1524/1528/1309
f 1526/1529/1310 1447/1530/1311 1446/1531/1310
f 1998/1532/1312 1209/1533/1313 1996/1534/1314
f 1551/1535/1315 1203/1536/1316 1505/1537/1316
f 1280/1538/1317 1507/1539/1317 1547/1540/1317
f 1438/1541/1318 1201/1542/1318 1200/1543/1318
f 1442/1544/1319 1289/1545/1319 1554/1546/1319
f 1147/1547/1320 1207/1430/1321 1146/1548/1320
f 1146/1548/1322 1304/1432/1323 1302/1549/1323
f 1583/1550/1324 1298/1551/1325 1605/1552/1326
f 1582/1553/1327 1203/1554/1328 1580/1447/1327
f 1242/1555/1329 3526/1556/1329 1240/1557/1329
f 1168/1558/1330 1324/1559/1330 1730/1560/1331
f 1241/1561/1332 3523/1562/1333 3594/1563/1333
f 1167/1564/1334 1224/1481/1335 1166/1565/1336
f 1223/1566/1337 3594/1567/1337 3521/1452/1337
f 1659/1568/1338 1233/1497/1278 1565/1496/1277
f 1564/1569/1339 1234/1570/1339 1472/1571/1339
f 1223/1566/1340 1234/1495/1340 1241/1572/1340
f 1498/1573/1341 1474/1574/1341 1488/1575/1341
f 3594/1567/1342 1240/1557/1343 3526/1556/1342
f 1234/1576/1344 1238/1577/1344 1241/1561/1344
f 1460/1578/1345 1244/1508/1346 1217/1510/1347
f 1410/1579/1348 1243/1580/1349 1387/1581/1348
f 1458/1582/1350 1246/1511/1292 1216/1513/1351
f 1411/1583/1352 1245/1584/1353 1388/1585/1354
f 1452/1586/1355 1248/1519/1300 1213/1521/1356
f 1389/1587/1357 1155/1588/1358 1247/1589/1359
f 1450/1590/1360 1250/1522/1303 1212/1524/1361
f 1390/1591/1362 1154/1592/1363 1249/1593/1362
f 1381/1594/1364 310/750/1364 309/1595/1364
f 1448/1526/1365 1252/1525/1306 1211/1596/1366
f 1391/1597/1367 1153/1598/1368 1251/1599/1368
f 1446/1531/1369 1523/1600/1370 1522/1601/1371
f 1524/1528/1309 1255/1602/1372 1522/1601/1371
f 1417/1603/1373 1253/1604/1373 1392/1605/1373
f 1392/1605/1374 1254/1606/1374 1393/1607/1374
f 1379/1608/1375 308/1609/1376 307/1610/1377
f 1526/1529/1378 1209/1611/1379 1444/1612/1380
f 1528/1613/1381 1202/1614/1381 1442/1544/1381
f 1395/1615/1382 1258/1616/1382 1150/1617/1382
f 1590/1618/1383 1149/1619/1384 1586/1436/1385
f 1221/1620/1386 1533/1621/1387 1468/1622/1388
f 1269/1623/1389 1535/1624/1390 1533/1621/1387
f 1268/1625/1391 1537/1626/1392 1535/1624/1390
f 3519/1627/1393 2040/1628/1394 2043/1629/1393
f 3629/1630/1395 2041/1631/1396 2040/1628/1395
f 3628/1632/1396 2042/1633/1397 2041/1631/1396
f 1265/1634/1398 1266/1635/1399 1714/1636/1399
f 1344/1637/1400 1264/1638/1401 1265/1634/1398
f 1346/1639/1402 1264/1638/1401 1345/1640/1403
f 1538/1641/1404 1290/1642/1405 1552/1643/1404
f 1540/1644/1404 2078/1645/1405 2083/1646/1404
f 1542/1647/1404 1282/1648/1405 1548/1649/1404
f 2044/1650/1406 3661/1651/1407 2049/1652/1408
f 2045/1653/1409 4481/1654/1408 2086/1655/1410
f 2046/1656/1409 3651/1657/1408 2048/1658/1409
f 1347/1659/1411 1288/1660/1412 1352/1661/1413
f 2047/1662/1408 3636/1663/1414 2044/1650/1415
f 1544/1664/1404 1273/1665/1405 1538/1641/1404
f 1348/1666/1416 1272/1667/1417 1347/1659/1411
f 1200/1543/1418 1547/1540/1418 1438/1541/1419
f 1141/1441/1420 1598/1444/1237 1584/1439/1421
f 1792/1668/1422 1791/1669/1423 2081/1670/1423
f 2048/1658/1409 3637/1671/1408 2045/1653/1409
f 1548/1649/1404 1274/1672/1405 1540/1644/1404
f 1350/1673/1424 1271/1674/1425 1349/1675/1426
f 1204/1676/1427 1551/1535/1315 1507/1677/1427
f 1581/1443/1428 1284/1678/1429 1600/1445/1238
f 1805/1679/1430 1803/1680/1431 1283/1681/1430
f 1352/1661/1413 1164/1682/1432 1346/1639/1402
f 2049/1652/1408 3519/1627/1393 2043/1629/1393
f 1552/1643/1404 1221/1620/1386 1468/1622/1388
f 1440/1683/1433 1289/1545/1433 1201/1684/1433
f 1602/1438/1434 1148/1685/1435 1585/1686/1434
f 1556/1500/1281 1275/1687/1405 1542/1647/1404
f 2050/1453/1246 3638/1688/1408 2046/1656/1409
f 1353/1689/1436 1270/1690/1436 1351/1691/1436
f 1354/1692/1437 1292/1693/1437 1353/1689/1437
f 1604/1694/1438 1205/1695/1439 1582/1553/1440
f 1605/1552/1326 1297/1696/1441 1604/1694/1438
f 1676/1697/1442 1135/1698/1443 1669/1424/1444
f 1677/1429/1229 1293/1699/1445 1676/1697/1442
f 1426/1700/1446 1916/1701/1447 1400/1702/1446
f 1400/1702/1448 1917/1703/1449 1401/1704/1450
f 1606/1705/1451 1206/1706/1452 1583/1550/1453
f 1304/1432/1454 1303/1707/1454 1606/1705/1455
f 1678/1708/1456 1136/1709/1457 1670/1427/1458
f 1562/1710/1459 1563/1711/1459 1304/1432/1459
f 1427/1712/1460 1898/1713/1461 1402/1714/1462
f 1402/1714/1462 1898/1713/1461 1883/1715/1463
f 1726/1716/1464 1228/1469/1464 1723/1490/1464
f 1727/1489/1465 1309/1717/1466 1726/1716/1465
f 1309/1717/1467 1180/1718/1467 1228/1469/1468
f 1310/1474/1257 1305/1719/1469 1309/1717/1469
f 1952/1720/1470 1404/1721/1470 1955/1722/1470
f 1960/1723/1471 1962/1724/1471 1308/1725/1471
f 1431/1726/1472 1311/1727/1473 1406/1728/1472
f 1406/1728/1474 1312/1729/1475 1407/1730/1476
f 1236/1731/1477 3688/1732/1478 3559/1733/1479
f 1315/1479/1480 3561/1734/1481 3688/1732/1478
f 1564/1735/1482 1315/1479/1482 1236/1731/1482
f 3696/1736/1483 1237/1478/1484 1320/1737/1485
f 1242/1555/1486 1574/1738/1486 1575/1739/1486
f 1664/1740/1487 1317/1741/1488 1321/1742/1489
f 3699/1743/1490 1316/1744/1491 1318/1745/1490
f 3693/1746/1491 1320/1737/1485 1316/1744/1491
f 1242/1555/1492 3699/1743/1493 1318/1745/1492
f 1316/1744/1494 1572/1747/1495 1570/1748/1496
f 1663/1749/1497 1199/1750/1498 1319/1751/1499
f 1409/1752/1500 1373/1753/1500 1437/1754/1500
f 1437/1754/1501 1372/1755/1502 1436/1756/1501
f 1436/1756/1503 1371/1757/1504 1435/1758/1503
f 1435/1758/1505 1370/1759/1505 1434/1760/1505
f 1434/1760/1506 1369/1761/1507 1433/1762/1506
f 1433/1762/1508 1368/1763/1509 1432/1764/1508
f 1432/1764/1510 1972/1765/1510 1973/1766/1510
f 1431/1726/1511 1364/1767/1512 1405/1768/1513
f 1430/1769/1514 1361/1770/1515 1429/1771/1516
f 1429/1771/1516 1360/1772/1517 1428/1773/1518
f 1428/1773/1518 1359/1774/1519 1403/1775/1519
f 1401/1704/1520 1357/1776/1521 1356/1777/1522
f 1426/1700/1523 1353/1689/1524 1425/1778/1525
f 1425/1778/1525 1351/1691/1526 1398/1779/1527
f 1399/1780/1528 1346/1639/1529 1421/1781/1530
f 1281/1782/1436 1351/1691/1436 1270/1690/1436
f 1424/1783/1531 1349/1675/1532 1397/1784/1533
f 1276/1785/1534 2080/1786/1535 2079/1787/1536
f 1423/1788/1537 1347/1659/1538 1422/1789/1539
f 1422/1789/1539 1352/1661/1540 1399/1780/1528
f 1421/1781/1530 1345/1640/1541 1420/1790/1542
f 1419/1791/1543 1345/1640/1543 1344/1637/1543
f 1396/1792/1544 1344/1637/1544 1343/1793/1544
f 1260/1794/1545 1681/1795/1545 1650/1796/1545
f 1697/1797/1546 1336/1798/1547 1704/1799/1547
f 1696/1800/1548 1334/1801/1548 1703/1802/1549
f 1695/1803/1550 1332/1804/1550 1702/1805/1550
f 1694/1806/1551 1330/1807/1552 1693/1808/1552
f 1693/1808/1553 1329/1809/1554 1692/1810/1554
f 1692/1810/1555 1328/1811/1555 1701/1812/1555
f 1691/1813/1556 1326/1814/1556 1700/1815/1556
f 1690/1816/1557 1161/1817/1557 1699/1818/1558
f 1730/1819/1559 1409/1820/1559 1731/1821/1559
f 3765/1822/1560 1323/1823/1561 1408/1824/1562
f 1378/1825/1563 307/1826/1563 306/1827/1563
f 1377/1828/1564 306/1829/1564 305/1830/1564
f 1376/1831/1565 305/1830/1566 304/1832/1567
f 304/1832/1568 344/780/1568 1376/1831/1568
f 47/1192/1569 1381/1833/1570 1380/1834/1570
f 46/1193/1571 1380/1834/1572 1379/1608/1573
f 46/1193/1574 1378/1835/1575 45/1836/1575
f 45/1195/1576 1377/1828/1576 44/1196/1576
f 44/1196/1577 1376/1831/1577 43/1197/1577
f 43/1197/1578 344/780/1579 42/1198/1579
f 49/790/1580 1381/1833/1580 48/1191/1580
f 1380/1837/1581 309/1595/1582 308/1838/1581
f 1706/1839/1583 1418/1840/1584 1698/1841/1584
f 1394/1842/1585 1698/1841/1585 1418/1840/1585
f 1470/1843/1586 1322/1844/1587 1576/1845/1586
f 1576/1846/1588 1220/1847/1589 1466/1501/1590
f 1375/1848/1591 1382/1849/1592 1383/1850/1591
f 3765/1822/1560 1225/1465/1593 1170/1464/1593
f 1731/1821/1594 1169/1851/1595 1716/1494/1594
f 1160/1852/1596 1410/1579/1596 1385/1853/1596
f 1158/1854/1597 1387/1855/1597 1243/1856/1597
f 1157/1857/1598 1388/1585/1599 1245/1584/1600
f 1156/1858/1601 1412/1859/1601 1157/1857/1601
f 1156/1858/1602 1414/1860/1602 1413/1861/1602
f 1247/1589/1603 1415/1862/1604 1389/1587/1604
f 1249/1593/1605 1416/1863/1605 1390/1591/1605
f 1251/1599/1606 1417/1603/1607 1391/1597/1606
f 1260/1864/1608 1419/1791/1608 1396/1792/1608
f 1261/1865/1609 1776/1866/1609 1778/1867/1610
f 1765/1868/1611 1764/1869/1612 1262/1870/1613
f 1139/1871/1614 1753/1872/1615 1754/1873/1616
f 1132/1874/1617 1744/1875/1618 1749/1876/1619
f 1134/1877/1620 1797/1878/1621 1795/1879/1621
f 1286/1880/1622 1761/1881/1622 1760/1882/1622
f 1283/1681/1623 1839/1883/1624 1837/1884/1623
f 1135/1885/1625 1831/1886/1626 1822/1887/1626
f 1908/1888/1627 1909/1889/1628 1136/1890/1628
f 1899/1891/1629 1901/1892/1629 1137/1893/1630
f 1890/1894/1631 1891/1895/1632 1138/1896/1631
f 1181/1897/1633 1880/1898/1634 1879/1899/1633
f 1179/1900/1635 1405/1768/1635 1308/1725/1636
f 1178/1901/1637 1973/1766/1638 1970/1902/1639
f 1177/1903/1640 1432/1764/1641 1178/1901/1641
f 1176/1904/1642 1433/1762/1643 1177/1903/1643
f 1175/1905/1644 1434/1760/1644 1176/1904/1644
f 1173/1906/1645 1435/1758/1645 1175/1905/1645
f 1171/1907/1646 1436/1756/1646 1173/1906/1646
f 1169/1908/1647 1437/1909/1647 1171/1910/1647
f 1366/1911/1648 1407/1730/1648 1367/1912/1648
f 1365/1913/1649 1406/1728/1649 1366/1911/1650
f 1363/1914/1651 1405/1768/1513 1364/1767/1512
f 1362/1915/1652 1404/1721/1653 1363/1914/1651
f 1358/1916/1654 1403/1775/1655 1359/1774/1654
f 1357/1776/1521 1402/1714/1656 1358/1916/1656
f 1356/1777/1522 1400/1702/1657 1401/1704/1520
f 1355/1917/1658 1426/1700/1659 1400/1702/1659
f 1350/1673/1660 1398/1779/1527 1351/1691/1526
f 1348/1666/1661 2081/1670/1662 2080/1786/1663
f 1707/1918/1664 1395/1615/1664 1708/1919/1664
f 1705/1920/1665 1393/1607/1666 1706/1839/1666
f 1697/1797/1667 1392/1605/1668 1705/1920/1665
f 1696/1800/1669 1391/1597/1670 1704/1799/1671
f 1695/1803/1672 1390/1591/1673 1703/1802/1674
f 1702/1805/1675 1414/1860/1676 1389/1587/1677
f 1691/1813/1678 1388/1585/1679 1701/1812/1680
f 1690/1816/1681 1387/1855/1682 1700/1815/1683
f 1464/1921/1684 1386/1922/1684 1219/1923/1684
f 1620/1924/1685 1579/1925/1686 1465/1926/1687
f 1465/1926/1687 1578/1927/1688 1464/1921/1688
f 1665/1928/1689 1467/1929/1690 1621/1930/1691
f 1577/1931/1692 1466/1501/1590 1467/1929/1690
f 1623/1932/1693 1577/1933/1694 1665/1934/1695
f 1471/1935/1696 1576/1845/1697 1577/1933/1694
f 1320/1737/1698 1568/1936/1699 1572/1747/1495
f 1572/1747/1495 1569/1937/1700 1573/1938/1701
f 1571/1939/1702 1663/1749/1701 1662/1940/1703
f 1570/1748/1496 1573/1938/1701 1571/1939/1702
f 1318/1745/1704 1570/1748/1496 1574/1738/1705
f 1574/1738/1705 1571/1939/1702 1575/1739/1706
f 1659/1568/1707 1567/1941/1708 1565/1496/1709
f 1565/1496/1710 1566/1477/1710 1564/1735/1710
f 1303/1707/1711 1511/1942/1712 1206/1706/1713
f 1563/1711/1714 1510/1943/1715 1511/1942/1714
f 1298/1551/1716 1559/1944/1717 1297/1696/1718
f 1561/1945/1719 1558/1946/1720 1559/1944/1720
f 1297/1696/1718 1509/1947/1718 1205/1695/1721
f 1559/1944/1720 1508/1948/1722 1509/1947/1722
f 1658/1949/1723 1543/1950/1723 1653/1951/1723
f 1557/1952/1724 1542/1647/1404 1543/1950/1724
f 1608/1953/1725 1555/1954/1725 1441/1955/1726
f 1441/1956/1727 1554/1957/1727 1440/1958/1728
f 1656/1959/1723 1469/1960/1729 1622/1961/1729
f 1553/1962/1724 1468/1622/1388 1469/1960/1730
f 1668/1963/1731 1550/1964/1732 1675/1965/1732
f 1506/1966/1733 1551/1967/1734 1550/1964/1734
f 1655/1968/1723 1541/1969/1723 1652/1970/1723
f 1549/1971/1724 1540/1644/1404 1541/1969/1724
f 1439/1972/1735 1674/1973/1736 1607/1974/1735
f 1438/1975/1737 1546/1976/1737 1439/1972/1737
f 1654/1977/1723 1539/1978/1723 1651/1979/1723
f 1545/1980/1724 1538/1641/1404 1539/1978/1724
f 1653/1951/1723 1549/1971/1723 1655/1968/1723
f 1543/1950/1724 1548/1649/1404 1549/1971/1724
f 1652/1970/1723 2082/1981/1723 2085/1982/1723
f 1541/1969/1724 2083/1646/1404 2082/1981/1724
f 1651/1979/1723 1553/1962/1723 1656/1959/1723
f 1539/1978/1724 1552/1643/1404 1553/1962/1724
f 1534/1983/1738 1673/1984/1739 1672/1985/1738
f 1535/1624/1390 1536/1986/1740 1534/1983/1741
f 1532/1987/1742 1672/1985/1738 1671/1988/1742
f 1533/1621/1387 1534/1983/1741 1532/1987/1743
f 1469/1960/1729 1671/1988/1742 1622/1961/1729
f 1468/1622/1388 1532/1987/1743 1469/1960/1730
f 1649/1989/1744 1531/1990/1744 1530/1991/1744
f 1609/1992/1745 1529/1993/1745 1443/1994/1745
f 1443/1994/1746 1528/1613/1747 1442/1544/1747
f 1340/1995/1748 1707/1918/1748 1341/1996/1748
f 1610/1997/1749 1527/1998/1749 1445/1999/1749
f 1445/1999/1750 1526/1529/1751 1444/1612/1750
f 1649/1989/1752 1529/1993/1752 1648/2000/1752
f 1698/1841/1753 1339/2001/1754 1706/1839/1754
f 1646/2002/1755 1523/1600/1370 1645/2003/1370
f 1525/2004/1755 1522/1601/1371 1523/1600/1370
f 1612/2005/1756 1521/2006/1757 1449/2007/1756
f 1449/2007/1756 1520/1523/1304 1448/1526/1365
f 1613/2008/1758 1519/2009/1759 1451/2010/1758
f 1451/2010/1758 1518/1520/1301 1450/1590/1360
f 1614/2011/1760 1517/2012/1761 1453/2013/1760
f 1453/2013/1760 1516/1517/1298 1452/1586/1355
f 1617/2014/1762 1515/2015/1763 1459/2016/1762
f 1459/2016/1762 1514/1509/1290 1458/1582/1350
f 1618/2017/1764 1513/2018/1765 1461/2019/1766
f 1461/2019/1766 1512/1507/1287 1460/1578/1767
f 1657/2020/1768 1443/2021/1768 1555/1954/1768
f 1555/2022/1769 1442/1544/1770 1554/1546/1770
f 1607/1974/1771 1441/1955/1771 1439/1972/1771
f 1439/2023/1772 1440/1958/1772 1438/1541/1772
f 1674/1973/1773 1506/2024/1773 1668/2025/1773
f 1546/2026/1774 1507/1539/1733 1506/1966/1733
f 1675/1965/1732 1504/2027/1775 1667/1426/1775
f 1550/1964/1734 1505/2028/1734 1504/2027/1734
f 2000/2029/1776 1445/2030/1777 1997/2031/1778
f 1997/2031/1779 1444/2032/1780 1998/1532/1781
f 1612/2005/1782 1525/2004/1755 1646/2002/1755
f 1449/2007/1782 1524/1528/1309 1525/2004/1755
f 1644/2033/1757 1451/2010/1783 1521/2006/1757
f 1521/2006/1757 1450/1590/1784 1520/1523/1304
f 1643/2034/1759 1453/2013/1785 1519/2009/1759
f 1519/2009/1759 1452/1586/1786 1518/1520/1301
f 1642/2035/1761 1455/2036/1787 1517/2012/1761
f 1517/2012/1761 1454/2037/1788 1516/1517/1298
f 1615/2038/1789 1457/2039/1789 1455/2040/1789
f 1455/2040/1789 1456/1512/1295 1454/1515/1295
f 1616/2041/1790 1459/2016/1790 1457/2039/1790
f 1457/2039/1790 1458/1582/1293 1456/1512/1293
f 1641/2042/1791 1461/2019/1792 1515/2015/1763
f 1515/2015/1763 1460/1578/1792 1514/1509/1290
f 1640/2043/1793 1463/2044/1794 1513/2018/1765
f 1513/2018/1765 1462/1504/1795 1512/1507/1287
f 1619/2045/1796 1465/2046/1797 1463/2044/1798
f 1463/2044/1798 1464/2047/1799 1462/1504/1285
f 1711/2048/1800 1467/1929/1801 1709/2049/1802
f 1467/1929/1801 1710/1503/1284 1709/2049/1802
f 1658/1949/1803 1473/2050/1804 1557/1952/1804
f 1473/2050/1804 1556/1500/1805 1557/1952/1804
f 1625/2051/1806 1473/2052/1806 1624/2053/1806
f 1475/2054/1807 1472/2055/1808 1473/2052/1809
f 1626/2056/1810 1471/2057/1811 1623/2058/1812
f 1477/2059/1813 1470/1487/1814 1471/2057/1811
f 1447/1530/1815 1645/2003/1370 1523/1600/1370
f 1522/1601/1371 1210/2060/1816 1446/1531/1369
f 1527/1998/1311 1611/2061/1311 1447/1530/1311
f 1446/1531/1310 1259/2062/1817 1526/1529/1310
f 1628/2063/1818 1475/2054/1819 1625/2051/1820
f 1481/2064/1821 1474/2065/1822 1475/2054/1823
f 1629/2066/1824 1481/2064/1825 1628/2063/1825
f 1483/2067/1826 1480/2068/1827 1481/2064/1826
f 1630/2069/1828 1483/2067/1828 1629/2066/1828
f 1485/2070/1829 1482/2071/1830 1483/2067/1829
f 1631/2072/1831 1485/2073/1831 1630/2074/1831
f 1487/2075/1832 1484/2076/1833 1485/2073/1834
f 1632/2077/1835 1487/2075/1835 1631/2072/1836
f 1489/2078/1837 1486/2079/1838 1487/2075/1839
f 1633/2080/1840 1489/2078/1841 1632/2077/1841
f 1491/2081/1842 1488/2082/1843 1489/2078/1844
f 1633/2080/1845 1493/2083/1846 1491/2081/1847
f 1491/2081/1848 1492/2084/1848 1490/2085/1849
f 1634/2086/1850 1495/2087/1851 1493/2083/1852
f 1493/2083/1853 1494/2088/1854 1492/2084/1855
f 1635/2089/1856 1497/2090/1857 1495/2087/1857
f 1495/2087/1858 1496/2091/1859 1494/2088/1859
f 1636/2092/1860 1499/2093/1861 1497/2090/1860
f 1497/2090/1862 1498/2094/1863 1496/2091/1864
f 1637/2095/1865 1501/2096/1866 1499/2097/1867
f 1499/2097/1868 1500/2098/1869 1498/2099/1869
f 1638/2100/1870 1503/2101/1871 1501/2096/1872
f 1501/2096/1873 1502/2102/1874 1500/2098/1875
f 1976/2103/1876 1565/1496/1877 1974/2104/1878
f 1974/2104/1879 1564/1735/1879 1975/2105/1879
f 2004/2106/1880 1627/2107/1881 2007/2108/1881
f 2005/2109/1882 1479/2110/1882 2004/2106/1882
f 1660/2111/1883 1569/1937/1883 1567/1941/1884
f 1567/1941/1884 1568/1936/1885 1566/1477/1260
f 1206/1706/1886 1561/1945/1887 1298/1551/1716
f 1511/1942/1888 1560/2112/1889 1561/1945/1719
f 1205/1695/1890 1505/2028/1890 1203/1554/1890
f 1509/1947/1891 1504/2027/1891 1505/2028/1891
f 1301/2113/1892 1583/1550/1453 1145/2114/1892
f 1296/2115/1893 1604/1694/1438 1295/2116/1894
f 1295/2116/1894 1582/1553/1440 1144/2117/1895
f 1291/1499/1896 1596/2118/1897 1275/1687/1896
f 1289/1545/1898 1585/1686/1898 1201/1684/1898
f 1290/1642/1896 1588/2119/1899 1221/1620/1900
f 1581/1443/1428 1285/2120/1901 1204/2121/1902
f 1282/1648/1896 1595/2122/1897 1274/1672/1896
f 1584/1439/1421 1280/1538/1903 1200/1543/1904
f 1277/2123/1896 1594/2124/1897 1273/1665/1896
f 1275/1687/1896 1599/2125/1897 1282/1648/1896
f 1274/1672/1896 2084/2126/1897 2078/1645/1896
f 1273/1665/1896 1601/2127/1897 1290/1642/1896
f 1592/2128/1905 1267/2129/1906 1268/1625/1907
f 1591/2130/1908 1268/1625/1907 1269/1623/1909
f 1588/2119/1899 1269/1623/1909 1221/1620/1900
f 1263/2131/1910 1586/1436/1910 1202/1614/1911
f 1394/1842/1912 1151/2132/1912 1258/1616/1912
f 1254/2133/1913 1611/2061/1914 1151/2134/1915
f 1144/2117/1916 1580/1447/1327 1142/1446/1916
f 1145/2114/1917 1605/1552/1326 1296/2115/1893
f 2006/2135/1265 1231/2136/1918 2003/2137/1918
f 1996/1534/1919 1587/2138/1920 1999/2139/1921
f 1285/2120/1901 1580/1447/1240 1203/1554/1922
f 1598/1444/1237 1204/2121/1923 1280/1538/1903
f 1201/1542/1924 1584/1439/1233 1200/1543/1925
f 1202/1614/1926 1602/1438/1926 1289/1545/1926
f 1314/2140/1927 1661/2141/1928 1660/2111/1929
f 1995/2142/1930 1627/2107/1931 1184/2143/1932
f 1971/2144/1933 1659/1568/1934 1976/2103/1876
f 1196/2145/1935 1639/2146/1936 1638/2147/1935
f 1195/2148/1937 1638/2100/1937 1637/2095/1937
f 1194/2149/1938 1637/2150/1938 1636/2092/1939
f 1193/2151/1940 1636/2092/1940 1635/2089/1940
f 1192/2152/1941 1635/2089/1942 1634/2086/1942
f 1191/2153/1943 1634/2086/1943 1633/2080/1943
f 1191/2153/1944 1632/2077/1945 1190/2154/1946
f 1190/2154/1947 1631/2072/1947 1189/2155/1947
f 1189/2155/1948 1630/2074/1949 1188/2156/1949
f 1188/2157/1950 1629/2066/1951 1187/2158/1952
f 1187/2158/1953 1628/2063/1954 1186/2159/1953
f 1186/2159/1955 1625/2051/1955 1185/2160/1955
f 1151/2134/1915 1647/2161/1956 1258/2162/1957
f 1162/2163/1958 1623/2058/1812 1163/2164/1959
f 1165/2165/1960 1625/2051/1960 1624/2053/1960
f 1292/2166/1961 1624/2167/1961 1658/1949/1962
f 1699/2168/1963 1621/1930/1964 1711/2048/1963
f 1159/2169/1965 1620/2170/1966 1619/2045/1967
f 1243/1580/1968 1619/2045/1969 1640/2043/1970
f 1245/2171/1971 1618/2017/1972 1641/2042/1973
f 1156/2172/1974 1617/2014/1974 1616/2041/1975
f 1155/2173/1976 1616/2041/1976 1615/2038/1976
f 1247/2174/1977 1615/2175/1978 1642/2035/1979
f 1249/2176/1980 1614/2011/1981 1643/2034/1982
f 1251/2177/1983 1613/2008/1984 1644/2033/1985
f 1253/2178/1986 1612/2005/1986 1646/2002/1986
f 2001/2179/1987 1610/2180/1987 2000/2029/1987
f 1283/2181/1988 1667/1426/1989 1133/1425/1990
f 1674/2182/1991 1134/2183/1992 1278/2184/1993
f 1132/2185/1994 1608/2186/1995 1607/2187/1995
f 1140/2188/1996 1657/2020/1997 1286/1880/1997
f 1158/2189/1998 1640/2043/1970 1618/2017/1999
f 1157/2190/2000 1641/2042/1973 1617/2014/2001
f 1154/2191/2002 1642/2035/1979 1614/2011/2003
f 1153/2192/2004 1643/2034/1982 1613/2008/2004
f 1152/2193/2005 1644/2033/1985 1612/2005/2006
f 1393/1607/2007 1151/2132/2007 1418/1840/2007
f 1254/2133/2008 1646/2002/2008 1645/2003/2008
f 1262/1870/2009 1649/2194/2010 1648/2195/2009
f 1258/2162/2011 1610/1997/2012 1150/2196/2012
f 1262/1870/2013 1609/2197/2014 1140/2188/2014
f 1261/2198/2015 1650/1796/2015 1649/1989/2015
f 1164/2199/2016 1671/1988/2017 1264/2200/2017
f 1264/2200/2017 1672/1985/2018 1265/2201/2018
f 1265/2201/2018 1673/1984/2019 1266/2202/2020
f 1288/2203/2021 1651/1979/2021 1656/1959/2021
f 2079/2204/2021 1652/1970/2021 2085/1982/2021
f 1281/2205/2021 1653/1951/2021 1655/1968/2021
f 1272/2206/2021 1654/1977/2021 1651/1979/2021
f 1607/2187/2022 1278/2184/1993 1132/2185/2022
f 1271/2207/2021 1655/1968/2021 1652/1970/2021
f 1134/2183/2023 1675/1965/2024 1283/2181/1988
f 1288/2203/2021 1622/1961/2016 1164/2199/2016
f 1139/1871/2025 1657/2020/2026 1608/1953/2026
f 1270/2208/2021 1658/1949/2021 1653/1951/2021
f 1198/2209/2027 1660/2111/2027 1659/1568/2027
f 1662/1940/2028 1319/1751/1499 1317/1741/1488
f 1163/2210/2029 1665/1934/1695 1384/2211/2029
f 1384/2212/2030 1621/1930/2030 1161/2213/2031
f 1160/2214/2032 1666/2215/2032 1620/1924/2033
f 1573/1938/1701 1661/2141/2034 1663/1749/1701
f 1575/1739/1706 1662/1940/1703 1664/1740/2035
f 1562/1710/2036 1670/1427/2036 1510/1943/2037
f 1560/2112/2038 1676/1697/2039 1558/1946/2039
f 1558/1946/2039 1669/1424/2039 1508/1948/2040
f 1510/1943/2041 1677/1429/2042 1560/2112/2038
f 1508/1948/2043 1667/1426/2043 1504/2027/2043
f 1650/1796/2044 1680/2216/2044 1531/1990/2044
f 1673/1984/2019 1682/2217/2045 1266/2202/2020
f 1593/2218/2046 1684/2219/1906 1267/2129/1906
f 1537/1626/1392 1685/2220/2047 1536/1986/1740
f 1536/1986/2048 1688/2221/2049 1673/1984/1739
f 1267/2129/2050 1686/2222/2051 1537/1626/1392
f 2042/1633/2052 1683/2223/2053 2051/2224/1906
f 1385/2225/2054 1711/2048/2054 1666/2215/2054
f 1709/2049/1802 1578/1927/2055 1579/1925/2056
f 1666/2215/2057 1709/2049/1802 1579/1925/2056
f 1325/2226/2058 1700/1815/2058 1326/1814/2058
f 1327/2227/2059 1701/1812/2060 1328/1811/2060
f 1332/1804/2061 1694/1806/2062 1702/1805/2061
f 1333/2228/2063 1703/1802/2063 1334/1801/2063
f 1335/2229/2064 1704/1799/2064 1336/1798/2064
f 1337/2230/2065 1705/1920/2066 1338/2231/2065
f 1338/2231/2067 1706/1839/2068 1339/2001/2067
f 1341/1996/2069 1708/1919/2069 1342/2232/2069
f 1410/2233/2070 1699/1818/2070 1385/2234/2070
f 1411/1583/2071 1700/1815/1683 1387/1855/1682
f 1412/1859/2072 1701/1812/1680 1388/1585/1679
f 1413/1861/2073 1692/1810/2074 1412/1859/2072
f 1414/1860/1676 1693/1808/2075 1413/1861/2073
f 1415/1862/2076 1702/1805/1675 1389/1587/1677
f 1416/1863/2077 1703/1802/1674 1390/1591/1673
f 1417/1603/2078 1704/1799/1671 1391/1597/1670
f 1710/1503/1284 1386/1922/2079 1578/1927/2055
f 1184/2235/2080 2008/2236/2080 1995/2237/2080
f 2009/2238/2081 1713/2239/2082 2008/2236/2081
f 1266/1635/2083 1713/2239/2084 1714/1636/2083
f 1714/1636/2085 1712/2240/2086 1343/1793/2087
f 2010/2241/2088 1712/2240/2088 2009/2238/2089
f 1343/1793/2090 1715/2242/2091 1396/1792/2091
f 2001/2243/2092 1715/2242/2093 2010/2241/2093
f 1396/1792/2094 1679/2244/2095 1260/1864/2095
f 1408/1824/2096 1716/1494/2097 1225/1465/2096
f 1408/1824/2098 1730/1819/2099 1731/1821/2098
f 1311/2245/2100 1728/2246/2101 1312/2247/2101
f 1312/2247/2102 1977/2248/2103 1970/2249/2104
f 1307/2250/2105 1726/1716/2105 1308/2251/2105
f 1308/2251/2106 1723/1490/2107 1179/2252/2108
f 1171/2253/2109 1716/1494/2109 1169/1851/2109
f 1173/2254/2110 1717/1492/2110 1171/2255/2110
f 1175/2256/2111 1718/2257/2112 1173/2254/2112
f 1176/2258/2113 1719/2259/2114 1175/2256/2115
f 1177/2260/2116 1720/2261/2117 1176/2258/2116
f 1178/2262/2118 1721/2263/2118 1177/2260/2118
f 1179/2252/2119 1729/1491/2120 1311/2245/2121
f 1181/2264/2122 1727/1489/2123 1307/2250/2122
f 1138/1434/2124 1724/1488/2124 1181/2264/2124
f 1718/2265/2125 1733/2266/2126 1227/2267/2127
f 1737/2268/2128 1718/2265/2128 1719/2269/2128
f 1742/2270/2129 1728/2271/2129 1729/2272/2129
f 1738/2273/2130 1719/2274/2131 1720/2275/2130
f 1734/2276/2132 1313/2277/2132 3684/2278/2132
f 1978/2279/2133 1722/2280/2134 1977/2281/2135
f 1739/2282/2136 1720/2283/2136 1721/2284/2136
f 1227/2267/2137 1732/2285/2138 1174/2286/2139
f 1735/2287/2140 1729/2288/2141 1313/2277/2140
f 1740/2289/2142 1721/2284/2142 1722/2280/2142
f 1399/1780/2143 1758/2290/2144 1755/2291/2145
f 1745/2292/2146 1278/2293/2147 1788/2294/2148
f 1420/1790/2149 1783/2295/2150 1767/2296/2149
f 1424/1783/2151 1798/2297/2151 1802/2298/2151
f 1762/2299/2152 1759/2300/2153 1421/1781/2154
f 1750/2301/2155 1746/2302/2156 1423/1788/2157
f 1300/2303/2158 1904/2304/2158 1905/2305/2158
f 1938/2306/2159 1950/2307/2159 1430/1769/2160
f 1398/1779/2161 1867/2308/2161 1875/2309/2161
f 1913/2310/2162 1912/2311/2162 1299/2312/2163
f 1428/1773/2164 1881/2313/2165 1882/2314/2166
f 1881/2313/2165 1403/1775/2167 1884/2315/2168
f 1927/2316/2169 1926/2317/2170 1294/2318/2171
f 1922/2319/2172 1293/2320/2173 1924/2321/2172
f 1425/1778/2174 1929/2322/2175 1919/2323/2176
f 1948/2324/2177 1937/2325/2177 1307/2326/2177
f 1401/1704/1450 1917/1703/1449 1896/2327/2178
f 1321/2328/2179 1324/2329/2180 1373/2330/2180
f 1373/2330/2181 1317/2331/2181 1321/2328/2181
f 1372/2332/2182 1319/2333/2183 1317/2331/2183
f 1371/2334/2184 1199/2335/2185 1319/2333/2185
f 1370/2336/2186 1314/2337/2187 1199/2335/2187
f 1369/2338/2188 1198/2339/2188 1314/2337/2188
f 1741/2340/2189 1977/2281/2135 1728/2271/2190
f 1970/2249/2104 1722/2341/2191 1178/2262/2192
f 1971/2144/2193 1639/2146/2194 1197/2342/2193
f 1503/2343/2195 1975/2105/2195 1502/2344/2196
f 1639/2146/2197 1974/2104/2197 1503/2343/2198
f 1970/1902/1639 1407/1730/1476 1312/1729/1475
f 1973/1766/2199 1367/1912/2200 1407/1730/2201
f 1971/2345/2202 1368/2346/2202 1972/2347/2202
f 1972/2347/2203 1197/2348/2204 1971/2345/2204
f 1196/2349/2205 1367/1912/2206 1197/2350/2205
f 1195/2351/2207 1366/1911/2208 1196/2349/2207
f 1194/2352/2209 1365/1913/2210 1195/2351/2209
f 1193/2353/2211 1364/1767/2212 1194/2352/2213
f 1192/2354/2214 1363/1914/2215 1193/2353/2211
f 1191/2355/2216 1362/1915/2217 1192/2354/2214
f 1190/2356/2218 1361/1770/2219 1191/2355/2216
f 1189/2357/2220 1360/1772/2221 1190/2356/2218
f 1189/2357/2220 1358/1916/2222 1359/1774/2223
f 1188/2358/2224 1357/1776/2225 1358/1916/2222
f 1187/2359/2226 1356/1777/2227 1357/1776/2225
f 1186/2360/2228 1355/1917/2228 1356/1777/2228
f 1185/2361/2229 1354/1692/2230 1355/1917/2229
f 1981/2362/2231 1342/2363/2232 1982/2364/2232
f 1982/2364/2233 1184/2365/2233 1627/2366/2234
f 2017/2367/2235 2028/2368/2236 2035/2369/2235
f 2016/2370/2237 1983/2371/2238 2017/2372/2237
f 1982/2364/2239 1983/2371/2240 1981/2362/2240
f 1982/2364/2241 1479/2373/2242 1984/2374/2241
f 1984/2374/2243 1478/2375/2244 1985/2376/2244
f 1986/2377/2245 1984/2374/2245 1985/2376/2245
f 2018/2378/2246 1983/2371/2247 1986/2377/2246
f 1985/2379/2248 1231/2380/2249 1988/2381/2249
f 1985/2376/2250 1989/2382/2251 1986/2377/2250
f 1986/2377/2252 2019/2383/2252 2018/2378/2252
f 2021/2384/2253 2068/2385/2254 1587/2386/2253
f 1988/2381/2255 1589/2387/2255 1991/2388/2256
f 1989/2382/2257 1991/2389/2257 1992/2390/2258
f 1989/2382/2259 2020/2391/2259 2019/2383/2259
f 2018/2392/2260 2030/2393/2261 2028/2368/2236
f 1990/2394/2262 1589/2387/2262 1183/2395/2263
f 1987/2396/2264 1993/2397/2265 4375/2398/2266
f 1980/2399/2267 4375/2398/2268 4405/2400/2269
f 1150/1617/2270 2010/2241/2270 1395/1615/2270
f 1395/1615/2271 2009/2238/2272 1708/1919/2272
f 1708/1919/2273 2008/2236/2274 1342/2232/2274
f 1995/2237/2275 1713/2239/2276 1682/2401/2275
f 1679/2402/2277 2000/2029/2278 1681/1795/2277
f 1688/2221/2279 1995/2142/2279 1682/2217/2279
f 1687/2403/2046 2003/2137/1906 1684/2219/1906
f 1686/2222/2051 2004/2106/2280 1685/2220/2047
f 1685/2220/2281 2007/2108/2282 1688/2221/2049
f 1681/1795/2283 1997/2031/2284 1680/2216/2283
f 1684/2219/2285 2005/2109/2286 1686/2222/2051
f 1683/2223/2053 2052/1482/1906 2051/2224/1906
f 1503/2343/2287 1197/2342/2288 1639/2146/2287
f 2502/2404/2289 1149/2405/2290 2268/2406/2290
f 2267/2407/2291 1141/2408/2292 1148/2409/2293
f 2266/2410/2294 1146/2411/2295 2265/2412/2296
f 2265/2412/2296 1302/2413/2297 2519/2414/2298
f 2513/2415/2299 1145/2416/2300 1296/2417/2301
f 2263/2418/2302 1142/2419/2303 2261/2420/2303
f 2493/2421/2304 1141/2408/2292 2260/2422/2305
f 2499/2423/2306 1143/2424/2307 2262/2425/2307
f 2270/2426/2308 1994/2427/2308 3504/2428/2308
f 2758/2429/2309 1170/2430/2310 2308/2431/2311
f 2308/2431/2311 1172/2432/2312 2310/2433/2312
f 2310/2433/2313 1174/2434/2313 2312/2435/2313
f 2318/2436/2314 3684/2437/2314 1180/2438/2314
f 2523/2439/2315 1182/2440/2315 2320/2441/2315
f 2266/2410/2294 1182/2440/2316 1147/2442/2317
f 2463/2443/2318 1149/2405/2318 1257/2444/2318
f 693/2445/2319 1263/2446/2319 154/2447/2319
f 3149/2448/2320 3627/2449/2320 2471/2450/2320
f 2493/2421/2304 1143/2424/2304 1279/2451/2304
f 2499/2423/2306 1142/2419/2303 1284/2452/2306
f 2267/2407/2291 1287/2453/2321 2502/2404/2289
f 2512/2454/2322 1144/2455/2323 2263/2418/2302
f 2513/2415/2299 1295/2456/2324 2512/2454/2322
f 2518/2457/2325 1145/2416/2326 2264/2458/2327
f 2519/2414/2298 1301/2459/2328 2518/2457/2325
f 2522/2460/2329 1180/2438/2330 1305/2461/2331
f 2522/2460/2329 1306/2462/2332 2523/2439/2332
f 127/2463/2333 3559/2464/2334 2375/2465/2334
f 154/2447/2335 1528/2466/2336 591/2467/2337
f 591/2467/2338 1529/2468/2338 592/2469/2338
f 127/2463/2339 1564/2470/2340 1236/2471/2340
f 594/2472/2341 1530/2473/2341 1531/2474/2341
f 593/2475/2342 1529/2476/2343 1530/2473/2342
f 2463/2477/2344 1590/2478/2344 693/2445/2344
f 594/2472/2345 1680/2479/2345 802/2480/2345
f 3476/2481/2346 1683/2482/2346 3149/2448/2346
f 3199/2483/2347 1733/2484/2347 853/2485/2347
f 854/2486/2348 1734/2487/2349 3201/2488/2348
f 855/2489/2350 1733/2484/2350 1736/2490/2350
f 861/2491/2351 1735/2492/2351 854/2486/2351
f 861/2491/2352 1741/2493/2353 1742/2494/2352
f 860/2495/2354 1978/2496/2355 1741/2493/2354
f 855/2489/2356 1737/2497/2356 856/2498/2356
f 856/2498/2357 1738/2499/2358 857/2500/2359
f 857/2500/2360 1739/2501/2361 858/2502/2361
f 858/2502/2362 1740/2503/2363 859/2504/2364
f 3201/2505/2365 3684/2437/2365 2528/2506/2365
f 3199/2507/2366 1174/2434/2367 1732/2508/2366
f 864/2509/2368 1743/2510/2369 1745/2511/2368
f 863/2512/2370 1743/2510/2369 862/2513/2371
f 866/2514/2372 1748/2515/2373 867/2516/2374
f 865/2517/2375 1748/2515/2373 1746/2518/2376
f 868/2519/2377 1744/2520/2378 863/2512/2370
f 865/2517/2375 1750/2521/2379 869/2522/2379
f 870/2523/2380 1749/2524/2377 868/2519/2377
f 869/2522/2379 1752/2525/2381 871/2526/2382
f 870/2523/2380 1753/2527/2383 1751/2528/2384
f 872/2529/2385 1754/2530/2386 1753/2527/2383
f 871/2526/2382 1756/2531/2387 875/2532/2388
f 874/2533/2389 1756/2531/2387 1755/2534/2390
f 873/2535/2391 1757/2536/2391 1754/2530/2391
f 874/2533/2389 1758/2537/2392 877/2538/2393
f 878/2539/2394 1758/2537/2392 1759/2540/2395
f 879/2541/2396 1761/2542/2397 880/2543/2396
f 876/2544/2398 1761/2545/2398 1757/2546/2398
f 878/2539/2394 1762/2547/2399 881/2548/2399
f 883/2549/2400 1763/2550/2400 1764/2551/2400
f 884/2552/2401 1764/2551/2402 1765/2553/2403
f 879/2554/2404 1765/2553/2403 1760/2555/2404
f 881/2548/2405 1766/2556/2406 885/2557/2407
f 885/2557/2407 1767/2558/2408 886/2559/2409
f 887/2560/2410 1769/2561/2410 1768/2562/2410
f 889/2563/2411 1768/2562/2410 1770/2564/2411
f 882/2565/2412 1771/2566/2413 1763/2550/2414
f 891/2567/2415 1771/2566/2413 890/2568/2416
f 891/2567/2417 1770/2564/2417 1772/2569/2417
f 888/2570/2410 1775/2571/2410 1769/2561/2410
f 893/2572/2411 1773/2573/2410 1774/2574/2411
f 894/2575/2410 1774/2574/2411 1775/2571/2410
f 895/2576/2418 1778/2577/2418 1776/2578/2418
f 892/2579/2410 1776/2578/2418 1773/2573/2410
f 897/2580/2418 1777/2581/2418 1778/2577/2418
f 896/2582/2418 1779/2583/2418 1777/2581/2418
f 898/2584/2418 1780/2585/2418 1779/2583/2418
f 900/2586/2419 1782/2587/2419 1781/2588/2419
f 899/2589/2420 1781/2590/2420 1780/2585/2420
f 903/2591/2421 1783/2592/2422 1784/2593/2421
f 901/2594/2423 1784/2593/2423 1782/2587/2423
f 902/2595/2424 1767/2558/2424 1783/2592/2424
f 905/2596/2425 1785/2597/2426 904/2598/2426
f 905/2596/2425 1787/2599/2427 1786/2600/2428
f 907/2601/2429 1787/2599/2427 906/2602/2430
f 864/2509/2368 1788/2603/2431 907/2601/2429
f 908/2604/2432 1791/2605/2433 910/2606/2433
f 909/2607/2434 1789/2608/2435 908/2604/2432
f 910/2606/2433 1792/2609/2436 911/2610/2436
f 911/2610/2436 1747/2611/2437 866/2514/2372
f 904/2598/2426 1793/2612/2426 912/2613/2426
f 913/2614/2438 1790/2615/2434 909/2607/2434
f 912/2613/2426 1795/2616/2426 914/2617/2426
f 915/2618/2438 1794/2619/2438 913/2614/2438
f 914/2617/2426 1797/2620/2426 916/2621/2426
f 917/2622/2439 1796/2623/2439 915/2618/2439
f 920/2624/2440 1799/2625/2440 918/2626/2440
f 918/2626/2441 1800/2627/2441 919/2628/2441
f 916/2621/2442 1801/2629/2443 920/2624/2442
f 921/2630/2444 1798/2631/2444 917/2622/2444
f 923/2632/2445 1803/2633/2445 922/2634/2445
f 919/2628/2446 1804/2635/2446 923/2632/2446
f 922/2636/2447 1805/2637/2447 924/2638/2447
f 935/2639/2448 1806/2640/2448 925/2641/2448
f 927/2642/2449 1807/2643/2449 1808/2644/2450
f 929/2645/2451 1809/2646/2452 928/2647/2452
f 926/2648/2453 1809/2646/2454 1807/2643/2454
f 921/2630/2455 1811/2649/2455 1802/2650/2455
f 930/2651/2456 1808/2644/2457 1811/2652/2458
f 924/2638/2459 1812/2653/2459 931/2654/2459
f 933/2655/2448 1813/2656/2448 932/2657/2448
f 931/2654/2448 1814/2658/2448 933/2655/2448
f 932/2657/2448 1815/2659/2448 934/2660/2448
f 934/2660/2448 1816/2661/2448 935/2639/2448
f 936/2662/2448 1818/2663/2448 937/2664/2448
f 925/2641/2448 1817/2665/2448 936/2662/2448
f 937/2664/2448 1819/2666/2448 938/2667/2448
f 938/2667/2448 1820/2668/2448 939/2669/2448
f 939/2669/2448 1810/2670/2448 929/2645/2448
f 941/2671/2460 1821/2672/2461 1822/2673/2460
f 940/2674/2461 1823/2675/2461 1821/2672/2461
f 942/2676/2461 1824/2677/2461 1823/2675/2461
f 943/2678/2462 1825/2679/2463 1824/2677/2462
f 945/2680/2464 1825/2679/2463 944/2681/2463
f 945/2680/2464 1827/2682/2465 1826/2683/2466
f 946/2684/2467 1828/2685/2468 1827/2682/2465
f 947/2686/2469 1829/2687/2470 1828/2685/2468
f 949/2688/2471 1831/2689/2471 1830/2690/2471
f 950/2691/2460 1822/2673/2460 1831/2689/2460
f 948/2692/2472 1832/2693/2473 1829/2694/2473
f 951/2695/2472 1833/2696/2472 1832/2693/2473
f 952/2697/2473 1834/2698/2473 1833/2696/2472
f 955/2699/2474 1835/2700/2474 1836/2701/2474
f 958/2702/2474 1837/2703/2474 1839/2704/2474
f 957/2705/2474 1839/2704/2474 1838/2706/2474
f 953/2707/2473 1836/2701/2473 1834/2698/2473
f 959/2708/2475 1841/2709/2475 1840/2710/2475
f 956/2711/2475 1840/2710/2475 1837/2703/2475
f 954/2712/2474 1838/2706/2474 1835/2700/2474
f 962/2713/2475 1842/2714/2475 1843/2715/2475
f 960/2716/2475 1843/2715/2475 1841/2709/2475
f 961/2717/2476 1844/2718/2476 1842/2714/2476
f 963/2719/2476 1845/2720/2476 1844/2718/2476
f 964/2721/2476 1846/2722/2476 1845/2720/2476
f 965/2723/2476 1847/2724/2476 1846/2722/2476
f 966/2725/670 1848/2726/670 1847/2724/670
f 967/2727/670 1849/2728/2477 1848/2726/670
f 968/2729/2478 1850/2730/2479 1849/2728/2477
f 969/2731/2480 1851/2732/2481 1850/2730/2479
f 970/2733/2482 1852/2734/2483 1851/2732/2481
f 971/2735/2484 1853/2736/2484 1852/2734/2484
f 972/2737/2485 1854/2738/2486 1853/2739/2485
f 973/2740/2486 1855/2741/2487 1854/2738/2486
f 974/2742/2487 1856/2743/2488 1855/2741/2487
f 975/2744/2489 1857/2745/2490 1856/2743/2488
f 978/2746/2491 1861/2747/2492 980/2748/2491
f 983/2749/2493 1860/2750/2494 1864/2751/2495
f 977/2752/2496 1859/2753/2497 978/2754/2498
f 979/2755/2499 1861/2747/2500 1860/2756/2501
f 981/2757/2502 1858/2758/2503 977/2752/2496
f 976/2759/2490 1865/2760/2504 1857/2745/2490
f 982/2761/2505 1864/2751/2495 1863/2762/2505
f 984/2763/2506 1863/2762/2506 1865/2760/2506
f 985/2764/2507 1870/2765/2508 989/2766/2509
f 986/2767/2510 1866/2768/2511 985/2764/2507
f 988/2769/2512 1868/2770/2513 987/2771/2514
f 989/2766/2509 1869/2772/2515 988/2769/2512
f 987/2771/2516 1862/2773/2517 981/2757/2502
f 991/2774/2518 1871/2775/2519 1872/2776/2518
f 991/2774/2520 1873/2777/2521 992/2778/2521
f 992/2778/2521 1874/2779/2522 993/2780/2523
f 993/2780/2523 1875/2781/2524 994/2782/2525
f 994/2782/2525 1867/2783/2526 986/2767/2526
f 990/2784/2519 1876/2785/2527 1871/2775/2519
f 995/2786/2527 1877/2787/2528 1876/2785/2527
f 996/2788/2529 1878/2789/2530 1877/2787/2528
f 998/2790/2531 1880/2791/2531 999/2792/2531
f 1000/2793/2532 1884/2794/2533 1003/2795/2533
f 1001/2796/2534 1881/2797/2535 1000/2793/2532
f 1003/2795/2533 1883/2798/2536 1002/2799/2537
f 1004/2800/2538 1879/2801/2531 998/2790/2531
f 1004/2800/2539 1886/2802/2540 1885/2803/2540
f 1005/2804/2541 1887/2805/2542 1886/2802/2542
f 1007/2806/2543 1887/2805/2543 1006/2807/2543
f 1008/2808/2544 1888/2809/2544 1007/2806/2544
f 1009/2810/2544 1889/2811/2544 1008/2808/2544
f 1010/2812/2545 1890/2813/2544 1009/2810/2544
f 1011/2814/2546 1891/2815/2545 1010/2812/2545
f 1013/2816/2547 1893/2817/2548 1894/2818/2549
f 1013/2816/2547 1892/2819/2550 1011/2814/2550
f 1012/2820/2551 1895/2821/2552 1893/2817/2548
f 1016/2822/2553 1896/2823/2554 1015/2824/2555
f 1017/2825/2556 1897/2826/2557 1016/2822/2553
f 1002/2799/2537 1898/2827/2558 1017/2825/2556
f 1014/2828/2552 1899/2829/2552 1895/2821/2552
f 1019/2830/2559 1901/2831/2560 1020/2832/2561
f 1018/2833/2552 1901/2831/2552 1899/2829/2552
f 1021/2834/2562 1900/2835/2559 1019/2830/2559
f 1022/2836/2563 1902/2837/2564 1021/2834/2562
f 1023/2838/2563 1903/2839/2563 1022/2836/2563
f 1024/2840/2563 1904/2841/2563 1023/2838/2563
f 1025/2842/2565 1905/2843/2566 1024/2840/2566
f 1026/2844/2567 1906/2845/2565 1025/2842/2565
f 1028/2846/2568 1908/2847/2569 1027/2848/2569
f 1027/2848/2569 1910/2849/2570 1029/2850/2571
f 1029/2850/2571 1911/2851/2572 1030/2852/2573
f 1030/2852/2573 1912/2853/2574 1031/2854/2575
f 1032/2855/2576 1912/2853/2574 1913/2856/2576
f 1033/2857/2577 1913/2856/2576 1914/2858/2578
f 1034/2859/2579 1907/2860/2567 1026/2844/2567
f 1034/2859/2579 1914/2858/2578 1915/2861/2580
f 1035/2862/2581 1917/2863/2582 1916/2864/2583
f 1036/2865/2584 1896/2823/2554 1917/2863/2582
f 1035/2862/2581 1918/2866/2585 1037/2867/2586
f 1038/2868/2587 1918/2866/2585 1919/2869/2588
f 1040/2870/2589 1920/2871/2471 1921/2872/2590
f 1039/2873/2471 1830/2690/2471 1920/2871/2471
f 1040/2870/2589 1923/2874/2591 1042/2875/2592
f 1041/2876/2593 1923/2874/2591 1922/2877/2594
f 1041/2876/2595 1924/2878/2596 1043/2879/2596
f 1044/2880/2597 1926/2881/2598 1045/2882/2599
f 1043/2879/2596 1925/2883/2600 1044/2880/2597
f 1046/2884/2601 1926/2881/2598 1927/2885/2602
f 1047/2886/2603 1927/2885/2602 1928/2887/2604
f 1047/2886/2603 1909/2888/2605 1028/2846/2606
f 1048/2889/2607 1919/2869/2588 1929/2890/2607
f 997/2891/2608 1929/2890/2609 1878/2789/2608
f 1050/2892/2610 1930/2893/2610 1049/2894/2610
f 1051/2895/2611 1933/2896/2612 1932/2897/2611
f 1049/2894/2610 1934/2898/2613 1053/2899/2613
f 1052/2900/2612 1880/2791/2612 1933/2896/2612
f 1053/2899/2613 1935/2901/2614 1054/2902/2614
f 1054/2902/2614 1882/2903/2615 1001/2796/2615
f 1055/2904/2616 1937/2905/2617 1056/2906/2618
f 1058/2907/2619 1938/2908/2620 1939/2909/2621
f 1055/2904/2622 1940/2910/2622 1936/2911/2622
f 1060/2912/2623 1940/2910/2623 1059/2913/2623
f 1058/2907/2619 1942/2914/2624 1061/2915/2624
f 1061/2915/2610 1931/2916/2610 1050/2892/2610
f 1051/2895/2611 1941/2917/2611 1060/2912/2611
f 1063/2918/2625 1943/2919/2625 1944/2920/2625
f 1065/2921/2626 1945/2922/2627 1064/2923/2627
f 1066/2924/2625 1944/2920/2625 1947/2925/2625
f 1067/2926/2628 1946/2927/2626 1065/2921/2626
f 1066/2928/2629 1949/2929/2629 1068/2930/2629
f 1069/2931/2630 1949/2929/2631 1950/2932/2631
f 1056/2906/2618 1948/2933/2632 1067/2926/2628
f 1057/2934/2633 1950/2932/2634 1938/2908/2620
f 1070/2935/2635 1952/2936/2635 1071/2937/2635
f 1072/2938/2636 1954/2939/2637 1073/2940/2637
f 1071/2937/2638 1955/2941/2639 1074/2942/2639
f 1075/2943/2640 1953/2944/2641 1072/2938/2636
f 1076/2945/2642 1956/2946/2643 1075/2943/2640
f 1062/2947/2625 1955/2941/2639 1943/2919/2625
f 1064/2923/2644 1957/2948/2645 1076/2945/2642
f 1078/2949/2646 1958/2950/2646 1077/2951/2646
f 1079/2952/2647 1961/2953/2647 1080/2954/2647
f 1081/2955/2647 1960/2956/2647 1079/2952/2647
f 1077/2951/2646 1963/2957/2648 1082/2958/2648
f 1083/2959/2647 1962/2960/2647 1081/2955/2647
f 1084/2961/2649 1951/2962/2650 1070/2935/2651
f 1082/2958/2648 1965/2963/2652 1084/2961/2649
f 1083/2959/2653 1954/2939/2637 1964/2964/2653
f 1080/2954/2647 1966/2965/2647 1085/2966/2647
f 1085/2967/2654 1967/2968/2654 1086/2969/2654
f 1086/2969/2654 1968/2970/2654 1087/2971/2654
f 1087/2971/2654 1969/2972/2655 1088/2973/2655
f 1088/2973/2655 1959/2974/2655 1078/2949/2655
f 859/2504/2355 1978/2496/2355 1101/2975/2354
f 3465/2976/2656 1183/2977/2657 2359/2978/2657
f 3466/2979/2658 1993/2980/2658 3465/2981/2658
f 802/2480/2659 1997/2982/2659 1119/2983/2659
f 3476/2481/2660 1183/2984/2660 2002/2985/2660
f 1121/2986/2661 1996/2987/2662 1999/2988/2661
f 1120/2989/2663 1997/2990/2664 1998/2991/2665
f 1118/2992/2666 1998/2991/2666 1996/2987/2666
f 2067/2993/2667 1999/2988/2661 2069/2994/2668
f 565/2995/2669 1197/2342/2670 1502/2344/2669
f 2019/2996/2671 2032/2997/2672 2030/2393/2261
f 1444/2998/2673 2024/2999/2673 2023/3000/2673
f 4405/3001/2674 2038/3002/2674 1980/3003/2674
f 3467/1418/1208 2015/1411/1208 1116/1412/1208
f 1116/1412/2675 2014/1405/2675 1113/1406/2675
f 1113/1406/2676 2013/1401/2676 1110/1402/2676
f 1110/1402/2677 2012/1395/2677 1103/3004/2677
f 2012/1395/1185 1102/1385/1185 1103/3004/1185
f 2024/3005/2678 2029/3006/2679 2023/3007/2679
f 2023/3007/2680 2031/3008/2681 2022/3009/2681
f 2022/3009/2682 2033/3010/2683 2021/3011/2684
f 2021/3011/2684 2037/3012/2685 2036/3013/2686
f 2038/3014/2687 4421/3015/2688 2037/3012/2689
f 2030/3016/2690 2033/3010/2691 2031/3008/2690
f 2028/3017/2692 2031/3008/2693 2029/3006/2692
f 2029/3006/2694 2035/3018/2695 2028/3017/2695
f 2026/3019/2696 2035/3018/2696 2027/3020/2696
f 2017/2367/2697 2034/3021/2697 2016/3022/2697
f 1587/2386/2253 2022/3023/2698 2021/2384/2253
f 1209/3024/2699 2023/3000/2699 2022/3023/2699
f 2033/3010/2700 2038/3014/2701 2037/3012/2700
f 2036/3013/2686 4421/3015/2702 4410/3025/2702
f 1980/3003/2674 2032/2997/2672 2020/3026/2703
f 2020/2391/2704 1987/2396/2705 1980/2399/2706
f 1991/2389/2707 1987/2396/2264 1992/2390/2708
f 2038/3014/2709 4373/3027/2710 4420/3028/2710
f 1980/3029/2711 2039/3030/2712 2038/3031/2713
f 2051/2224/1906 2006/2135/2046 1687/2403/2046
f 2042/1633/2714 1687/2403/2046 1593/2218/2046
f 1603/1451/1244 2046/1656/1409 1596/2118/1897
f 1601/2127/1897 2043/1629/2715 1588/2119/1899
f 1599/2125/1897 2045/1653/1409 1595/2122/1897
f 1597/3032/1897 2044/1650/2716 1594/2124/1897
f 1596/2118/1897 2048/1658/1409 1599/2125/1897
f 1595/2122/1897 2086/1655/1410 2084/2126/1897
f 1594/2124/1897 2049/1652/2716 1601/2127/1897
f 2041/1631/2717 1593/2218/2046 1592/2128/1905
f 2040/1628/2718 1592/2128/1905 1591/2130/1908
f 2043/1629/2715 1591/2130/1908 1588/2119/1899
f 2042/3033/2719 1987/3034/2720 2051/3035/2721
f 2039/3036/2722 3627/3037/2722 4373/3027/2722
f 2055/3038/164 2054/3039/164 2056/3040/164
f 4446/3041/155 2053/3042/2723 4441/3043/2724
f 3629/3044/155 2055/3045/155 4446/3041/155
f 2040/3046/164 2056/3040/164 2041/3047/164
f 2041/3047/164 2039/3030/164 2042/3033/164
f 2038/3031/164 2056/3040/164 2054/3039/164
f 4455/3048/2725 4456/3049/2725 2038/3002/2725
f 2053/3050/2726 4447/1827/2726 4441/3051/2727
f 2060/3052/164 2058/3053/164 2057/3054/164
f 4453/3055/155 2058/3056/155 4448/3057/155
f 3661/3058/155 2059/3059/155 4453/3055/155
f 2049/3060/164 2060/3052/164 2043/3061/164
f 2060/3052/164 2040/3046/164 2043/3061/164
f 2055/3038/164 2057/3054/164 2053/3062/164
f 2057/3063/2728 4441/3064/2729 4454/3065/2728
f 2057/3063/2730 4448/3066/2731 2058/3067/2732
f 2062/3068/2733 2061/3069/2734 2054/3039/2735
f 2063/3070/2736 4441/3071/2736 4463/3072/2736
f 2037/3073/2737 4461/3074/2738 4421/3075/2737
f 2061/3076/2739 4462/3077/2740 4461/3074/2741
f 2062/3078/2742 4463/3079/2742 4462/3080/2742
f 3636/3081/2743 2064/3082/2743 2044/3083/2743
f 2044/3084/164 2059/3085/164 2049/3060/164
f 4464/3086/2743 2065/3087/2743 2064/3082/2743
f 2064/3088/164 2058/3053/164 2059/3085/164
f 4448/3089/2744 2065/3090/2744 4466/3091/2744
f 539/3092/82 505/3093/82 537/3094/82
f 537/3094/82 507/3095/82 535/3096/82
f 535/3097/164 509/3098/164 507/3099/164
f 533/3100/164 511/3101/164 509/3098/164
f 531/3102/164 513/3103/164 511/3101/164
f 529/3104/164 515/3105/164 513/3103/164
f 527/3106/164 517/3107/164 515/3105/164
f 525/3108/164 521/3109/164 519/3110/164
f 121/3111/2745 499/3112/2746 539/1570/2745
f 683/3113/2747 94/3114/2748 121/3111/2748
f 2358/3115/2749 663/3116/2750 683/3113/2747
f 1979/3117/2751 2034/3118/2751 2026/3119/2752
f 2025/3120/2753 2027/3020/2754 2024/3005/2755
f 2066/3121/2756 2026/3119/2756 2025/3122/2756
f 1445/3123/2757 2025/3124/2757 2024/2999/2758
f 3468/3125/2759 2069/2994/2668 1994/3126/2760
f 1999/2139/1921 2068/3127/2761 2069/1448/1241
f 3504/3128/2762 2036/3129/2763 4410/3130/2764
f 2084/2126/1897 2047/1662/2716 1597/3032/1897
f 1276/3131/2021 2085/1982/2021 1654/1977/2021
f 2078/1645/1896 1597/3032/1897 1277/2123/1896
f 2082/1981/1724 1544/1664/1404 1545/1980/1724
f 2085/1982/1723 1545/1980/1723 1654/1977/1723
f 2080/1786/1663 1397/1784/1533 1349/1675/1532
f 2079/1787/1536 1349/1675/1426 1271/1674/1425
f 2086/1655/1408 3645/3132/1408 2047/1662/1408
f 2083/1646/1404 1277/2123/1405 1544/1664/1404
f 167/1236/991 2077/1011/991 2071/1232/991
f 700/404/29 2070/385/29 168/1174/29
f 607/406/118 2074/1010/118 608/1009/118
f 608/1009/118 2077/1011/118 776/1007/118
f 426/567/364 2072/568/738 230/418/362
f 230/418/164 2071/570/164 162/416/164
f 2489/3133/29 2076/396/29 700/404/29
f 168/1174/118 2075/387/118 607/406/118
f 4481/3134/155 2088/3135/155 4492/3136/155
f 2086/3137/82 2087/3138/82 2088/3139/82
f 4492/3136/2765 2090/3140/2765 4495/3141/2765
f 2087/3138/2766 2090/3142/2766 2088/3139/2767
f 2047/3143/164 2064/3088/164 2044/3084/164
f 2065/3144/164 2087/3145/164 2089/3146/164
f 4497/3147/2768 2090/3148/2768 2089/3149/2768
f 4466/3091/2769 2089/3150/2770 4497/3151/2770
f 133/250/2771 2103/252/2771 29/252/2771
f 2091/617/415 4516/3152/2772 4499/618/416
f 438/3153/2773 2118/876/2774 852/876/2774
f 437/613/2775 2118/876/2774 2108/613/2775
f 438/520/2776 2099/3154/2776 2114/520/2776
f 133/250/2777 4517/502/2777 2094/250/2777
f 2109/3155/2778 2092/1274/2778 2091/617/2778
f 2099/256/2779 2105/3156/2780 2102/3157/2779
f 2102/3157/2781 2106/3158/2781 2101/254/2781
f 2101/254/2782 2107/3159/2782 2100/3160/2782
f 2100/3160/2783 2104/3161/2783 2098/1273/2783
f 2093/3162/2784 4518/3163/2784 4516/3152/2784
f 2095/3164/2785 4519/3165/2786 4518/3163/2786
f 4519/3166/2787 2097/3167/2788 4520/3168/2787
f 4520/3168/2789 2094/250/2789 4517/502/2789
f 2104/3161/2790 2095/3169/2791 2093/3162/2791
f 2107/3159/2792 2096/3170/2793 2095/3169/2785
f 2106/3171/2794 2097/3167/2788 2096/3172/2788
f 2105/3173/2795 2094/250/2795 2097/3167/2795
f 2099/3154/2796 2117/3174/2796 2114/520/2796
f 2102/3175/2797 2116/3176/2798 2117/3174/2798
f 2101/254/2799 2115/3177/2799 2116/3178/2799
f 2100/3160/2800 2113/3179/2800 2115/3177/2800
f 2109/3155/2801 4535/3180/2802 2112/3181/2802
f 2112/3181/2803 4534/3182/2803 2111/3183/2803
f 2111/3183/2804 4533/3184/2805 2110/3185/2804
f 2110/3185/2806 4531/614/2807 2108/613/2806
f 2119/1272/2808 2112/3181/2808 2122/3186/2808
f 2122/3186/2809 2111/3183/2810 2121/3187/2809
f 2121/3187/2811 2110/3185/2812 2120/3188/2811
f 2120/3188/2813 2108/613/2814 2118/876/2815
f 2113/3179/2816 2122/3186/2816 2115/3177/2817
f 2115/3177/2818 2121/3187/2818 2116/3189/2819
f 2116/3189/2820 2120/3188/2821 2117/3190/2820
f 2117/3190/2822 2118/876/2815 2114/3153/2823
f 2092/1274/2824 2104/3161/2825 2093/3162/2826
f 2124/3191/2827 2125/3192/2827 2123/3193/2827
f 2126/3194/2828 2127/3195/2829 2125/3192/2829
f 2128/3196/2830 2129/3197/2830 2127/3195/2830
f 2130/3198/2831 2131/3199/2831 2129/3197/2831
f 2132/3200/2832 2133/3201/2832 2131/3199/2832
f 2134/3202/2833 2135/3203/2833 2133/3201/2833
f 2136/3204/2834 2137/3205/2834 2135/3203/2834
f 2138/3206/2835 2139/3207/2836 2137/3205/2836
f 2140/3208/2837 2141/3209/2838 2139/3207/2838
f 2142/3210/2839 2143/3211/2839 2141/3209/2839
f 2144/3212/2840 2145/3213/2840 2143/3211/2840
f 2146/3214/2841 2147/3215/2841 2145/3213/2841
f 2148/3216/2842 2149/3217/2842 2147/3215/2842
f 2150/3218/2843 2151/3219/2843 2149/3217/2843
f 2152/3220/2844 2153/3221/2844 2151/3219/2844
f 2153/3221/2845 2156/3222/2845 2155/3223/2845
f 2155/3223/2846 2158/3224/2846 2157/3225/2846
f 2157/3225/2847 2160/3226/2847 2159/3227/2847
f 2160/3226/2848 2161/3228/2848 2159/3227/2848
f 2162/3229/2849 2163/3230/2849 2161/3228/2849
f 2164/3231/2850 2165/3232/2850 2163/3230/2850
f 2166/3233/2851 2167/3234/2851 2165/3232/2851
f 2168/3235/2852 2169/3236/2852 2167/3234/2852
f 2170/3237/2853 2171/3238/2854 2169/3236/2854
f 2172/3239/2855 2173/3240/2856 2171/3238/2856
f 2174/3241/2857 2175/3242/2858 2173/3240/2858
f 2176/3243/2859 2177/3244/2859 2175/3242/2859
f 2178/3245/2860 2179/3246/2860 2177/3244/2860
f 2180/3247/2861 2181/3248/2861 2179/3246/2861
f 2182/3249/2862 2183/3250/2862 2181/3248/2862
f 2176/3243/164 2160/3226/164 2144/3212/164
f 2184/3251/2863 2185/3252/2863 2183/3250/2863
f 2186/3253/2864 2123/3193/2864 2185/3252/2864
f 2185/3254/82 2137/3254/82 2153/3254/82
f 2188/3191/2827 2189/3192/2827 2187/3193/2827
f 2190/3194/2829 2191/3195/2829 2189/3192/2829
f 2192/3196/2830 2193/3197/2830 2191/3195/2830
f 2194/3198/2831 2195/3199/2831 2193/3197/2831
f 2196/3200/2832 2197/3201/2832 2195/3199/2832
f 2198/3202/2833 2199/3203/2833 2197/3201/2833
f 2200/3204/2834 2201/3205/2834 2199/3203/2834
f 2202/3206/2836 2203/3207/2836 2201/3205/2836
f 2204/3208/2837 2205/3209/2837 2203/3207/2837
f 2206/3210/2839 2207/3211/2839 2205/3209/2839
f 2208/3212/2840 2209/3213/2840 2207/3211/2840
f 2210/3214/2841 2211/3215/2841 2209/3213/2841
f 2212/3216/2842 2213/3217/2842 2211/3215/2842
f 2214/3218/2843 2215/3219/2843 2213/3217/2843
f 2216/3220/2844 2217/3221/2844 2215/3219/2844
f 2217/3221/2845 2220/3222/2845 2219/3223/2845
f 2219/3223/2846 2222/3224/2846 2221/3225/2846
f 2221/3225/2847 2224/3226/2847 2223/3227/2847
f 2224/3226/2848 2225/3228/2848 2223/3227/2848
f 2226/3229/2849 2227/3230/2849 2225/3228/2849
f 2228/3231/2850 2229/3232/2850 2227/3230/2850
f 2230/3233/2851 2231/3234/2851 2229/3232/2851
f 2232/3235/2865 2233/3236/2852 2231/3234/2852
f 2234/3237/2854 2235/3238/2853 2233/3236/2853
f 2236/3239/2856 2237/3240/2855 2235/3238/2855
f 2237/3240/2858 2240/3243/2857 2239/3242/2858
f 2240/3243/2859 2241/3244/2859 2239/3242/2859
f 2242/3245/2860 2243/3246/2860 2241/3244/2860
f 2244/3247/2861 2245/3248/2861 2243/3246/2861
f 2246/3249/2862 2247/3250/2862 2245/3248/2862
f 2240/3243/164 2224/3226/164 2208/3212/164
f 2248/3251/2863 2249/3252/2863 2247/3250/2863
f 2250/3253/2864 2187/3193/2864 2249/3252/2864
f 2201/3254/82 2217/3254/82 2233/3254/82
f 3135/2/2866 2252/1/2866 3133/3/2866
f 3136/5/2867 2511/4/2867 3143/6/2867
f 2385/8/2868 2517/7/2868 2521/9/2868
f 3193/12/2869 2257/11/2869 2256/10/2869
f 2993/14/2870 2502/13/2870 3049/15/2870
f 2991/16/2871 2267/17/2872 2260/410/2873
f 2493/20/2874 2988/19/2874 3045/21/2874
f 3047/22/2875 2261/23/2875 2987/248/2875
f 2270/26/2876 3468/3255/2876 4469/25/2877
f 3091/29/2878 2884/28/2878 2882/30/2878
f 2996/32/2879 2458/31/2879 3035/33/2879
f 3033/34/2880 2276/35/2880 2454/325/2880
f 3032/37/2881 2278/38/2881 2451/317/2881
f 3031/40/2882 2280/41/2882 2448/309/2882
f 2999/42/2883 2282/43/2883 2280/41/2883
f 3000/44/2884 2284/45/2884 2282/43/2884
f 3030/47/2885 2286/48/2885 2445/299/2885
f 3029/50/2886 2288/51/2887 2442/289/2887
f 3003/52/2888 2290/53/2889 2288/51/2890
f 3005/56/2891 3155/55/2892 3178/57/2893
f 2298/59/2894 2507/3256/2894 3050/58/2894
f 2437/62/2895 2300/61/2896 2436/63/2895
f 2438/65/2897 2302/64/2898 2437/66/2899
f 2438/65/2897 2437/66/2899 2433/67/2900
f 2404/70/2901 2308/69/2902 2403/71/2902
f 2405/73/2903 2310/72/2904 2404/70/2903
f 2406/75/2905 2528/74/2905 2531/76/2905
f 2407/78/2906 2523/77/2907 2527/79/2908
f 2386/80/2909 2320/81/2909 2407/78/2910
f 3054/83/2911 2321/84/2911 2544/615/2911
f 3008/87/2912 2321/86/2913 3007/88/2914
f 3009/90/2915 2322/89/2916 3008/87/2917
f 3010/92/2918 2324/91/2918 3009/90/2918
f 3011/94/2919 2326/93/2919 3010/92/2919
f 3012/96/2920 2328/95/2920 3011/94/2920
f 3013/98/2921 2330/97/2921 3012/96/2921
f 3014/100/2922 2332/99/2922 3013/98/2922
f 3015/102/2923 2334/101/2923 3014/100/2923
f 3016/104/2924 2336/103/2924 3015/102/2924
f 3016/105/2925 2340/106/2925 2338/3257/2925
f 3017/107/2926 2342/108/2926 2340/106/2926
f 3018/109/2927 2344/110/2928 2342/108/2928
f 3019/111/2929 2346/112/2929 2344/110/2929
f 3020/113/2930 2348/114/2930 2346/112/2930
f 3021/115/2931 2350/116/2931 2348/114/2931
f 3022/117/2932 2352/118/2932 2350/116/2932
f 3023/119/2933 2353/120/2933 2352/118/2933
f 3024/121/2934 2355/122/2934 2353/120/2934
f 3025/123/2935 2356/124/2935 2355/122/2935
f 3026/125/2936 2358/126/2936 2356/124/2936
f 3027/127/2937 2359/128/2937 2358/126/2937
f 2973/130/2938 2435/131/2939 2534/486/2940
f 2433/133/2941 2436/63/2942 2402/134/2943
f 3476/135/2944 3028/129/2944 3480/136/2944
f 3477/138/2945 2885/137/2946 3479/139/2947
f 2539/1353/164 2376/1355/164 2303/142/164
f 2533/143/164 2441/144/164 2303/142/164
f 2883/146/2948 2428/147/2948 2427/947/2949
f 2882/30/2878 2883/146/2878 2881/148/2878
f 2880/149/2950 2881/148/2950 2879/150/2950
f 2877/151/2951 2423/152/2951 2422/154/2951
f 2875/153/2952 2422/154/2953 2421/156/2953
f 2873/155/2954 2421/156/2954 2420/158/2954
f 2871/157/2955 2420/158/2955 2419/160/2955
f 2869/159/2956 2419/160/2956 2418/162/2956
f 2867/161/2957 2418/162/2957 2417/164/2957
f 2865/163/2958 2417/164/2958 2416/1181/2958
f 2865/166/2959 2415/165/2959 2863/167/2959
f 2863/167/2960 2414/168/2960 2861/169/2960
f 2861/169/2961 2413/170/2961 2859/171/2961
f 2859/171/2962 2412/172/2962 2857/173/2962
f 2857/173/2963 2411/174/2963 2855/175/2963
f 2855/175/2964 2410/176/2964 2853/177/2964
f 2853/177/2965 2409/178/2965 2851/179/2965
f 2851/179/2966 2408/180/2966 2849/181/2967
f 2849/181/2968 2400/182/2969 2843/183/2970
f 3193/12/2971 2407/78/2971 3192/184/2971
f 3192/184/2972 2527/79/2972 3195/185/2972
f 3191/186/2973 2531/76/2974 3197/187/2975
f 3186/188/2976 2404/70/2977 3185/189/2978
f 3185/189/2979 2403/71/2980 3184/190/2981
f 2432/191/2982 2972/192/2983 2431/264/2984
f 2845/195/2985 2508/194/2985 2963/196/2985
f 2839/198/2986 3156/197/2987 3177/199/2988
f 2835/200/2989 2397/201/2990 2396/204/2991
f 2919/203/2992 2396/204/2993 2444/288/2994
f 2921/205/2995 2395/206/2995 2447/297/2995
f 2829/208/2996 2394/209/2996 2393/212/2996
f 2827/211/2997 2393/212/2997 2392/214/2997
f 2923/213/2998 2392/214/2998 2450/308/2998
f 2925/215/2999 2391/216/2999 2453/316/2999
f 2927/218/3000 2390/219/3000 2456/324/3000
f 2821/222/3001 2462/221/3001 2931/223/3001
f 2933/224/3002 2820/225/3002 2819/329/3002
f 3472/227/3003 2387/228/3004 3470/1183/3005
f 2958/230/3006 2381/231/3007 2912/1060/3006
f 2494/234/3008 2914/233/3008 2954/235/3008
f 2811/236/3009 2379/237/3009 2378/409/3009
f 2815/240/3010 2504/239/3010 2961/241/3010
f 2266/82/3011 2385/8/3011 2265/242/3011
f 2265/242/3012 2521/9/3012 2519/243/3012
f 2990/245/3013 2515/244/3013 3052/246/3013
f 2989/247/3014 2381/231/3014 2987/248/3014
f 2440/250/3015 2304/249/3016 2438/251/3017
f 2306/252/3018 2438/251/3019 2303/253/3020
f 2547/254/3021 4511/255/3021 2306/255/3021
f 2439/258/155 2300/257/155 2429/259/155
f 2301/260/3022 2402/134/3023 2299/261/3022
f 2401/60/3024 2429/262/3024 2298/59/3024
f 3125/265/3025 2431/264/2984 2972/192/2983
f 2441/266/3026 3125/265/3026 2374/267/3027
f 2971/268/82 2432/270/82 2845/269/82
f 2439/263/3028 2845/195/3029 2432/191/3028
f 2905/3258/82 2847/273/82 2895/271/82
f 2429/262/3030 2438/251/3031 2304/249/3030
f 2432/275/155 2436/274/155 2439/258/155
f 2441/277/82 2301/276/82 2299/278/82
f 2299/280/155 2402/3259/155 2431/279/155
f 2430/283/3032 2431/282/3033 2303/284/3032
f 2680/285/3034 2643/286/3034 2699/746/3035
f 2833/207/3036 2444/288/2994 2395/206/3037
f 3002/49/3038 2442/289/3039 2286/48/3040
f 2783/291/3041 2443/290/3042 2760/292/3041
f 2673/294/3043 2698/293/3044 2696/295/3045
f 2831/296/2995 2447/297/2995 2394/1180/2995
f 3001/298/2885 2445/299/2885 2284/3260/2885
f 2784/301/3046 2446/300/3046 2761/302/3047
f 2655/304/3048 2697/303/3049 2683/305/3050
f 2667/306/3051 2696/295/3052 2695/307/3053
f 2825/217/2998 2450/308/2998 2391/216/2998
f 2998/39/2882 2448/309/2882 2278/38/2882
f 2762/310/3054 2279/311/3055 2449/1204/3056
f 2674/314/3057 2695/313/3058 2681/315/3059
f 2823/220/2999 2453/316/2999 2390/219/2999
f 2997/36/2881 2451/317/2881 2276/35/2881
f 2763/318/3060 2277/319/3060 2452/887/3060
f 2677/321/82 2657/322/82 2669/341/82
f 2821/222/3000 2456/324/3000 2389/1179/3000
f 2996/32/2880 2454/325/2880 2274/3261/2880
f 2789/327/3061 2455/326/3062 2764/328/3061
f 2819/329/3001 2930/330/3001 2929/332/3001
f 2931/223/3001 2461/331/3001 2929/332/3001
f 3090/333/2950 2882/30/2950 2880/149/2950
f 3035/33/2879 2457/334/2879 3034/335/2879
f 2790/337/3063 2459/336/3063 2765/338/3063
f 2765/338/3064 2460/339/3064 2766/340/3064
f 2669/341/82 2656/342/82 2676/593/82
f 2679/343/3065 2642/287/3065 2680/285/3066
f 2933/224/3002 2387/345/3067 2817/346/3067
f 2935/348/3068 2380/347/3068 2815/349/3068
f 3036/351/3069 2270/350/3070 2994/352/3070
f 2691/353/3071 2658/354/3071 2694/739/3071
f 2768/356/3072 2465/357/3072 2269/1223/3072
f 3037/360/3073 2268/359/3074 2993/361/3073
f 2399/363/3075 2940/362/3076 2841/364/3075
f 2479/366/3076 2942/365/3077 2940/362/3076
f 2478/368/3077 2944/367/3078 2942/365/3077
f 2296/370/3079 3038/369/3080 3006/371/3079
f 2473/373/3080 3039/372/3081 3038/369/3080
f 2472/375/3081 3040/374/2944 3039/372/3081
f 2475/377/82 2476/1265/82 3182/376/82
f 2567/378/82 2474/379/82 2475/377/82
f 2569/381/82 2474/379/82 2568/380/82
f 2945/383/2985 2506/382/2985 2959/384/2985
f 2947/386/2985 4473/385/2985 4478/387/2985
f 2949/389/2985 2497/388/2985 2955/390/2985
f 3041/392/2894 2505/391/2894 3048/393/2894
f 3042/395/2894 4472/394/2894 4479/396/2894
f 3043/398/2894 2495/397/2894 3046/399/2894
f 2570/401/82 2503/400/82 2575/402/82
f 3044/404/2894 2480/403/2894 3041/392/2894
f 2951/406/2985 2486/405/2985 2945/383/2985
f 2571/408/82 2485/407/82 2570/401/82
f 2378/409/3082 2954/235/3083 2811/236/3084
f 2260/410/2874 3045/21/2874 2991/16/2874
f 3259/3262/3085 3258/3263/3085 4476/412/3086
f 3046/399/2894 2481/414/2894 3042/395/2894
f 2955/390/2985 2487/415/2985 2947/386/2985
f 2573/417/82 2484/416/82 2572/418/82
f 2914/233/3087 2500/232/3007 2958/230/3006
f 2988/19/2875 2499/24/2875 3047/22/2875
f 3270/422/3088 3271/3264/3088 2498/421/3088
f 2575/402/82 2295/424/82 2569/381/82
f 3048/393/2894 2296/370/3079 3006/371/3079
f 2959/384/2985 2399/363/3075 2841/364/3075
f 2813/238/3089 2504/239/3089 2379/237/3089
f 3049/15/3090 2267/17/3090 2992/18/3090
f 2963/196/2985 2488/425/2985 2949/389/2985
f 3050/58/2894 2482/426/2894 3043/398/2894
f 2576/428/82 2483/427/82 2574/429/82
f 2577/431/82 2509/430/82 2576/428/82
f 3051/433/3013 2383/432/3013 2989/247/3013
f 3052/246/3013 2514/434/3013 3051/433/3013
f 3142/436/2867 2254/435/2867 3135/2/2867
f 3143/6/2867 2510/437/2867 3142/436/2867
f 2799/439/3091 3383/438/3091 2773/440/3091
f 2773/440/3092 3384/441/3093 2774/442/3094
f 2738/443/3095 2616/444/3096 2740/672/3097
f 3053/447/3098 2384/446/3099 2990/245/3098
f 2521/9/3100 2520/975/3100 3053/447/3100
f 3144/449/3101 2255/448/3101 3136/5/3101
f 2969/450/3102 2970/977/3102 2521/9/3102
f 2800/452/3103 3365/451/3104 2775/453/3105
f 2775/453/3105 3365/451/3104 3350/454/3106
f 2629/456/3107 2739/455/3108 2735/457/3109
f 2734/458/3110 2633/459/3111 2738/3265/3112
f 2722/461/3113 2610/462/3114 2737/859/3115
f 3194/464/3116 2406/75/3117 3191/186/3117
f 3195/185/3118 2526/465/3118 3194/464/3118
f 2526/465/3119 2318/466/3120 2406/75/3119
f 2527/79/2908 2522/467/3121 2526/465/3121
f 3419/3266/3122 2777/470/3123 3422/468/3122
f 2778/473/3124 3436/3267/3125 3435/472/3124
f 2600/475/3126 2736/474/3127 2724/476/3128
f 2804/478/3129 2529/477/3130 2779/479/3130
f 2779/479/3131 2530/480/3132 2780/481/3133
f 2630/482/3134 2735/457/3135 2733/483/3136
f 2434/484/3137 2532/485/3138 2375/3268/3139
f 2534/486/3140 2377/487/3141 2532/485/3138
f 2971/193/3142 2534/486/2940 2434/484/3143
f 2715/488/3144 2634/460/3145 2734/458/3145
f 2613/490/3146 2733/483/3147 2714/491/3148
f 2540/492/3149 2435/131/3150 2541/501/3151
f 2440/250/3152 2981/493/3153 2982/1239/3154
f 3128/496/3155 2542/495/3156 3130/497/3157
f 2543/498/3158 2535/499/3159 2538/494/3160
f 2537/500/3161 2541/501/3151 2535/499/3159
f 2440/250/3162 2543/498/3163 2538/494/3164
f 2535/499/3165 2979/503/3166 2977/504/3167
f 3127/506/3168 2539/505/3169 3129/507/3169
f 2604/509/3170 2732/508/3171 2727/510/3172
f 2614/512/3173 2714/511/3174 2713/513/3174
f 2720/514/3175 2617/489/3175 2715/488/3176
f 2615/517/3177 2717/516/3178 2716/518/3177
f 2782/520/3179 2596/519/3179 2810/521/3180
f 2810/521/3181 2595/522/3182 2809/523/3182
f 2809/523/3183 2594/524/3184 2808/525/3184
f 2808/525/3185 2593/526/3186 2807/527/3185
f 2807/527/3187 2592/528/3188 2806/529/3189
f 2806/529/3189 2591/530/3190 2805/531/3190
f 2805/531/3191 3439/532/3192 3444/533/3193
f 2718/534/3194 2626/535/3194 2719/702/3195
f 2725/537/3196 2618/515/3197 2720/514/3196
f 2804/478/3198 2587/539/3198 2778/473/3198
f 2721/540/3199 2609/463/3200 2722/461/3201
f 2599/542/3202 2724/476/3203 2723/543/3204
f 2803/545/3205 2584/544/3206 2802/546/3207
f 2802/546/3207 2583/547/3208 2801/548/3209
f 2801/548/3210 2582/549/3211 2776/550/3211
f 2729/551/3212 2619/538/3213 2725/537/3214
f 2603/553/3215 2727/510/3216 2726/554/3217
f 2774/442/3218 2580/555/3219 2579/943/3220
f 2728/556/3221 2635/552/3221 2729/551/3221
f 2730/558/3222 2625/559/3222 2731/691/3223
f 2799/439/3224 2576/428/3225 2798/561/3226
f 2798/561/3226 2574/429/3227 2771/562/3228
f 2772/563/3229 2569/381/3230 2794/564/3231
f 2496/565/82 2574/429/82 2483/427/82
f 2797/566/3232 2572/418/3233 2770/567/3234
f 2490/569/82 4475/568/82 4474/570/82
f 2796/411/3235 2570/401/3236 2795/571/3237
f 2795/571/3237 2575/402/3238 2772/563/3229
f 2794/564/3231 2568/380/3239 2793/572/3239
f 2792/573/3240 2568/380/3241 2567/378/3240
f 2769/574/3242 2567/378/3243 2566/1267/3243
f 2467/575/3244 3147/576/3244 3116/1019/3244
f 2668/578/3245 2681/315/3246 2687/579/3247
f 2654/580/3248 2683/305/3248 2682/581/3248
f 2675/582/3249 2687/579/3250 2690/583/3251
f 3164/585/3252 2559/584/3253 3171/586/3254
f 2693/587/3255 2660/588/3255 2688/802/3255
f 3163/591/3256 2557/590/3257 3170/592/3258
f 2676/593/3259 2690/583/3260 2689/594/3259
f 3162/596/3261 2555/595/3262 3169/597/3263
f 3161/599/3264 2553/598/3265 3160/600/3266
f 3160/600/3267 2552/601/3268 3159/602/3269
f 3159/602/3269 2551/603/3270 3168/604/3271
f 3158/606/3272 2549/605/3273 3167/607/3274
f 2692/608/3275 2661/589/3275 2693/587/3275
f 3157/611/3276 2291/610/3277 3166/612/3278
f 4531/614/3279 2781/613/3280 2758/614/3279
f 3005/56/3281 2544/615/3282 2292/3269/3283
f 4532/616/3284 4498/617/3285 4522/3155/3286
f 2632/619/82 2600/620/82 2599/657/82
f 2617/623/82 2602/622/82 2634/624/82
f 2618/626/82 2603/625/82 2617/623/82
f 2619/628/82 2604/627/82 2618/626/82
f 2620/630/82 2607/629/82 2636/631/82
f 2621/633/82 3440/632/82 3441/634/82
f 2623/636/82 2611/635/82 2621/633/82
f 2624/638/82 2612/637/82 2623/636/82
f 2628/640/82 2622/639/82 2624/638/82
f 2629/642/82 2625/641/82 2628/640/82
f 2630/644/82 2627/643/82 2629/642/82
f 2613/646/82 2626/645/82 2630/644/82
f 2609/648/82 2638/647/82 2610/649/82
f 2608/651/82 2637/650/82 2609/648/82
f 2606/652/82 2636/631/82 2607/629/82
f 2605/654/82 2635/653/82 2606/652/82
f 2602/622/82 2633/655/82 2634/624/82
f 2601/656/82 2616/621/82 2633/655/82
f 2599/657/82 2631/658/82 2632/619/82
f 2597/659/82 2615/660/82 2631/658/82
f 2732/508/3287 2606/662/3287 2741/686/3288
f 2742/664/3289 2622/560/3290 2730/558/3291
f 2628/667/3292 2743/666/3293 2739/455/3294
f 3443/668/3295 2611/669/3296 2744/681/3297
f 2616/444/3298 2745/671/3299 2740/672/3300
f 2624/674/3301 2746/673/3302 2743/666/3303
f 2601/676/3304 2747/675/3305 2736/474/3306
f 2632/678/3307 2748/677/3308 2745/671/3309
f 2623/680/3310 2749/679/3311 2746/673/3312
f 2744/681/3313 2612/665/3314 2742/664/3289
f 2631/682/3315 2716/518/3316 2748/677/3317
f 2717/683/3318 2597/684/3319 2750/699/3319
f 2741/686/3320 2607/687/3321 2751/700/3320
f 3442/688/3322 2638/689/3323 2752/828/3323
f 2731/691/3324 2627/536/3325 2718/534/3326
f 2752/692/3327 2637/693/3328 2753/697/3327
f 2602/695/3329 2726/554/3330 2747/696/3330
f 2753/697/3331 2620/698/3332 2754/701/3332
f 2750/699/3333 2599/542/3333 2723/543/3334
f 2751/700/3335 2608/541/3336 2721/540/3336
f 2754/701/3337 2636/557/3338 2728/556/3339
f 2719/702/3340 2614/703/3340 2713/3270/3341
f 2639/704/82 2641/705/82 2640/3271/82
f 2660/706/82 2642/707/82 2641/705/82
f 2670/709/82 2644/710/82 2643/736/82
f 2671/712/82 2646/713/82 2645/735/82
f 2663/714/82 2647/715/82 2646/713/82
f 2665/717/82 2647/715/82 2664/716/82
f 2666/719/82 2649/718/82 2672/720/82
f 2667/722/82 2651/721/82 2673/723/82
f 2668/578/82 2653/724/82 2674/314/82
f 2691/353/3342 2656/725/3342 2657/355/3342
f 2658/323/82 2678/726/82 2659/727/82
f 2711/728/3343 2677/321/3344 2669/341/3344
f 2655/730/82 2676/593/82 2656/342/82
f 2654/731/82 2675/582/82 2655/730/82
f 2652/732/82 2674/314/82 2653/724/82
f 2650/733/82 2673/723/82 2651/721/82
f 2648/734/82 2672/720/82 2649/718/82
f 2645/735/82 2662/711/82 2671/712/82
f 2643/736/82 2661/708/82 2670/709/82
f 2666/738/3345 2701/737/3345 2698/293/3346
f 2694/739/3347 2659/740/3347 2702/3272/3347
f 2672/742/3348 2703/741/3348 2701/737/3349
f 2689/594/3350 2669/341/3351 2676/593/3352
f 2665/744/3353 2704/743/3353 2703/741/3354
f 2678/726/3355 2705/729/3356 2706/745/3357
f 2699/746/3358 2644/747/3358 2707/760/3358
f 2700/748/3359 2653/749/3360 2708/767/3360
f 2664/752/3361 2709/751/3362 2704/753/3363
f 2691/353/3364 2357/754/3364 2354/755/3364
f 2663/757/3365 2710/756/3366 2709/751/3367
f 2710/756/3368 2662/758/3369 2712/768/3370
f 2707/760/3371 2645/761/3371 2686/780/3371
f 2697/303/3372 2354/755/3373 2351/762/3372
f 2659/764/3374 2706/763/3375 2702/765/3374
f 2653/749/3376 2682/766/3376 2708/767/3376
f 2712/768/3377 2670/609/3377 2692/608/3377
f 2685/769/3378 2641/344/3378 2679/343/3378
f 2294/771/3379 2679/343/3379 2293/808/3380
f 3173/772/3381 2791/773/3381 3165/782/3381
f 2712/768/3382 2549/774/3383 2550/775/3383
f 2345/776/3384 2682/581/3385 2347/804/3384
f 2360/778/3386 2706/763/3386 2565/3273/3387
f 2327/779/3388 2686/780/3388 2329/1198/3389
f 2710/756/3390 2550/775/3391 2551/781/3392
f 2767/358/3393 3165/782/3394 2791/773/3393
f 2563/784/3395 2689/785/3396 2562/3274/3397
f 2709/751/3398 2551/781/3398 2552/787/3398
f 2704/753/3399 2552/787/3400 2553/788/3401
f 2700/789/3402 2345/776/3402 2343/790/3403
f 2325/791/3404 2707/760/3404 2327/779/3404
f 2706/745/3405 2564/792/3405 2565/793/3405
f 2703/741/3406 2553/794/3406 2554/795/3407
f 2701/737/3408 2554/795/3408 2555/796/3408
f 2694/739/3409 2360/797/3410 2357/754/3410
f 2698/293/3411 2555/796/3412 2556/798/3413
f 2549/774/3414 2693/587/3415 2548/801/3415
f 2705/729/3416 2563/799/3416 2564/792/3417
f 2562/800/3418 2690/583/3418 2561/803/3419
f 2548/801/3420 2688/802/3421 2291/3275/3422
f 2561/803/3423 2687/579/3423 2560/1254/3424
f 2347/804/3425 2683/305/3425 2349/811/3426
f 2560/805/3427 2681/806/3428 2559/809/3429
f 2293/808/3430 2680/285/3431 2323/813/3432
f 2559/809/3433 2695/307/3434 2558/810/3435
f 2558/810/3436 2696/295/3437 2557/812/3436
f 2349/811/3438 2697/303/3438 2351/762/3438
f 2557/812/3439 2698/293/3044 2556/798/3440
f 2323/813/3441 2699/746/3441 2325/791/3442
f 2719/702/3443 2306/252/3443 2542/495/3443
f 2754/701/3444 2587/814/3445 2588/815/3444
f 2370/816/3446 2721/540/3447 2371/848/3447
f 2750/699/3448 2362/817/3449 2361/818/3450
f 2753/820/3451 2588/819/3452 2589/821/3452
f 2365/822/3453 2726/823/3454 2366/844/3455
f 2590/825/3456 2753/697/3457 2589/3276/3458
f 2731/691/3459 2536/826/3460 2539/505/3461
f 3439/827/3462 2752/828/3463 2590/3277/3464
f 2369/829/3465 2751/700/3465 2370/816/3465
f 2297/830/3466 2750/699/3467 2361/818/3467
f 2748/677/3468 2577/831/3469 2578/832/3468
f 2744/681/3470 2533/833/3471 2374/267/3470
f 2592/834/3472 2749/679/3473 2591/3278/3472
f 2745/671/3474 2578/832/3474 2579/835/3475
f 2364/836/3476 2747/675/3476 2365/1189/3477
f 2593/837/3478 2746/673/3479 2592/834/3479
f 2740/672/3480 2579/835/3481 2580/838/3480
f 3443/668/3482 2374/267/3483 3438/839/3482
f 2594/840/3484 2743/666/3485 2593/837/3486
f 2742/664/3487 2376/841/3487 2533/833/3488
f 2368/842/3489 2741/686/3490 2369/829/3491
f 2730/558/3492 2539/505/3461 2376/841/3493
f 2728/556/3494 2586/843/3494 2587/814/3494
f 2366/844/3495 2727/845/3496 2367/1375/3497
f 2729/551/3498 2585/846/3499 2586/843/3500
f 2723/543/3501 2363/847/3501 2362/817/3501
f 2371/848/3502 2722/461/3503 2372/858/3504
f 2725/537/3505 2584/849/3506 2585/846/3505
f 2718/534/3507 2542/495/3507 2536/826/3507
f 2716/851/3508 2297/850/3509 2577/852/3509
f 2720/514/3510 2583/853/3510 2584/849/3511
f 2306/255/3512 2714/511/3512 2547/254/3512
f 2367/854/3513 2732/508/3514 2368/842/3514
f 2547/855/3515 2733/483/3516 2596/857/3515
f 2715/488/3517 2582/856/3518 2583/853/3518
f 2596/857/3519 2735/457/3519 2595/861/3520
f 2363/847/3521 2736/474/3521 2364/836/3521
f 2372/858/3522 2737/859/3523 2373/1186/3523
f 2734/458/3524 2581/860/3525 2582/856/3525
f 2595/861/3526 2739/455/3527 2594/840/3527
f 2738/443/3528 2580/838/3528 2581/862/3528
f 2400/864/3529 2983/863/3530 2843/865/3531
f 2983/863/3532 2398/866/3533 2839/198/3534
f 2639/868/3535 2685/867/3536 2684/869/3535
f 2660/588/3537 2684/870/3537 2688/802/3537
f 2294/871/3538 2684/869/3538 2685/867/3538
f 2688/873/3539 2755/872/3539 2291/874/3540
f 2758/614/3541 2403/71/3542 2308/69/3541
f 3198/876/670 2307/875/670 3184/190/670
f 2289/877/3543 2783/291/3543 2757/3279/3543
f 2285/879/3544 2760/292/3545 2443/290/3545
f 2283/880/3546 2761/302/3547 2446/300/3547
f 2281/882/3548 2785/881/3549 2283/883/3548
f 2281/882/3550 2787/884/3550 2786/1258/3550
f 2449/886/3551 2788/320/3552 2762/1259/3552
f 2452/887/3553 2789/327/3553 2763/318/3553
f 2273/889/3554 2764/328/3555 2455/326/3554
f 2467/890/3556 2792/573/3557 2769/574/3557
f 3247/3280/3558 3248/3281/3558 2792/573/3559
f 3232/895/3560 3231/894/3560 2469/896/3560
f 2258/899/3561 3220/898/3561 3221/897/3562
f 3211/900/3563 3216/3282/3563 2251/902/3564
f 2253/905/3565 3264/3283/3565 3262/3284/3565
f 2501/908/3566 3228/907/3566 3227/906/3567
f 3306/3285/3568 3304/3286/3568 2498/421/3569
f 3288/913/3570 3290/912/3570 2252/911/3571
f 3375/3287/3572 3376/3288/3573 2255/916/3574
f 3366/3289/3575 3368/3290/3575 2256/919/3576
f 3357/3291/3577 3358/3292/3578 2257/922/3578
f 3352/3293/3579 3353/3294/3579 2319/925/3580
f 2317/926/3581 2778/473/3582 2525/927/3582
f 2316/928/3583 3444/533/3584 3437/929/3585
f 2315/930/3586 2805/531/3586 2316/928/3586
f 2314/931/3587 2806/529/3588 2315/930/3587
f 2313/932/3589 2807/527/3589 2314/931/3589
f 2311/933/3590 2808/525/3591 2313/932/3590
f 2309/934/3592 2809/523/3593 2311/933/3592
f 2307/875/3594 2810/935/3594 2309/936/3594
f 2589/937/3595 2780/481/3595 2590/938/3595
f 2588/939/3596 2779/479/3596 2589/937/3597
f 2586/940/3598 2778/473/3598 2587/539/3598
f 2585/941/3599 2777/470/3600 2586/940/3600
f 2581/942/3601 2776/550/3601 2582/549/3601
f 2580/555/3602 2775/453/3602 2581/942/3603
f 2579/943/3220 2773/440/3604 2774/442/3218
f 2578/944/3605 2799/439/3605 2773/440/3605
f 2573/417/3606 2771/562/3228 2574/429/3227
f 2571/408/3607 4476/412/3608 4475/568/3609
f 3174/783/3610 2768/356/3610 3175/945/3610
f 2883/146/3611 2427/947/3612 2426/946/3612
f 2881/148/3613 2425/949/3613 2424/948/3613
f 3172/950/3614 2766/340/3615 3173/772/3616
f 3164/585/3252 2765/338/3617 3172/950/3614
f 3163/591/3618 2764/328/3619 3171/586/3254
f 3162/596/3261 2763/318/3620 3170/592/3258
f 3169/597/3263 2787/884/3621 2762/1259/3622
f 3158/606/3272 2761/951/3623 3168/604/3271
f 3157/611/3624 2760/952/3625 3167/607/3626
f 2837/953/3627 2759/954/3628 2397/1167/3629
f 3004/956/3630 2756/957/3631 2290/3295/3632
f 3069/959/3633 2986/960/3634 2838/962/3635
f 2838/962/3635 2985/955/3636 2837/953/3627
f 3131/964/3637 2840/963/3638 3070/965/3639
f 2984/966/3640 2839/198/3534 2840/963/3638
f 2844/967/3641 3131/964/3642 3072/968/3643
f 2843/865/3531 2984/966/3644 2844/967/3641
f 2541/501/3645 2975/132/3646 2979/503/3166
f 2979/503/3166 2976/969/3647 2980/971/3648
f 2978/970/3649 3129/507/3650 3128/496/3651
f 2977/504/3167 2980/971/3648 2978/970/3649
f 2538/494/3652 2977/504/3167 2981/493/3153
f 2981/493/3153 2978/970/3649 2982/1239/3154
f 3125/265/3653 2974/972/3654 2972/192/3655
f 2972/192/3655 2973/130/2938 2971/193/3142
f 2520/975/3656 2918/974/3657 2384/446/3656
f 2970/977/3658 2917/976/3659 2918/974/3657
f 2515/244/3660 2966/978/3661 2514/434/3660
f 2968/980/3661 2965/979/3662 2966/978/3661
f 2514/434/3660 2916/981/3663 2383/432/3660
f 2966/978/3661 2915/982/3662 2916/981/3663
f 3124/984/2985 2950/983/2985 3119/985/2985
f 2964/986/2985 2949/389/2985 2950/983/2985
f 3057/987/3664 2962/988/3664 2814/990/3665
f 2814/990/3666 2961/241/3666 2813/238/3666
f 3122/992/2985 2842/991/3075 3071/993/3075
f 2960/994/2985 2841/364/3075 2842/991/3075
f 3134/995/3667 2957/996/3667 3141/1058/3667
f 2913/997/3668 2958/230/3006 2957/996/3669
f 3121/999/2985 2948/998/2985 3118/1000/2985
f 2956/1001/2985 2947/386/2985 2948/998/2985
f 2812/1003/3670 3140/1002/3671 3056/1004/3671
f 2811/236/3672 2953/1005/3673 2812/1003/3673
f 3120/1007/2985 2946/1006/2985 3117/1008/2985
f 2952/1009/2985 2945/383/2985 2946/1006/2985
f 3119/985/2985 2956/1001/2985 3121/999/2985
f 2950/983/2985 2955/390/2985 2956/1001/2985
f 3118/1000/2985 4477/1010/2985 4480/1011/2985
f 2948/998/2985 4478/387/2985 4477/1010/2985
f 3117/1008/2985 2960/994/2985 3122/992/2985
f 2946/1006/2985 2959/384/2985 2960/994/2985
f 2941/1013/3077 3139/1012/3674 3138/1014/3077
f 2942/365/3077 2943/1015/3675 2941/1013/3077
f 2939/1016/3076 3138/1014/3077 3137/1017/3076
f 2940/362/3076 2941/1013/3077 2939/1016/3076
f 2842/991/3075 3137/1017/3076 3071/993/3075
f 2841/364/3075 2939/1016/3076 2842/991/3075
f 3116/1019/803 2937/1018/803 3115/1020/803
f 3058/1021/3676 2936/1022/3677 2816/1057/3676
f 2816/1024/3678 2935/348/3678 2815/349/3678
f 2563/799/3679 3174/783/3679 2564/792/3679
f 2995/1027/3069 2464/1026/3070 3036/351/3069
f 3113/1029/3067 2818/1028/3067 3059/1030/3067
f 2934/226/3002 2817/346/3067 2818/1028/3067
f 3115/1020/3680 2936/1031/3680 3114/1032/3681
f 3165/782/3682 2562/800/3682 3173/772/3682
f 3034/335/2879 2272/1033/2879 2995/1027/2879
f 3112/1034/3001 2930/330/3001 3111/1035/3001
f 2932/1036/3001 2929/332/3001 2930/330/3001
f 3061/1037/3000 2928/1038/3000 2822/1040/3000
f 2822/1040/3000 2927/218/3000 2821/222/3000
f 3062/1041/2999 2926/1042/2999 2824/1044/2999
f 2824/1044/2999 2925/215/2999 2823/220/2999
f 3063/1045/2998 2924/1046/2998 2826/1048/2998
f 2826/1048/2998 2923/213/2998 2825/217/2998
f 3066/1049/2995 2922/1050/2995 2832/1052/2995
f 2832/1052/2995 2921/205/2995 2831/296/2995
f 3067/1053/3683 2920/1054/3684 2834/1056/3685
f 2834/1056/3685 2919/203/2992 2833/207/3036
f 3058/1021/3686 2962/988/3686 3123/989/3686
f 2962/988/3687 2815/240/3688 2961/241/3689
f 3056/1004/3690 2814/990/3691 2812/1003/3690
f 2812/1003/3692 2813/238/3692 2811/236/3692
f 2953/1005/3693 3134/995/3693 3140/1002/3693
f 2953/1005/3694 2914/233/3087 2913/997/3668
f 3141/1058/3667 2911/1059/3667 3133/3/3667
f 2957/996/3669 2912/1060/3006 2911/1059/3669
f 3474/1061/3695 2818/1062/3696 3471/1064/3697
f 3471/1064/3697 2817/229/3698 3472/227/3699
f 3061/1037/3001 2932/1036/3001 3112/1034/3001
f 2822/1040/3001 2931/223/3001 2932/1036/3001
f 3110/1039/3000 2824/1044/3000 2928/1038/3000
f 2928/1038/3000 2823/220/3000 2927/218/3000
f 3109/1043/2999 2826/1048/2999 2926/1042/2999
f 2926/1042/2999 2825/217/2999 2925/215/2999
f 3108/1047/2998 2828/1065/2998 2924/1046/2998
f 2924/1046/2998 2827/211/2998 2923/213/2998
f 3064/1066/2997 2830/1067/2997 2828/1065/2997
f 2828/1065/2997 2829/208/2997 2827/211/2997
f 3065/1068/2996 2832/1069/2996 2830/1067/2996
f 2830/1067/2996 2831/210/2996 2829/208/2996
f 3107/1051/2995 2834/1056/2995 2922/1050/2995
f 2922/1050/2995 2833/207/2995 2921/205/2995
f 3106/1055/3700 2836/1071/3701 2920/1054/3684
f 2920/1054/3684 2835/200/3702 2919/203/2992
f 3068/1072/3703 2838/1073/3703 2836/1071/3704
f 2836/1071/3704 2837/202/3705 2835/200/2989
f 3179/1075/3706 2840/963/3707 3176/1076/3708
f 2840/963/3707 3177/199/2988 3176/1076/3708
f 3073/1077/2985 2964/986/2985 3124/984/2985
f 2846/1078/2985 2963/196/2985 2964/986/2985
f 3074/1080/3709 2846/1079/3710 3073/1081/3711
f 2848/1083/3712 2845/1082/3713 2846/1079/3710
f 3075/1085/3714 2844/1084/3715 3072/1086/3716
f 2850/1087/3717 2843/183/3718 2844/1084/3715
f 3076/1088/3719 2850/1087/3720 3075/1085/3721
f 2852/1089/3722 2849/181/3723 2850/1087/3720
f 3077/1090/2965 2852/1089/2965 3076/1088/2965
f 2854/1091/2965 2851/179/2965 2852/1089/2965
f 3078/1092/2964 2854/1091/2964 3077/1090/2964
f 2856/1093/2964 2853/177/2964 2854/1091/2964
f 3079/1094/2963 2856/1093/2963 3078/1092/2963
f 2858/1095/2963 2855/175/2963 2856/1093/2963
f 3080/1096/2962 2858/1095/2962 3079/1094/2962
f 2860/1097/2962 2857/173/2962 2858/1095/2962
f 3081/1098/2961 2860/1097/2961 3080/1096/2961
f 2862/1099/2961 2859/171/2961 2860/1097/2961
f 3082/1100/2960 2862/1099/2960 3081/1098/2960
f 2864/1101/2960 2861/169/2960 2862/1099/2960
f 3083/1102/2959 2864/1101/2959 3082/1100/2959
f 2866/1103/2959 2863/167/2959 2864/1101/2959
f 3083/1104/2958 2868/1105/2958 2866/1107/2958
f 2866/1107/2958 2867/161/2958 2865/163/2958
f 3084/1106/2957 2870/1108/2957 2868/1105/2957
f 2868/1105/2957 2869/159/2957 2867/161/2957
f 3085/1109/2956 2872/1110/2956 2870/1108/2956
f 2870/1108/2956 2871/157/2956 2869/159/2956
f 3086/1111/2955 2874/1112/2955 2872/1110/2955
f 2872/1110/2955 2873/155/2955 2871/157/2955
f 3087/1113/2954 2876/1114/2954 2874/1112/2954
f 2874/1112/2954 2875/153/2954 2873/155/2954
f 3088/1115/2952 2878/1116/2952 2876/1114/2952
f 2876/1114/2952 2877/151/2953 2875/153/2953
f 3089/1117/2951 2880/149/2951 2878/1116/3724
f 2878/1116/3724 2879/150/2951 2877/151/2951
f 2820/225/3001 3111/1035/3001 2930/330/3001
f 2929/332/3001 2388/1119/3001 2819/329/3001
f 2934/226/3002 3060/1118/3002 2820/225/3002
f 2819/329/3002 2466/1120/3002 2933/224/3002
f 3092/1121/3725 2886/1122/3725 2884/28/3725
f 2884/28/3726 2885/137/3726 2883/146/3726
f 3094/1124/3727 2848/1083/3728 3074/1080/3729
f 2888/1126/3730 2847/1125/3731 2848/1083/3728
f 3095/1127/3732 2888/1126/3733 3094/1124/3732
f 2890/1129/3734 2887/1128/3735 2888/1126/3733
f 3096/1130/3736 2890/1129/3737 3095/1127/3736
f 2892/1132/3738 2889/1131/3739 2890/1129/3737
f 3097/1133/3740 2892/1132/3741 3096/1130/3742
f 2894/1135/3743 2891/1134/3744 2892/1132/3744
f 3098/1137/3745 2894/1136/3745 3097/1138/3745
f 2896/1140/3746 2893/1139/3747 2894/1136/3747
f 3099/1141/3748 2896/1140/3749 3098/1137/3750
f 2898/1143/3751 2895/1142/3752 2896/1140/3749
f 3099/1141/3753 2900/1144/3754 2898/1143/3755
f 2898/1143/3755 2899/1146/3756 2897/3296/3757
f 3100/1145/3758 2902/1147/3759 2900/1144/3760
f 2900/1144/3760 2901/1149/3761 2899/1146/3762
f 3101/1148/3763 2904/1150/3764 2902/1147/3765
f 2902/1147/3765 2903/1152/3766 2901/1149/3767
f 3102/1151/3768 2906/1153/3769 2904/1150/3770
f 2904/1150/3770 2905/1155/3771 2903/1152/3772
f 3103/1154/3773 2908/1156/3774 2906/1153/3775
f 2906/1153/3775 2907/1158/3776 2905/1155/3777
f 3104/1157/3778 2910/1159/3779 2908/1156/3780
f 2908/1156/3780 2909/1161/3781 2907/1158/3782
f 3447/1162/3783 2972/192/3784 3445/1163/3785
f 3445/1163/3785 2971/193/3786 3446/1361/3787
f 3478/1164/3788 3093/1123/3789 3481/1165/3790
f 3479/139/2947 2886/1122/3791 3478/1164/3788
f 3126/973/3792 2976/969/3793 2974/972/3654
f 2974/972/3654 2975/132/3794 2973/130/2938
f 2384/446/3660 2968/980/3661 2515/244/3660
f 2918/974/3795 2967/1166/3662 2968/980/3661
f 2383/432/3796 2912/1060/3797 2381/231/3796
f 2916/981/3798 2911/1059/3799 2912/1060/3797
f 2397/1167/3800 3055/958/3801 3004/956/3800
f 2398/866/3802 3054/83/3803 3005/56/3281
f 2518/1169/3099 2990/245/3098 2264/1170/3099
f 2513/1171/3013 3051/433/3013 2512/1172/3013
f 2512/1172/3013 2989/247/3013 2263/1173/3013
f 2508/194/2894 3043/398/2894 2488/425/2894
f 2504/239/3804 2992/18/3805 2379/237/3804
f 2506/382/2894 3006/371/3079 2399/363/3079
f 2382/419/2875 3047/22/2875 2500/232/2875
f 2497/388/2894 3042/395/2894 2487/415/2894
f 2991/16/2874 2494/234/2874 2378/409/2874
f 2491/1174/2894 3041/392/2894 2486/405/2894
f 2488/425/2894 3046/399/2894 2497/388/2894
f 2487/415/2894 4479/396/2894 4473/385/2894
f 2486/405/2894 3048/393/2894 2506/382/2894
f 3039/372/3081 2477/1175/2944 2478/368/3081
f 3038/369/3080 2478/368/3081 2479/366/3080
f 3006/371/3079 2479/366/3080 2399/363/3079
f 2470/1176/3806 2993/361/3806 2380/347/3806
f 2767/358/3807 2271/1177/3807 2465/357/3807
f 2466/1120/3070 2994/352/3070 2387/345/3069
f 2271/1177/3808 3111/1178/3808 3060/1190/3809
f 2462/221/2879 3034/335/2879 2461/331/2879
f 2389/1179/2880 3033/34/2880 2996/32/2880
f 2390/219/2881 3032/37/2881 2997/36/2881
f 2391/216/2882 3031/40/2882 2998/39/2882
f 2394/1180/2885 3030/47/2885 3001/298/2885
f 2395/206/3810 3029/50/3811 3002/49/3038
f 2263/1173/3014 2987/248/3014 2261/23/3014
f 2264/1170/3013 3052/246/3013 2513/1171/3013
f 3480/136/2944 2428/147/2944 3477/138/2944
f 2427/947/2937 3028/129/2937 3027/127/2937
f 2426/946/2936 3027/127/2936 3026/125/2936
f 2425/949/2935 3026/125/2935 3025/123/2935
f 2424/948/2934 3025/123/2934 3024/121/2934
f 2423/152/2933 3024/121/2933 3023/119/2933
f 2422/154/2932 3023/119/2932 3022/117/2932
f 2421/156/2931 3022/117/2931 3021/115/2931
f 2420/158/2930 3021/115/2930 3020/113/2930
f 2419/160/2929 3020/113/2929 3019/111/2929
f 2418/162/2927 3019/111/2927 3018/109/2927
f 2417/164/2926 3018/109/2926 3017/107/2926
f 2416/1181/2925 3017/107/2925 3016/105/2925
f 2416/1182/2924 3015/102/2924 2415/165/2924
f 2415/165/2923 3014/100/2923 2414/168/2923
f 2414/168/2922 3013/98/2922 2413/170/2922
f 2413/170/2921 3012/96/2921 2412/172/2921
f 2412/172/2920 3011/94/2920 2411/174/2920
f 2411/174/2919 3010/92/2919 2410/176/2919
f 2410/176/2918 3009/90/2918 2409/178/2918
f 2409/178/3812 3008/87/2917 2408/180/3813
f 2408/180/3814 3007/88/2914 2400/182/3815
f 2546/1168/3816 3007/85/3817 3054/83/3817
f 2398/866/3818 3178/57/2893 3156/197/3819
f 2396/204/3820 3004/54/3821 3003/52/2888
f 2444/288/3822 3003/52/3823 3029/50/2886
f 2447/297/2885 3002/49/2885 3030/47/2885
f 2393/212/2884 3001/46/2884 3000/44/2884
f 2392/214/2883 3000/44/2883 2999/42/2883
f 2450/308/2882 2999/42/2882 3031/40/2882
f 2453/316/2881 2998/39/2881 3032/37/2881
f 2456/324/2880 2997/36/2880 3033/34/2880
f 2389/1179/2879 3035/33/2879 2462/221/2879
f 3470/1183/3824 2994/27/3824 3473/3297/3824
f 2500/232/2875 2987/248/2875 2381/231/2875
f 3045/21/2874 2382/419/2874 2494/234/2874
f 2379/237/3825 2991/16/2871 2378/409/3826
f 2380/1184/3827 3049/15/3828 2504/239/3827
f 2376/841/3829 3126/973/3829 2533/833/3830
f 3481/1165/3831 2360/797/3832 3469/1185/3833
f 2374/267/3834 3447/1162/3834 3438/839/3835
f 2373/1186/3836 3104/1157/3837 2372/858/3838
f 2372/858/3839 3103/1154/3839 2371/848/3839
f 2371/848/3840 3102/1151/3841 2370/816/3841
f 2370/816/3842 3101/1148/3843 2369/829/3842
f 2369/829/3844 3100/1145/3845 2368/842/3846
f 2368/842/3847 3099/1141/3848 2367/854/3849
f 2366/1187/3850 3099/1141/3850 3098/1137/3851
f 2365/1188/3852 3098/1137/3852 3097/1138/3852
f 2364/836/3853 3097/1133/3854 3096/1130/3855
f 2363/847/3856 3096/1130/3856 3095/1127/3856
f 2362/817/3857 3095/1127/3858 3094/1124/3858
f 2361/818/3859 3094/1124/3860 3074/1080/3861
f 2357/754/3862 3093/1123/3862 3092/1121/3862
f 2465/357/3863 3060/1190/3863 3113/1224/3863
f 2995/1027/2879 2461/331/2879 3034/335/2879
f 2349/811/2951 3090/333/2951 3089/1117/2951
f 2347/804/2952 3089/1117/2952 3088/1115/2952
f 2345/776/2954 3088/1115/2954 3087/1113/2954
f 2343/790/2955 3087/1113/2955 3086/1111/2955
f 2341/1191/2956 3086/1111/2956 3085/1109/2956
f 2339/1192/2957 3085/1109/2957 3084/1106/2957
f 2337/1193/2958 3084/1106/2958 3083/1104/2958
f 2337/1194/2959 3082/1100/2959 2335/1195/2959
f 2335/1195/2960 3081/1098/2960 2333/1196/2960
f 2333/1196/2961 3080/1096/2961 2331/1197/2961
f 2331/1197/2962 3079/1094/2962 2329/1198/2962
f 2329/1198/2963 3078/1092/2963 2327/779/2963
f 2327/779/2964 3077/1090/2964 2325/791/2964
f 2325/791/2965 3076/1088/2965 2323/813/2965
f 2323/813/3864 3075/1085/3721 2293/808/3865
f 2293/808/3866 3072/1086/3716 2294/771/3867
f 2297/830/3868 3074/1080/3868 3073/1081/3868
f 2509/1199/3869 3073/1077/3869 3124/984/3869
f 3166/1201/3870 3070/965/3871 3179/1075/3706
f 2287/878/3872 3069/1074/3872 3068/1072/3872
f 2443/290/3873 3068/1072/3873 3106/1055/3873
f 2446/300/3874 3067/1053/3875 3107/1051/3876
f 2281/1202/3877 3066/1049/3877 3065/3298/3878
f 2279/311/3879 3065/1068/3879 3064/1066/3879
f 2449/1204/3880 3064/1066/3881 3108/1047/3882
f 2452/1205/3883 3063/1045/3884 3109/1043/3885
f 2455/1207/3886 3062/1041/3887 3110/1039/3888
f 2459/336/3889 3061/1209/3889 3112/1220/3890
f 3036/351/3069 2388/1119/3070 2995/1027/3069
f 3475/1210/3891 3059/1063/3892 3474/1061/3892
f 2498/1212/3667 3133/3/3667 2252/1/3667
f 3140/1002/3893 2253/1213/3893 2492/1214/3893
f 2251/1215/3894 3057/987/3894 3056/1004/3894
f 2259/1217/3895 3123/989/3895 2501/1218/3895
f 2285/879/3896 3106/1055/3897 3067/1053/3897
f 2283/880/3898 3107/1051/3876 3066/1049/3898
f 2277/1206/3899 3108/1047/3900 3063/1045/3899
f 2275/1208/3901 3109/1043/3902 3062/1041/3901
f 2273/1219/3903 3110/1039/3903 3061/1037/3903
f 2766/340/3904 2271/1177/3904 2791/773/3904
f 2460/339/3905 3112/1220/3905 3111/1178/3905
f 2469/1221/3906 3115/1020/3907 3114/1032/3907
f 2269/1223/3908 3113/1224/3908 3059/3299/3908
f 2469/896/3909 3058/1225/3909 2259/1226/3909
f 2468/1222/3910 3116/1019/3911 3115/1020/3910
f 2295/1227/3912 3137/1017/3913 2474/1228/3913
f 2474/1228/3913 3138/1014/3914 2475/1229/3914
f 2475/1229/3914 3139/1012/3915 2476/1242/3916
f 2503/1230/3869 3117/1008/3869 3122/992/3869
f 4474/1232/3869 3118/1000/3869 4480/1011/3869
f 2496/1234/3869 3119/985/3869 3121/999/3869
f 2485/1231/3869 3120/1007/3869 3117/1008/3869
f 3056/1004/3893 2492/1214/3893 2251/1215/3893
f 2484/1233/3869 3121/999/3869 3118/1000/3869
f 2253/1213/3667 3141/1058/3667 2498/1212/3667
f 2295/1227/3912 3122/992/3869 3071/993/3912
f 2258/1216/3917 3123/989/3917 3057/987/3917
f 2483/1235/3869 3124/984/3869 3119/985/3869
f 2533/833/3918 3125/265/3918 2374/267/3919
f 2536/826/3920 3129/507/3169 2539/505/3169
f 3072/968/3643 2755/872/3921 2294/871/3922
f 2755/872/3923 3070/965/3639 2291/874/3924
f 2289/1237/3925 3132/961/3925 3069/959/3925
f 2980/971/3648 3127/506/3926 3129/507/3650
f 2982/1239/3154 3128/496/3651 3130/497/3927
f 2969/450/3101 3136/5/3101 2917/976/3101
f 2967/1166/2867 3142/436/2867 2965/979/2867
f 2965/979/2867 3135/2/2867 2915/982/2867
f 2917/976/2867 3143/6/2867 2967/1166/2867
f 2915/982/2866 3133/3/2866 2911/1059/3928
f 3116/1019/3929 3146/1240/3929 2938/3300/3929
f 3139/1012/3915 3148/1241/3930 2476/1242/3916
f 3040/374/2944 3150/1243/2944 2477/1175/2944
f 2944/367/3078 3151/1244/3931 2943/1015/3675
f 2943/1015/3675 3154/1245/3932 3139/1012/3674
f 2477/1175/3933 3152/1246/3934 2944/367/3078
f 2471/1248/2944 3153/1247/2944 3040/374/2944
f 2757/1238/3935 3179/1075/3706 3132/961/3936
f 3156/197/3819 3055/958/3937 2759/954/3938
f 3176/1076/3708 2985/955/3939 2986/960/3634
f 3132/961/3936 3176/1076/3708 2986/960/3634
f 2548/1249/3940 3167/607/3626 2549/605/3940
f 2550/1250/3941 3168/604/3271 2551/603/3270
f 2555/595/3262 3161/599/3264 3169/597/3263
f 2556/1252/3942 3170/592/3258 2557/590/3257
f 2558/1253/3943 3171/586/3254 2559/584/3253
f 2560/1254/3944 3172/950/3614 2561/803/3945
f 2561/803/3945 3173/772/3616 2562/800/3946
f 2564/792/3947 3175/945/3947 2565/793/3948
f 2783/1255/3949 3166/612/3278 2757/1256/3950
f 2784/1257/3951 3167/607/3274 2760/952/3952
f 2785/881/3953 3168/604/3271 2761/951/3623
f 2786/1258/3954 3159/602/3269 2785/881/3953
f 2787/884/3621 3160/600/3266 2786/1258/3955
f 2788/320/3956 3169/597/3263 2762/1259/3622
f 2789/327/3957 3170/592/3258 2763/318/3620
f 2790/337/3958 3171/586/3254 2764/328/3619
f 3177/199/2988 2759/954/3959 2985/955/3939
f 3178/57/2893 2756/957/3631 3055/958/3937
f 3469/1260/3960 2565/793/3961 3482/1419/3962
f 3483/1262/3963 3181/1263/3963 3482/1419/3963
f 2476/1265/82 3181/1263/82 3182/376/82
f 3182/376/82 3180/1264/82 2566/1267/82
f 3484/1268/3964 3180/1264/3965 3483/1262/3965
f 2566/1267/3966 3183/1269/3966 2769/574/3966
f 3475/1270/3967 3183/1269/3967 3484/1268/3968
f 2769/574/3969 3145/1271/3970 2467/890/3971
f 2781/613/3972 3184/190/3972 2403/71/3972
f 4537/1272/670 4506/1273/670 4526/3179/670
f 2529/1276/3973 3196/1275/3974 2530/1277/3975
f 2530/1277/3975 3448/1278/3976 3437/1279/3977
f 2524/1280/3978 3194/464/3978 2525/1281/3978
f 2525/1281/3979 3191/186/3979 2317/1282/3979
f 2309/936/3980 3184/190/3981 2307/875/3980
f 2311/1283/3982 3185/189/3983 2309/936/3984
f 2313/1284/3985 3186/188/3986 2311/1283/3986
f 2314/1286/3987 3187/1285/3988 2313/1284/3988
f 2315/1288/3989 3188/1287/3989 2314/1289/3990
f 2316/1291/3991 3189/1290/3991 2315/1288/3991
f 2317/1282/3992 3197/187/2975 2529/1276/3993
f 2319/1292/3994 3195/185/3995 2524/1280/3994
f 2257/11/3996 3192/184/3996 2319/1292/3996
f 3186/1293/3997 3200/1294/3998 2405/1312/3998
f 3204/1297/3999 3186/1296/4000 3187/1298/4001
f 3209/1300/4002 3196/1299/4002 3197/1301/4002
f 3205/1302/4003 3187/1298/4001 3188/1303/4004
f 3201/1305/4005 2531/1304/4006 2528/1306/4005
f 3449/1308/4002 3190/1307/4007 3448/1309/4002
f 3206/1310/4008 3188/1303/4004 3189/1311/4009
f 2405/1312/4010 3199/1313/4010 2312/3301/4010
f 3202/1315/4011 3197/1314/4012 2531/1304/4013
f 3207/1316/4014 3189/1311/4009 3190/1307/4007
f 2772/563/4015 3225/3302/4016 3222/1317/4017
f 3255/1319/4018 3212/1318/4019 2492/1320/4020
f 2793/572/4021 3250/3303/4021 3234/1321/4021
f 2797/566/4022 3265/1323/4022 3269/1322/4022
f 3229/1325/4023 3226/1324/4023 2794/564/4024
f 3217/1326/4025 3213/3304/4026 2796/411/4027
f 3373/3305/4028 3374/3306/4029 2516/1335/4030
f 3406/3307/4031 3405/3308/4031 2803/545/4031
f 2771/562/4032 3334/1332/4032 3342/3309/4032
f 3380/1336/4033 3379/3310/4033 2516/1335/4030
f 2801/548/4034 3348/1338/4035 3349/1337/4036
f 3348/1338/4035 2776/550/4037 3351/3311/4038
f 3393/1341/4039 2511/1339/3572 3394/3312/4040
f 3389/1342/4041 2510/1340/4042 3391/1343/4041
f 2798/561/4043 3396/3313/4044 3386/1344/4045
f 3404/3314/4046 3403/3315/4046 2524/1347/4046
f 2774/442/3094 3384/441/3093 3363/1348/4047
f 2542/140/164 2547/1349/164 2596/1350/164
f 2596/1350/164 2536/1351/164 2542/140/164
f 2595/1352/164 2539/1353/164 2536/1351/164
f 2594/1354/164 2376/1355/164 2539/1353/164
f 2593/1356/164 2533/143/164 2376/1355/164
f 2592/1357/164 2374/145/164 2533/143/164
f 3208/1359/4002 3448/1309/4002 3196/1299/4002
f 3437/1279/3977 3190/1360/4048 2316/1291/3976
f 3438/839/4049 3105/1160/4050 2373/1186/4051
f 2910/1159/4052 3446/1361/4053 2909/1161/4053
f 3105/1160/4054 3445/1163/4055 2910/1159/4052
f 3437/929/3585 2780/481/3133 2530/480/3132
f 2737/859/4056 3438/839/4056 2373/1186/4056
f 2591/1362/4057 3442/688/4058 3439/827/3462
f 2621/1364/4059 3442/688/3322 2749/1363/4059
f 2737/859/4060 3440/670/4061 3443/668/3295
f 3441/634/82 2610/649/82 2638/647/82
f 3444/533/3193 2590/938/4062 2780/481/4062
f 3438/1365/164 2591/1358/164 3439/1366/164
f 3439/1366/164 2373/1367/164 3438/1365/164
f 2372/1369/82 2590/938/82 2373/1370/82
f 2371/1371/82 2589/937/82 2372/1369/82
f 2370/1372/82 2588/939/82 2371/1371/82
f 2369/1373/82 2587/539/82 2370/1372/82
f 2368/1374/82 2586/940/82 2369/1373/82
f 2367/1375/82 2585/941/82 2368/1374/82
f 2366/844/82 2584/544/82 2367/1375/82
f 2365/822/82 2583/547/82 2366/844/82
f 2365/822/82 2581/942/82 2582/549/82
f 2364/1376/82 2580/555/82 2581/942/82
f 2363/1377/82 2579/943/82 2580/555/82
f 2362/1378/82 2578/944/82 2579/943/82
f 2361/1379/82 2577/431/82 2578/944/82
f 2354/755/2878 3092/1121/2878 3091/29/2878
f 2351/762/2950 3091/29/2950 3090/333/2950
f 3450/1381/4063 2269/1382/4064 3059/1393/4063
f 4394/1386/4065 2768/1384/4065 3175/1388/4065
f 3453/1387/4066 3175/1388/4066 2565/1391/4066
f 3453/1387/4067 2360/1390/4067 3093/3316/4067
f 3451/1392/670 3059/1393/670 2818/3317/670
f 4395/1395/1185 3452/1389/1185 3454/1394/1185
f 3453/1387/4068 3454/1394/4068 3452/1389/4068
f 3453/1387/4069 2886/1397/4069 3455/1396/4070
f 3455/1396/4071 2885/1398/4071 3456/1399/4071
f 3457/1400/4072 3455/1396/4072 3456/1399/4072
f 4396/1401/4073 3454/1394/4074 3457/1400/4074
f 2818/1062/155 3458/1402/155 2817/229/155
f 3459/1403/4075 2885/1398/4076 2428/3318/4077
f 3456/1399/1195 3460/1404/1195 3457/1400/1195
f 3457/1400/4078 4397/1405/4078 4396/1401/4078
f 2817/229/4079 3461/1406/4079 2387/228/4079
f 3459/1408/4080 3028/1407/4081 3462/1409/4081
f 3460/1404/4082 3462/1410/4082 3463/1416/4082
f 3460/1404/4083 4398/1411/4083 4397/1405/4083
f 2387/228/4084 3464/1412/4085 2994/27/4086
f 3462/1409/4087 2359/1413/4088 3465/1414/4088
f 3462/1410/155 3466/1415/155 3463/1416/155
f 3463/1416/1208 4399/1417/1208 4398/1411/1208
f 2994/27/4086 3467/1418/4089 2270/26/4090
f 2269/1223/4091 3484/1268/4092 2768/356/4091
f 2768/356/4093 3483/1262/4094 3175/945/4094
f 3175/945/4095 3482/1419/4095 2565/793/4095
f 3148/1266/4096 3482/1419/4097 3181/1263/4097
f 3145/577/4098 3474/1061/4098 3147/576/4098
f 3154/1245/4099 3469/1185/3833 3148/1241/3930
f 3153/1247/2944 3477/138/2944 3150/1243/2944
f 3152/1246/3934 3478/1164/3788 3151/1244/3931
f 3151/1244/3931 3481/1165/3790 3154/1245/3932
f 3147/576/4100 3471/1064/4100 3146/1240/4100
f 3150/1243/4101 3479/139/2947 3152/1246/3934
f 3149/1420/2944 3480/136/2944 3153/1247/2944
f 2910/1421/155 2373/1422/155 3105/3319/155
f 3486/1425/4102 4049/1424/4103 4047/1426/4104
f 3667/1428/4105 4050/1427/4106 4057/1429/4105
f 3673/1431/4107 3569/1430/4107 3677/1432/4107
f 3490/1435/4108 3491/1434/4108 4105/1433/4108
f 3658/1437/4109 3966/1436/4109 3982/1438/4109
f 3964/1439/4110 3501/1440/4111 3965/3320/4112
f 3961/1443/4113 3649/1442/4114 3978/1444/4115
f 3980/1445/4116 3495/1446/4117 3655/1678/4118
f 4471/1448/4119 3504/1449/4120 4470/3127/4121
f 3521/1452/4122 3585/1566/4123 3983/1451/4124
f 3523/1455/4125 3602/1454/4126 3601/1456/4126
f 3525/1458/4127 3603/1457/4128 3602/1459/4128
f 3702/1461/4129 3527/1460/4129 3700/1462/4129
f 3530/1464/4130 3588/1463/4131 3587/1465/4132
f 3532/1467/4133 3589/1466/4134 3588/1468/4134
f 3684/1470/4135 3590/1469/4135 3687/1471/4136
f 3679/1473/4137 3591/1472/4138 3683/1474/4139
f 3570/1475/4140 3542/1476/4140 3500/1547/4140
f 3946/1477/4141 3600/1478/4142 3948/1936/4143
f 3601/1456/4144 3598/1480/4144 3586/1481/4144
f 3543/1483/4145 4385/3321/4145 4440/1482/4145
f 3584/1486/4146 3856/1485/4147 3850/1487/4147
f 4105/1433/4148 3591/1472/4148 3570/1475/4148
f 3683/1474/4149 4104/1488/4149 4107/1489/4149
f 3687/1471/4150 4103/1490/4150 4109/1491/4150
f 4097/1492/4151 3589/1466/4152 4098/2257/4153
f 3587/1465/4154 4097/1493/4155 4096/1494/4156
f 3597/1495/4157 3945/1496/4158 3944/1735/4157
f 3664/1499/4159 3852/1498/4160 3936/1500/4161
f 4069/1502/4162 3846/1501/4163 4090/1503/4164
f 3842/1504/4165 3581/1505/4166 3844/2047/4167
f 3892/1507/4168 3580/1506/4169 3842/1504/4170
f 3894/1509/4171 3579/1510/4172 3840/1578/4173
f 3836/1512/4174 3578/1513/4175 3838/1582/4174
f 3834/1515/4176 3577/1514/4177 3836/1512/4176
f 3896/1517/4178 3576/1518/4179 3834/2037/4180
f 3898/1520/4181 3575/1521/4182 3832/1586/4183
f 3900/1523/4184 3574/1524/4185 3830/1590/4186
f 3619/1527/4187 3828/1526/4188 3904/1528/4189
f 3906/1529/4190 3827/1530/4191 3907/1998/4191
f 4381/1532/4192 3571/1533/4193 3824/2032/4194
f 3931/1535/4195 3565/1536/4196 3656/3322/4197
f 3887/1539/4198 3650/1538/4198 3927/1540/4198
f 3818/1541/4199 3563/1542/4200 3820/1958/4201
f 3660/1545/4202 3822/1544/4202 3934/1546/4202
f 3569/1430/4203 3500/1547/4204 3499/1548/4205
f 3677/1432/4206 3499/1548/4207 3675/1549/4208
f 3671/1551/4209 3963/1550/4210 3985/1552/4211
f 3565/1554/4212 3962/1553/4213 3960/1447/4213
f 3526/1556/4214 3605/1555/4215 3603/1557/4215
f 4110/1560/4216 3528/1558/4217 3605/3323/4218
f 3523/1562/4219 3604/1561/4220 3594/1563/4219
f 3586/1481/4221 3524/1564/4222 3522/1565/4221
f 3585/1566/4223 3594/1567/4223 3604/1572/4223
f 3596/1497/4224 4039/1568/4225 3945/1496/4158
f 3944/1569/4226 3852/1571/4226 3597/1570/4226
f 3597/1495/4227 3585/1566/4227 3604/1572/4227
f 3868/1575/4228 3864/3324/4228 3854/1574/4228
f 3594/1567/4229 3603/1557/4230 3604/1572/4230
f 3601/1577/4231 3597/1576/4232 3604/1561/4231
f 3840/1578/4233 3607/1508/4234 3892/1507/4235
f 3606/1580/4236 3790/1579/4237 3767/1581/4237
f 3838/1582/4238 3609/1511/4239 3894/1509/4171
f 3608/1584/4240 3791/1583/4241 3768/1585/4242
f 3832/1586/4243 3611/1519/4244 3896/1517/4178
f 3769/1587/4245 3509/1588/4246 3794/1860/4247
f 3830/1590/4248 3613/1522/4249 3898/1520/4181
f 3770/1591/4250 3508/1592/4251 3795/1862/4250
f 2652/750/4252 3760/1594/4252 2651/1595/4252
f 3828/1526/4253 3615/1525/4254 3900/1523/4184
f 3771/1597/4255 3507/1598/4256 3796/1863/4255
f 3826/1531/4257 3903/1600/4258 3827/1530/4259
f 3618/1602/4260 3904/1528/4189 3902/1601/4261
f 3616/1604/4262 3797/1603/4262 3772/1605/4262
f 3617/1606/4263 3772/1605/4263 3773/1607/4263
f 2650/1609/4264 3758/1608/4264 2649/1610/4264
f 3571/1611/4265 3906/1529/4265 3824/1612/4266
f 3564/1614/4267 3908/1613/4267 3822/1544/4267
f 3775/1615/4268 3621/1616/4268 3774/1842/4268
f 3502/1619/4269 3970/1618/4270 3966/1436/4271
f 3913/1621/4272 3583/1620/4273 3848/1622/4274
f 3915/1624/4275 3635/1623/4276 3913/1621/4272
f 3917/1626/4277 3634/1625/4278 3915/1624/4275
f 4428/1628/4279 3519/1627/4280 4431/1629/4280
f 4429/1631/4281 3629/1630/4282 4428/1628/4282
f 4430/1633/4283 3628/1632/4281 4429/1631/4281
f 4094/1636/4284 3631/1634/4285 3723/1637/4286
f 3723/1637/4286 3630/1638/4287 3724/1640/4288
f 3630/1638/4287 3725/1639/4289 3724/1640/4288
f 3662/1642/4290 3918/1641/4291 3932/1643/4291
f 4482/1645/4290 3920/1644/4291 4487/1646/4291
f 3653/1648/4290 3922/1647/4291 3928/1649/4291
f 3661/1651/4292 4432/1650/4293 4437/1652/4294
f 4481/1654/4294 4433/1653/4295 4490/1655/4296
f 3651/1657/4294 4434/1656/4295 4436/1658/4295
f 3659/1660/4297 3726/1659/4298 3731/1661/4299
f 3636/1663/4300 4435/1662/4294 4432/1650/4301
f 3642/1665/4290 3924/1664/4291 3918/1641/4291
f 3641/1667/4302 3727/1666/4303 3726/1659/4298
f 3927/1540/4304 3562/1543/4305 3818/1541/4306
f 3978/1444/4115 3494/1441/4307 3964/1439/4308
f 3803/1788/4309 4485/1670/4310 4127/3325/4311
f 3637/1671/4294 4436/1658/4295 4433/1653/4295
f 3643/1672/4290 3928/1649/4291 3920/1644/4291
f 3640/1674/4312 3729/1673/4313 3728/1675/4314
f 3931/1535/4195 3566/1676/4315 3887/1677/4316
f 3961/1443/4317 3655/1678/4118 3496/3326/4318
f 3654/1681/4319 4183/1680/4320 4185/1679/4319
f 3518/1682/4321 3731/1661/4299 3725/1639/4289
f 3519/1627/4280 4437/1652/4294 4431/1629/4280
f 3583/1620/4273 3932/1643/4291 3848/1622/4274
f 3820/1683/4322 3660/1545/4322 3934/1546/4322
f 3501/1685/4323 3982/1438/4324 3965/1686/4323
f 3644/1687/4290 3936/1500/4161 3922/1647/4291
f 3638/1688/4294 4438/1453/4325 4434/1656/4295
f 3639/1690/4326 3732/1689/4326 3730/1691/4326
f 3665/1693/4327 3733/1692/4327 3732/1689/4327
f 3567/1695/4328 3984/1694/4329 3962/1553/4330
f 3670/1696/4331 3985/1552/4211 3984/1694/4329
f 3488/1698/4332 4056/1697/4333 4049/1424/4332
f 3666/1699/4333 4057/1429/4105 4056/1697/4333
f 4296/1701/4334 3806/1700/4335 3780/1702/4335
f 4297/1703/4336 3780/1702/4337 3781/1704/4338
f 3568/1706/4339 3986/1705/4340 3963/1550/4341
f 3986/1705/4342 3677/1432/4343 3675/1549/4344
f 3489/1709/4345 4058/1708/4346 4050/1427/4347
f 3673/1431/4348 3677/1432/4349 3942/1710/4350
f 4278/1713/4351 3807/1712/4352 3782/1714/4353
f 4263/1715/4354 4278/1713/4351 3782/1714/4353
f 3590/1469/4355 4106/1716/4355 4103/1490/4355
f 3682/1717/4356 4107/1489/4357 4106/1716/4357
f 3540/1718/4358 3682/1717/4359 3590/1469/4359
f 3678/1719/4360 3683/1474/4139 3682/1717/4360
f 4335/1722/4361 4323/3327/4361 3784/1721/4361
f 4346/3328/4362 4347/3329/4363 3785/1768/4363
f 3685/1727/4364 3811/1726/4365 3786/1728/4366
f 3686/1729/4367 3786/1728/4368 3787/1730/4369
f 3599/1731/4370 3688/1732/4371 3690/1479/4372
f 3690/1479/4372 3561/1734/4373 3600/1478/4374
f 3944/1735/4375 3690/1479/4375 3946/1477/4375
f 3696/1736/4376 3600/1478/4377 3561/1734/4378
f 3954/1738/4379 3694/1745/4379 3605/1555/4379
f 4044/1740/4380 3692/1741/4381 4042/1940/4382
f 3699/1743/4383 3691/1744/4384 3693/1746/4384
f 3697/1737/4376 3693/1746/4384 3691/1744/4384
f 3605/1555/4385 3699/1743/4386 3527/3330/4386
f 3952/1747/4387 3691/1744/4388 3950/1748/4389
f 4043/1749/4390 3560/1750/4391 4041/2141/4392
f 3752/1753/4393 3789/1752/4393 3817/1754/4393
f 3751/1755/4394 3817/1754/4395 3816/1756/4395
f 3750/1757/4396 3816/1756/4397 3815/1758/4396
f 3749/1759/4398 3815/1758/4398 3814/1760/4398
f 3748/1761/4399 3814/1760/4400 3813/1762/4400
f 3747/1763/4401 3813/1762/4402 3812/1764/4401
f 4352/1765/4403 3812/1764/4403 4353/1766/4403
f 3743/1767/4404 3811/1726/4405 3785/1768/4406
f 3740/1770/4407 3810/1769/4408 3809/1771/4409
f 3739/1772/4410 3809/1771/4409 3808/1773/4411
f 3738/1774/4412 3808/1773/4411 3783/1775/4413
f 3781/1704/4414 3736/1776/4415 3807/1712/4416
f 3732/1689/4417 3806/1700/4418 3805/1778/4419
f 3730/1691/4420 3805/1778/4419 3778/1779/4421
f 3725/1639/4422 3779/1780/4423 3801/1781/4424
f 3730/1691/4326 3652/1782/4326 3639/1690/4326
f 3728/1675/4425 3804/1783/4426 3777/1784/4427
f 4484/1786/4428 3646/1785/4303 4483/1787/4429
f 3726/1659/4430 3803/1788/4431 3802/1789/4432
f 3731/1661/4433 3802/1789/4432 3779/1780/4423
f 3724/1640/4434 3801/1781/4424 3800/1790/4435
f 3799/1791/4436 3724/1640/4436 3800/1790/4436
f 3776/1792/4437 3723/1637/4437 3799/1791/4437
f 3623/1794/4438 4061/1795/4438 4059/2402/4438
f 3715/1798/4439 4077/1797/4439 4084/1799/4439
f 3713/1801/4440 4076/1800/4441 4083/1802/4440
f 3711/1804/4442 4075/1803/4442 4082/1805/4443
f 3709/1807/4444 4074/1806/4445 4073/1808/4444
f 3708/1809/4446 4073/1808/4447 4072/1810/4448
f 3707/1811/4449 4072/1810/4450 4081/1812/4449
f 3705/1814/4451 4071/1813/4451 4080/1815/4451
f 3515/1817/4452 4070/1816/4452 4079/1818/4453
f 3789/1820/4454 4110/1819/4455 4111/1821/4455
f 3765/1822/4456 3702/1823/4457 3700/3331/4458
f 2649/1826/4459 3757/1825/4459 2648/1827/4459
f 2648/1829/4460 3756/1828/4460 2647/1830/4460
f 2647/1830/4461 3755/1831/4461 2646/1832/4462
f 2646/1832/4463 2686/780/4463 2645/761/4463
f 2339/1192/4464 3760/1833/4465 2341/1191/4464
f 2337/1193/4466 3759/1834/4466 2339/1192/4466
f 3757/1835/4467 2337/1193/4468 2335/1836/4467
f 3756/1828/4469 2335/1195/4469 2333/1196/4469
f 3755/1831/4470 2333/1196/4471 2331/1197/4470
f 2331/1197/4472 2686/780/4473 3755/1831/4473
f 3760/1833/4474 2343/790/4474 2341/1191/4474
f 2651/1595/4475 3759/1837/4476 2650/1838/4476
f 4086/1839/4477 3798/1840/4477 3773/1607/4478
f 3774/1842/4479 4078/1841/4479 4087/1918/4479
f 3850/1843/4480 3701/1844/4480 3584/3332/4481
f 3582/1847/4482 3956/1846/4483 3846/1501/4484
f 3761/1849/4485 3754/1848/4486 3762/1850/4485
f 3587/1465/4487 3765/1822/4488 3530/1464/4489
f 3529/1851/4490 4111/1821/4491 4096/1494/4492
f 3514/1852/4493 3790/1579/4493 3513/2169/4493
f 3767/1855/4494 3512/1854/4494 3606/1856/4494
f 3768/1585/4495 3511/1857/4496 3608/1584/4497
f 3792/1859/4498 3510/1858/4498 3511/1857/4498
f 3510/1858/4499 3794/1860/4499 3509/1588/4499
f 3610/1589/4500 3795/1862/4501 3508/1592/4501
f 3612/1593/4502 3796/1863/4502 3507/1598/4502
f 3614/1599/4503 3797/1603/4503 3506/3333/4504
f 3623/1864/4505 3799/1791/4505 3624/1865/4505
f 4156/1866/4506 3624/1865/4506 4158/1867/4507
f 4144/1869/4508 4145/1868/4508 3625/1870/4509
f 4134/1873/4510 4133/1872/4511 3492/1871/4512
f 4129/1876/4513 4124/1875/4514 3485/1874/4515
f 4165/3334/4516 4173/3335/4517 3487/1877/4518
f 4140/1882/4519 4141/1881/4519 3657/1880/4519
f 4219/1883/4520 4218/3336/4521 3654/1681/4521
f 4211/1886/4522 4210/3337/4522 3488/1885/4523
f 4290/3338/4524 4291/3339/4525 3489/1890/4526
f 4275/3340/4527 4273/3341/4528 3490/1893/4529
f 4269/3342/4530 4268/3343/4530 3491/1896/4530
f 4259/1899/4531 4260/1898/4531 3541/1897/4532
f 3785/1768/4533 3539/1900/4534 3681/1725/4533
f 4353/1766/4535 3538/1901/4536 4350/1902/4537
f 3812/1764/4538 3537/1903/4539 3538/1901/4538
f 3813/1762/4540 3536/1904/4541 3537/1903/4540
f 3814/1760/4542 3535/1905/4542 3536/1904/4542
f 3815/1758/4543 3533/1906/4544 3535/1905/4543
f 3816/1756/4545 3531/1907/4545 3533/1906/4546
f 3817/1909/4547 3529/1908/4547 3531/1910/4547
f 3787/1730/4548 3745/1911/4548 3746/1912/4548
f 3786/1728/4549 3744/1913/4549 3745/1911/4550
f 3785/1768/4406 3742/1914/4551 3743/1767/4404
f 3784/1721/4552 3741/1915/4553 3742/1914/4551
f 3783/1775/4554 3737/1916/4554 3738/1774/4555
f 3782/1714/4556 3736/1776/4415 3737/1916/4556
f 3735/1777/4557 3780/1702/4558 3734/1917/4558
f 3734/1917/4559 3806/1700/4560 3733/1692/4559
f 3778/1779/4421 3729/1673/4561 3730/1691/4420
f 4485/1670/4562 3727/1666/4563 4484/1786/4564
f 3775/1615/4565 4087/1918/4565 4088/1919/4565
f 3773/1607/4566 4085/1920/4567 4086/1839/4568
f 3772/1605/4569 4077/1797/4570 4085/1920/4567
f 3771/1597/4571 4076/1800/4572 4084/1799/4573
f 3770/1591/4574 4075/1803/4575 4083/1802/4576
f 4082/1805/4577 3794/1860/4578 4074/1806/4579
f 3768/1585/4580 4071/1813/4581 4081/1812/4582
f 3767/1855/4583 4070/1816/4584 4080/1815/4585
f 3844/1921/4586 3766/1922/4586 3958/1927/4586
f 4000/1924/4587 3959/1925/4588 4046/2215/4587
f 3845/1926/4589 3958/1927/4590 3959/1925/4588
f 3847/1929/4591 4045/1928/4592 4001/1930/4593
f 3846/1501/4484 3957/1931/4594 3847/1929/4591
f 4003/1932/4595 3957/1933/4596 3851/1935/4597
f 3851/1935/4597 3956/1845/4598 3850/1843/4598
f 3697/1737/4599 3948/1936/4600 3600/1478/4601
f 3952/1747/4387 3949/1937/4602 3948/1936/4600
f 4043/1749/4603 3951/1939/4604 4042/1940/4605
f 3953/1938/4603 3950/1748/4389 3951/1939/4604
f 3694/1745/4606 3950/1748/4389 3691/1744/4388
f 3954/1738/4607 3951/1939/4604 3950/1748/4389
f 4039/1568/4608 3947/1941/4609 4040/2111/4610
f 3945/1496/4611 3946/1477/4611 3947/1941/4611
f 3891/1942/4612 3676/1707/4613 3568/1706/4614
f 3890/1943/4615 3943/1711/4616 3891/1942/4616
f 3939/1944/4617 3671/1551/4618 3670/1696/4619
f 3938/1946/4620 3941/1945/4621 3939/1944/4620
f 3889/1947/4619 3670/1696/4619 3567/1695/4622
f 3888/1948/4623 3939/1944/4620 3889/1947/4623
f 3923/1950/4624 4038/1949/4624 4033/1951/4624
f 3922/1647/4291 3937/1952/4625 3923/1950/4625
f 3988/1953/4626 3935/1954/4626 4037/2020/4626
f 3821/1956/4627 3934/1957/4627 3935/3344/4627
f 3849/1960/4628 4036/1959/4624 4002/1961/4628
f 3848/1622/4274 3933/1962/4625 3849/1960/4629
f 4048/1963/4630 3930/1964/4631 3886/1966/4632
f 3886/1966/4633 3931/1967/4634 3887/1539/4633
f 3921/1969/4624 4035/1968/4624 4032/1970/4624
f 3920/1644/4291 3929/1971/4625 3921/1969/4625
f 4054/1973/4635 3819/1972/4636 3987/1974/4636
f 3926/1976/4637 3818/1975/4637 3819/1972/4637
f 3919/1978/4624 4034/1977/4624 4031/1979/4624
f 3918/1641/4291 3925/1980/4625 3919/1978/4625
f 3929/1971/4624 4033/1951/4624 4035/1968/4624
f 3928/1649/4291 3923/1950/4625 3929/1971/4625
f 4486/1981/4624 4032/1970/4624 4489/1982/4624
f 4487/1646/4291 3921/1969/4625 4486/1981/4625
f 3933/1962/4624 4031/1979/4624 4036/1959/4624
f 3932/1643/4291 3919/1978/4625 3933/1962/4625
f 4053/1984/4638 3914/1983/4639 4052/1985/4639
f 3916/1986/4640 3915/1624/4275 3914/1983/4641
f 4052/1985/4639 3912/1987/4642 4051/1988/4642
f 3914/1983/4641 3913/1621/4272 3912/1987/4643
f 4051/1988/4642 3849/1960/4628 4002/1961/4628
f 3912/1987/4643 3848/1622/4274 3849/1960/4629
f 4029/1989/4644 3911/1990/4645 4030/1796/4644
f 3989/1992/4646 3909/1993/4646 4028/2000/4647
f 3823/1994/4648 3908/1613/4648 3909/1993/4649
f 4087/1918/4650 3719/1995/4650 3720/1996/4650
f 3990/1997/4651 3907/1998/4651 4027/2161/4651
f 3825/1999/4652 3906/1529/4652 3907/1998/4652
f 3909/1993/4653 4029/1989/4653 4028/2000/4653
f 3718/2001/4654 4078/1841/4654 4086/1839/4655
f 3903/1600/4258 4026/2002/4656 4025/2003/4258
f 3902/1601/4261 3905/2004/4656 3903/1600/4258
f 3992/2005/4657 3901/2006/4658 4024/2033/4658
f 3829/2007/4657 3900/1523/4184 3901/2006/4658
f 3993/2008/4659 3899/2009/4660 4023/2034/4660
f 3831/2010/4659 3898/1520/4181 3899/2009/4660
f 3994/2011/4661 3897/2012/4662 4022/2035/4662
f 3833/2013/4661 3896/1517/4178 3897/2012/4662
f 3997/2014/4663 3895/2015/4664 4021/2042/4665
f 3839/2016/4663 3894/1509/4171 3895/2015/4664
f 3998/2017/4666 3893/2018/4667 4020/2043/4668
f 3841/2019/4669 3892/1507/4235 3893/2018/4667
f 4037/2020/4670 3823/2021/4671 3989/2197/4671
f 3935/2022/4672 3822/1544/4673 3823/1994/4673
f 3987/1974/4674 3821/1955/4674 3988/1953/4674
f 3819/2023/4675 3820/1958/4675 3821/1956/4675
f 4054/1973/4676 3886/2024/4676 3926/1976/4677
f 3926/2026/4678 3887/1539/4633 3927/1540/4679
f 4055/1965/4631 3884/2027/4680 3930/1964/4631
f 3930/1964/4634 3885/2028/4634 3931/1967/4634
f 4383/2029/4681 3825/2030/4682 3990/2180/4682
f 4380/2031/4683 3824/2032/4684 3825/2030/4685
f 3905/2004/4656 3992/2005/4686 4026/2002/4656
f 3904/1528/4189 3829/2007/4686 3905/2004/4656
f 4024/2033/4658 3831/2010/4687 3993/2008/4687
f 3901/2006/4658 3830/1590/4186 3831/2010/4687
f 4023/2034/4660 3833/2013/4688 3994/2011/4688
f 3899/2009/4660 3832/1586/4183 3833/2013/4688
f 4022/2035/4662 3835/2036/4689 3995/2175/4689
f 3897/2012/4662 3834/2037/4180 3835/2036/4689
f 3995/2038/4690 3837/2039/4690 3996/2041/4690
f 3835/2040/4690 3836/1512/4176 3837/2039/4690
f 3996/2041/4691 3839/2016/4691 3997/2014/4691
f 3837/2039/4691 3838/1582/4174 3839/2016/4691
f 4021/2042/4665 3841/2019/4173 3998/2017/4173
f 3895/2015/4664 3840/1578/4173 3841/2019/4173
f 4020/2043/4668 3843/2044/4692 3999/2045/4693
f 3893/2018/4667 3842/1504/4170 3843/2044/4692
f 3999/2045/4694 3845/2046/4695 4000/2170/4696
f 3843/2044/4697 3844/2047/4167 3845/2046/4695
f 4091/2048/4698 3847/1929/4699 4001/1930/4700
f 4090/1503/4164 3847/1929/4699 4089/2049/4701
f 4038/1949/4702 3853/2050/4703 4004/2167/4702
f 3936/1500/4704 3853/2050/4703 3937/1952/4703
f 3853/2052/4705 4005/2051/4705 4004/2053/4705
f 3852/2055/4706 3855/2054/4707 3853/2052/4708
f 3851/2057/4709 4006/2056/4710 4003/2058/4711
f 3850/1487/4712 3857/2059/4713 3851/2057/4709
f 3827/1530/4259 4025/2003/4258 3991/2061/4259
f 3572/2060/4714 3902/1601/4261 3826/1531/4257
f 3907/1998/4191 3991/2061/4191 4027/2161/4191
f 3622/2062/4715 3826/1531/4190 3906/1529/4190
f 3855/2054/4716 4008/2063/4717 4005/2051/4718
f 3854/2065/4719 3861/2064/4720 3855/2054/4721
f 3861/2064/4722 4009/2066/4723 4008/2063/4722
f 3860/2068/4724 3863/2067/4725 3861/2064/4725
f 3863/2067/4726 4010/2069/4727 4009/2066/4726
f 3862/2071/4728 3865/2070/4729 3863/2067/4728
f 3865/2073/4730 4011/2072/4730 4010/2074/4730
f 3864/2076/4731 3867/2075/4732 3865/2073/4733
f 3867/2075/4734 4012/2077/4735 4011/2072/4734
f 3866/2079/4736 3869/2078/4737 3867/2075/4737
f 3869/2078/4738 4013/2080/4738 4012/2077/4738
f 3868/2082/4739 3871/2081/4740 3869/2078/4741
f 4013/2080/4742 3873/2083/4743 4014/2086/4744
f 3871/2081/4745 3872/2084/4746 3873/2083/4747
f 4014/2086/4748 3875/2087/4749 4015/2089/4749
f 3873/2083/4750 3874/2088/4751 3875/2087/4752
f 4015/2089/4753 3877/2090/4754 4016/2092/4755
f 3875/2087/4756 3876/2091/4756 3877/2090/4756
f 4016/2092/4757 3879/2093/4758 4017/2150/4759
f 3877/2090/4760 3878/2094/4761 3879/2093/4761
f 4017/2095/4762 3881/2096/4763 4018/2100/4764
f 3879/2097/4765 3880/2098/4766 3881/2096/4766
f 4018/2100/4767 3883/2101/4768 4019/3345/4767
f 3881/2096/4769 3882/2102/4770 3883/2101/4769
f 4356/2103/4771 3945/1496/4772 4039/1568/4773
f 4354/2104/4774 3944/1735/4775 3945/1496/4774
f 4007/2107/4776 4387/2106/4777 4390/2108/4776
f 3859/2110/4778 4388/2109/4778 4387/2106/4778
f 4040/2111/4779 3949/1937/4779 4041/2141/4779
f 3947/1941/4780 3948/1936/4143 3949/1937/4779
f 3941/1945/4781 3568/1706/4782 3671/1551/4618
f 3940/2112/4783 3891/1942/4784 3941/1945/4621
f 3885/2028/4785 3567/1695/4785 3565/1554/4785
f 3884/2027/4786 3889/1947/4786 3885/2028/4786
f 3963/1550/4341 3674/2113/4787 3498/2114/4787
f 3984/1694/4329 3669/2115/4788 3668/2116/4789
f 3962/1553/4330 3668/2116/4789 3497/2117/4790
f 3976/2118/4791 3664/1499/4792 3644/1687/4792
f 3965/1686/4793 3660/1545/4793 3563/1684/4793
f 3968/2119/4794 3662/1642/4792 3583/1620/4795
f 3656/2120/4796 3961/1443/4317 3566/2121/4797
f 3975/2122/4791 3653/1648/4792 3643/1672/4792
f 3650/1538/4798 3964/1439/4308 3562/1543/4799
f 3974/2124/4791 3647/2123/4792 3642/1665/4792
f 3979/2125/4791 3644/1687/4792 3653/1648/4792
f 4488/2126/4791 3643/1672/4792 4482/1645/4792
f 3981/2127/4791 3642/1665/4792 3662/1642/4792
f 3633/2129/4800 3972/2128/4801 3634/1625/4802
f 3634/1625/4802 3971/2130/4803 3635/1623/4804
f 3635/1623/4804 3968/2119/4794 3583/1620/4795
f 3966/1436/4805 3626/2131/4805 3564/1614/4806
f 3774/1842/4807 3505/2132/4807 3798/1840/4807
f 3991/2061/4808 3617/2133/4809 3505/2134/4810
f 3960/1447/4213 3497/2117/4811 3495/1446/4811
f 3985/1552/4211 3498/2114/4812 3669/2115/4788
f 3593/2136/4813 4389/2135/4814 4386/2137/4815
f 4379/1534/4816 3967/2138/4817 3571/1533/4816
f 3656/2120/4796 3960/1447/4818 3980/1445/4116
f 3566/2121/4819 3978/1444/4115 3650/1538/4798
f 3964/1439/4110 3563/1542/4820 3562/1543/4820
f 3982/1438/4821 3564/1614/4821 3660/1545/4821
f 3689/2140/4822 4041/2141/4823 3560/1750/4824
f 4378/2142/4825 4007/2107/4826 4390/2108/4827
f 4351/2144/4828 4039/1568/4773 3558/2209/4829
f 3556/2145/4830 4019/2146/4831 3557/2342/4831
f 3555/2148/4832 4018/2100/4832 3556/3346/4832
f 3554/2149/4833 4017/2150/4833 3555/3347/4833
f 3553/2151/4834 4016/2092/4834 3554/2149/4834
f 3552/2152/4835 4015/2089/4836 3553/2151/4836
f 3551/2153/4837 4014/2086/4838 3552/2152/4838
f 4012/2077/4839 3551/2153/4840 3550/2154/4841
f 4011/2072/4842 3550/2154/4842 3549/2155/4842
f 4010/2074/4843 3549/2155/4844 3548/2156/4844
f 4009/2066/4845 3548/2157/4846 3547/2158/4847
f 4008/2063/4848 3547/2158/4848 3546/2159/4848
f 4005/2051/4849 3546/2159/4849 3545/2160/4849
f 4027/2161/4850 3505/2134/4810 3621/2162/4851
f 4003/2058/4711 3516/2163/4852 3517/2164/4853
f 3520/2165/4854 4005/2051/4854 3545/2160/4854
f 3665/2166/4855 4004/2167/4855 3520/3348/4855
f 4079/2168/4856 4001/1930/4856 3515/2213/4856
f 3513/2169/4857 4000/2170/4857 3514/1852/4857
f 3606/1580/4858 3999/2045/4859 3513/2169/4859
f 3608/2171/4860 3998/2017/4861 3512/2189/4861
f 3510/2172/4862 3997/2014/4862 3511/2190/4863
f 3509/2173/4864 3996/2041/4865 3510/2172/4866
f 3610/2174/4867 3995/2175/4868 3509/3349/4869
f 3612/2176/4870 3994/2011/4871 3508/2191/4872
f 3614/2177/4873 3993/2008/4874 3507/2192/4874
f 3616/2178/4875 3992/2005/4875 3506/2193/4875
f 4384/2179/4876 3990/2180/4876 3503/3350/4876
f 3654/2181/4877 4047/1426/4878 4055/1965/4877
f 3487/2183/4879 4054/2182/4880 3648/2184/4881
f 3485/2185/4882 3988/2186/4883 3492/3351/4883
f 4037/2020/4884 3493/2188/4884 3657/1880/4884
f 3512/2189/4885 4020/2043/4886 3606/1580/4858
f 3511/2190/4887 4021/2042/4888 3608/2171/4860
f 3508/2191/4889 4022/2035/4890 3610/2174/4867
f 3507/2192/4891 4023/2034/4892 3612/2176/4870
f 3506/2193/4893 4024/2033/4894 3614/2177/4873
f 3505/2132/4895 3773/1607/4895 3798/1840/4895
f 3617/2133/4896 4026/2002/4896 3616/2178/4897
f 3625/1870/4898 4029/2194/4899 3624/1865/4899
f 3990/1997/4900 3621/2162/4901 3503/2196/4901
f 3989/2197/4902 3625/1870/4903 3493/2188/4902
f 3624/2198/4904 4030/1796/4904 3623/1794/4904
f 3518/2199/4905 4051/1988/4906 4002/1961/4907
f 3630/2200/4906 4052/1985/4908 4051/1988/4906
f 3631/2201/4908 4053/1984/4909 4052/1985/4908
f 3659/2203/4910 4031/1979/4910 3641/2206/4910
f 4483/2204/4910 4032/1970/4910 3640/2207/4910
f 3652/2205/4910 4033/1951/4910 3639/2208/4910
f 3641/2206/4910 4034/1977/4910 3646/3131/4910
f 3648/2184/4881 3987/2187/4911 3485/2185/4912
f 3640/2207/4910 4035/1968/4910 3652/2205/4910
f 3487/2183/4913 4055/1965/4877 4048/1963/4914
f 4002/1961/4907 3659/2203/4910 3518/2199/4905
f 3492/1871/4915 4037/2020/4915 3657/1880/4916
f 3639/2208/4910 4038/1949/4910 3665/2166/4910
f 3558/2209/4917 4040/2111/4917 3689/2140/4917
f 3695/1751/4918 4042/1940/4382 3692/1741/4381
f 3517/2210/4919 4045/1934/4595 4003/1932/4595
f 4001/1930/4920 3763/2212/4920 3515/2213/4921
f 3514/2214/4922 4046/2215/4922 3764/2225/4923
f 3953/1938/4603 4041/2141/4924 3949/1937/4602
f 3955/1739/4925 4042/1940/4605 3951/1939/4604
f 4050/1427/4926 3942/1710/4926 3890/1943/4927
f 4056/1697/4928 3940/2112/4929 3938/1946/4928
f 4049/1424/4928 3938/1946/4928 3888/1948/4930
f 4057/1429/4931 3890/1943/4932 3940/2112/4929
f 4047/1426/4933 3888/1948/4933 3884/2027/4933
f 4030/1796/4934 4060/2216/4934 4061/1795/4934
f 4062/2217/4935 4053/1984/4909 3632/2202/4909
f 4064/2219/4800 3973/2218/4936 3633/2129/4800
f 4065/2220/4937 3917/1626/4277 3916/1986/4640
f 4068/2221/4938 3916/1986/4939 4053/1984/4638
f 4066/2222/4940 3633/2129/4941 3917/1626/4277
f 4430/1633/4942 4063/2223/4943 3627/3352/4942
f 3764/2225/4944 4091/2048/4944 4079/2168/4944
f 3958/1927/4945 4089/2049/4701 3959/1925/4946
f 4046/2215/4947 4089/2049/4701 4091/2048/4698
f 4080/1815/4948 3704/2226/4948 3705/1814/4948
f 4081/1812/4949 3706/2227/4950 3707/1811/4949
f 3711/1804/4951 4074/1806/4952 3710/3353/4953
f 4083/1802/4954 3712/2228/4955 3713/1801/4955
f 4084/1799/4956 3714/2229/4956 3715/1798/4956
f 4085/1920/4957 3716/2230/4957 3717/2231/4957
f 4086/1839/4958 3717/2231/4959 3718/2001/4960
f 4088/1919/4961 3720/1996/4961 3721/2232/4961
f 4079/1818/4962 3790/2233/4962 3764/2234/4962
f 4080/1815/4585 3791/1583/4963 3767/1855/4583
f 4081/1812/4582 3792/1859/4964 3768/1585/4580
f 4072/1810/4965 3793/1861/4966 3792/1859/4964
f 4073/1808/4967 3794/1860/4578 3793/1861/4966
f 4082/1805/4577 3795/1862/4968 3769/1587/4969
f 4083/1802/4576 3796/1863/4970 3770/1591/4574
f 4084/1799/4573 3797/1603/4971 3771/1597/4571
f 3766/1922/4972 4090/1503/4164 3958/1927/4945
f 4391/2236/4973 3544/2235/4973 4378/2237/4973
f 4392/2238/4974 4093/2239/4974 4092/2240/4974
f 3632/1635/4975 4093/2239/4976 4062/2401/4977
f 4092/2240/4978 4094/1636/4979 3722/1793/4980
f 4393/2241/4981 4092/2240/4982 4095/2242/4981
f 4095/2242/4983 3722/1793/4984 3776/1792/4983
f 4095/2242/4985 4384/2243/4986 4393/2241/4985
f 4059/2244/4987 3776/1792/4988 3623/1864/4987
f 4096/1494/4989 3788/1824/4990 3587/1465/4990
f 3788/1824/4991 4110/1819/4992 3702/1823/4991
f 4108/2246/4993 3685/2245/4993 3686/2247/4993
f 4357/2248/4994 3686/2247/4995 4350/2249/4996
f 4106/1716/4997 3680/2250/4998 3681/2251/4998
f 4103/1490/4999 3681/2251/5000 3539/2252/5000
f 4096/1494/5001 3531/2253/5001 3529/1851/5001
f 4097/1492/5002 3533/2254/5003 3531/2255/5002
f 4098/2257/5004 3535/2256/5005 3533/2254/5004
f 4099/2259/5006 3536/2258/5007 3535/2256/5006
f 4100/2261/5008 3537/2260/5008 3536/2258/5008
f 4101/2263/5009 3538/2262/5009 3537/2260/5009
f 4109/1491/5010 3539/2252/5010 3685/2245/5010
f 4107/1489/5011 3541/2264/5012 3680/2250/5011
f 3491/1434/5013 4104/1488/5013 4105/1433/5014
f 4098/2265/5015 4113/2266/5016 4116/3354/5015
f 4098/2265/5017 4117/2268/5017 4099/2269/5017
f 4108/2271/5018 4122/2270/5018 4109/2272/5019
f 4099/2274/5020 4118/2273/5021 4100/2275/5022
f 3687/2277/5023 4114/2276/5024 3684/2278/5024
f 4102/2280/5025 4358/2279/5026 4357/2281/5027
f 4100/2283/5028 4119/2282/5028 4101/2284/5028
f 3589/2267/5029 4112/2285/5029 4113/2266/5030
f 4109/2288/5031 4115/2287/5032 3687/2277/5032
f 4101/2284/5033 4120/2289/5033 4102/2280/5033
f 4135/2291/5034 3779/1780/5035 3802/1789/5036
f 3648/2293/5037 3485/1874/4515 4125/2292/5038
f 4147/2296/5039 3800/1790/5039 3801/1781/5040
f 3804/1783/5041 4182/2298/5041 4178/2297/5041
f 4139/2300/5042 4142/2299/5043 3801/1781/5040
f 3802/1789/5036 3803/1788/4309 4130/2301/5044
f 4280/3355/5045 3673/2303/5045 4282/3356/5046
f 4310/3357/5047 4314/3358/5047 3809/1771/5047
f 4247/2308/5048 4246/3359/5048 3778/1779/5048
f 4292/2311/5049 4293/2310/5049 3672/2312/5050
f 4262/2314/5051 3808/1773/5052 3809/1771/5051
f 4261/2313/5053 3783/1775/5054 3808/1773/5052
f 4306/2317/5055 4307/2316/5056 3667/2318/5057
f 3666/2320/5058 3488/1885/4523 4302/2319/5059
f 4299/2323/5060 3805/1778/5061 3806/1700/5062
f 4328/2324/5063 4326/3360/5063 3680/2326/5063
f 4276/2327/5064 3781/1704/4338 3807/1712/4352
f 3703/2329/5065 3698/2328/5066 3752/2330/5065
f 3752/2330/5067 3692/2331/5068 3751/2332/5069
f 3751/2332/5070 3695/2333/5071 3750/2334/5071
f 3750/2334/5072 3560/2335/5073 3749/2336/5072
f 3749/2336/5074 3689/2337/5075 3748/2338/5074
f 3748/2338/5076 3558/2339/5076 3747/2346/5077
f 4357/2281/5027 4121/2340/5078 4108/2271/5079
f 4102/2341/5080 4350/2249/4996 3538/2262/5081
f 4019/2146/5082 4351/2144/5083 3557/2342/5083
f 3883/2343/5084 4355/2105/5084 4354/2104/5084
f 4019/2146/5085 4354/2104/5085 4356/2103/5086
f 3787/1730/4369 4350/1902/4537 3686/1729/4367
f 3746/1912/5087 4353/1766/5088 3787/1730/5088
f 4351/2345/5089 3747/2346/5089 3558/2339/5089
f 4352/2347/5090 3557/2348/5091 3746/3361/5090
f 3746/1912/5092 3556/2349/5093 3557/2350/5093
f 3745/1911/5094 3555/2351/5094 3556/2349/5094
f 3744/1913/5095 3554/2352/5096 3555/2351/5095
f 3743/1767/5097 3553/2353/5098 3554/2352/5099
f 3742/1914/5100 3552/2354/5101 3553/2353/5098
f 3741/1915/5102 3551/2355/5103 3552/2354/5101
f 3740/1770/5104 3550/2356/5105 3551/2355/5103
f 3739/1772/5106 3549/2357/5107 3550/2356/5105
f 3549/2357/5107 3737/1916/5108 3548/2358/5109
f 3548/2358/5109 3736/1776/5110 3547/2359/5111
f 3547/2359/5111 3735/1777/5112 3546/2360/5113
f 3546/2360/5114 3734/1917/5114 3545/2361/5114
f 3545/2361/5115 3733/1692/5115 3520/3362/5115
f 3721/2363/5116 4361/2362/5117 4362/2364/5116
f 4362/2364/5118 3544/2365/5118 3721/2363/5118
f 4401/2367/5119 4414/2368/5120 4402/2392/5121
f 4363/2371/5122 4400/2370/5123 4401/2372/5123
f 4362/2364/5124 4363/2371/5125 4364/2374/5124
f 3859/2373/5126 4362/2364/5126 4364/2374/5127
f 3858/2375/5128 4364/2374/5129 4365/2376/5128
f 4366/2377/5130 4364/2374/5130 4363/2371/5130
f 4402/2378/5131 4363/2371/5132 4401/2372/5131
f 4420/3363/164 4376/3364/164 4405/3365/164
f 3593/2380/5133 4365/2379/5134 4368/2381/5133
f 4369/2382/5135 4365/2376/5136 4366/2377/5137
f 4403/2383/5138 4366/2377/5138 4402/2378/5138
f 4470/2385/5139 4406/2384/5140 3967/2386/5140
f 3969/2387/5141 4368/2381/5141 4371/2388/5142
f 4369/2382/5143 4371/2389/5143 4368/3366/5143
f 4404/2391/5144 4369/2382/5144 4403/2383/5145
f 4402/2392/5121 4416/2393/5146 4403/2996/5147
f 3969/2387/5148 4371/2388/5148 4370/2394/5148
f 4367/2396/5149 4374/2397/5150 4370/3367/5151
f 4360/2399/5152 4375/2398/5153 4367/2396/5154
f 4393/2241/5155 3503/1617/5155 3775/1615/5155
f 3775/1615/5156 4392/2238/5156 4393/2241/5156
f 4088/1919/5157 4391/2236/5158 4392/2238/5157
f 4093/2239/5159 4378/2237/5160 4062/2401/5161
f 4059/2402/5162 4383/2029/5163 4384/2179/5164
f 4378/2142/5165 4068/2221/5165 4062/2217/5165
f 4386/2137/4800 4067/2403/4936 4064/2219/4800
f 4387/2106/5166 4066/2222/4940 4065/2220/4937
f 4390/2108/5167 4065/2220/5168 4068/2221/4938
f 4061/1795/5169 4380/2031/5170 4383/2029/5169
f 4388/2109/5171 4064/2219/5172 4066/2222/4940
f 4440/1482/4800 4063/2223/4943 4439/2224/4800
f 3883/2343/5173 3557/2342/5174 3882/2344/5173
f 3502/2405/5175 2502/2404/5176 2268/2406/5175
f 2267/2407/5177 3494/2408/5178 2260/2422/5179
f 3499/2411/5180 2266/2410/5181 2265/2412/5182
f 3675/2413/5183 2265/2412/5182 2519/2414/5184
f 2513/2415/5185 3498/2416/5186 2264/2458/5187
f 3495/2419/5188 2263/2418/5189 2261/2420/5188
f 3494/2408/5178 2493/2421/5190 2260/2422/5179
f 3496/2424/5191 2499/2423/5192 2262/2425/5191
f 2270/2426/5193 4377/2427/5193 3468/3368/5193
f 3519/3369/164 2473/3370/164 2296/3371/164
f 2298/3372/164 3663/3373/164 2507/3374/164
f 2302/3375/164 3523/3376/164 2300/3377/164
f 2304/3378/164 3525/3379/164 2302/3375/164
f 3530/2430/5194 2758/2429/5195 2308/2431/5196
f 3532/2432/5197 2308/2431/5196 2310/2433/5197
f 3534/2434/5198 2310/2433/5198 2312/2435/5198
f 3542/2440/5199 2523/2439/5199 2320/2441/5200
f 2266/2410/5181 3542/2440/5201 2320/2441/5201
f 3561/3380/164 2532/3381/164 2377/3382/164
f 2429/3383/164 3521/3384/164 2298/3372/164
f 3527/3385/164 2304/3378/164 2305/3386/164
f 2304/3378/164 3594/3387/164 2429/3383/164
f 2463/2443/5202 3502/2405/5203 2268/2406/5204
f 3626/2446/5205 3037/2445/5205 2470/2447/5205
f 2472/3388/164 3627/2449/164 2471/2450/164
f 2473/3370/164 3628/3389/164 2472/3388/164
f 2480/3390/164 3661/3391/164 2505/3392/164
f 4472/3393/164 3645/3394/164 2489/3395/164
f 2482/3396/164 3651/3397/164 2495/3398/164
f 2489/3395/164 3636/3399/164 2480/3390/164
f 2493/2421/5190 3496/2424/5206 2262/2425/5207
f 2495/3398/164 3637/3400/164 2481/3401/164
f 2499/2423/5192 3495/2419/5188 2261/2420/5188
f 3658/2453/5208 2267/2407/5177 2502/2404/5176
f 2505/3392/164 3519/3369/164 2296/3371/164
f 2507/3374/164 3638/3402/164 2482/3396/164
f 3497/2455/5209 2512/2454/5210 2263/2418/5189
f 3668/2456/5210 2513/2415/5185 2512/2454/5210
f 3498/2416/5211 2518/2457/5212 2264/2458/5213
f 3674/2459/5214 2519/2414/5184 2518/2457/5212
f 2522/2460/5215 3540/2438/5216 2318/2436/5216
f 3679/2462/5217 2522/2460/5215 2523/2439/5217
f 2532/3381/164 3559/3403/164 2375/3404/164
f 3559/2464/5218 2434/2463/5219 2375/2465/5220
f 2540/3405/164 3561/3380/164 2377/3382/164
f 3699/3406/164 2537/3407/164 2543/3408/164
f 3693/3409/164 2540/3405/164 2537/3407/164
f 3527/3385/164 2543/3408/164 2305/3386/164
f 2545/3410/164 3527/3385/164 2305/3386/164
f 2758/2429/164 3700/3411/164 2545/3410/164
f 3908/2466/5221 2470/2447/5221 2935/2467/5222
f 3909/2468/5223 2935/2467/5223 2936/2469/5223
f 2434/2463/5224 3944/2470/5225 2971/3412/5225
f 2938/2472/5226 3910/2473/5226 2937/2475/5226
f 2937/2475/5227 3909/2476/5227 2936/3413/5227
f 3970/2478/5228 2463/2477/5228 3037/2445/5228
f 4060/2479/5229 2938/2472/5229 3146/2480/5229
f 4063/2482/5230 3476/2481/5230 3149/2448/5230
f 4113/2484/5231 3199/2483/5231 3200/2485/5231
f 4114/2487/5232 3202/2486/5233 3201/2488/5233
f 3203/2489/5234 4113/2484/5234 3200/2485/5234
f 4115/2492/5235 3209/2491/5235 3202/2486/5235
f 3209/2491/5236 4121/2493/5237 3208/2495/5236
f 3208/2495/5238 4358/2496/5239 3449/2975/5238
f 4117/2497/5240 3203/2489/5240 3204/2498/5240
f 4118/2499/5241 3204/2498/5242 3205/2500/5243
f 4119/2501/5244 3205/2500/5245 3206/2502/5244
f 4120/2503/5246 3206/2502/5247 3207/2504/5248
f 3199/2507/5249 3534/2434/5249 2312/2435/5250
f 3212/2509/5251 4123/2510/5252 3210/2513/5253
f 4123/2510/5252 3211/2512/5254 3210/2513/5253
f 4128/2515/5255 3214/2514/5256 3215/2516/5257
f 3213/2517/5258 4128/2515/5255 3215/2516/5257
f 4124/2520/5259 3216/2519/5260 3211/2512/5254
f 4130/2521/5261 3213/2517/5258 3217/2522/5261
f 4129/2524/5260 3218/2523/5262 3216/2519/5260
f 4132/2525/5263 3217/2522/5261 3219/2526/5264
f 3218/2523/5262 4133/2527/5265 3220/2529/5266
f 3220/2529/5266 4134/2530/5267 3221/2535/5268
f 4136/2531/5269 3219/2526/5264 3223/2532/5270
f 3222/2533/5271 4136/2531/5269 3223/2532/5270
f 3221/2535/5272 4137/2536/5272 3224/3414/5272
f 4138/2537/5273 3222/2533/5271 3225/2538/5274
f 3226/2539/5275 4138/2537/5273 3225/2538/5274
f 4141/2542/5276 3227/2541/5277 3228/2543/5278
f 3224/2544/5279 4141/2545/5279 3228/3415/5279
f 4142/2547/5280 3226/2539/5275 3229/2548/5280
f 3231/2549/5281 4143/2550/5281 3230/2565/5281
f 3232/2552/5282 4144/2551/5283 3231/2549/5284
f 3227/2554/5285 4145/2553/5286 3232/2552/5282
f 4146/2556/5287 3229/2548/5288 3233/2557/5289
f 4147/2558/5290 3233/2557/5289 3234/2559/5291
f 3235/2560/5292 4149/2561/5293 3236/2570/5293
f 3237/2563/5292 4148/2562/5292 3235/2560/5292
f 3230/2565/5294 4151/2566/5295 3238/2568/5295
f 4151/2566/5295 3239/2567/5296 3238/2568/5295
f 3239/2567/5297 4150/2564/5297 3237/2563/5297
f 3236/2570/5293 4155/2571/5292 3242/2575/5292
f 3241/2572/5292 4153/2573/5292 3240/2579/5292
f 3242/2575/5292 4154/2574/5292 3241/2572/5292
f 3243/2576/5298 4158/2577/5298 3245/2580/5298
f 3240/2579/5292 4156/2578/5298 3243/2576/5298
f 3245/2580/5298 4157/2581/5298 3244/2582/5298
f 3244/2582/5298 4159/2583/5298 3246/2584/5298
f 3246/2584/5298 4160/2585/5298 3247/2589/5298
f 3248/2586/5299 4162/2587/5299 3249/2594/5299
f 3247/2589/5300 4161/2590/5300 3248/3416/5301
f 3251/2591/5302 4163/2592/5302 3250/2595/5302
f 3249/2594/5303 4164/2593/5303 3251/2591/5303
f 3250/2595/5304 4147/2558/5304 3234/2559/5304
f 4165/2597/5305 3253/2596/5306 3252/2598/5305
f 3253/2596/5306 4167/2599/5307 3254/2602/5308
f 4167/2599/5307 3255/2601/5309 3254/2602/5308
f 4168/2603/5310 3212/2509/5251 3255/2601/5309
f 4171/2605/5311 3256/2604/5312 3258/2606/5311
f 4169/2608/5313 3257/2607/5314 3256/2604/5312
f 4172/2609/5315 3258/2606/5311 3259/2610/5315
f 4127/2611/5316 3259/2610/5315 3214/2514/5256
f 4173/2612/5305 3252/2598/5305 3260/2613/5305
f 4170/2615/5317 3261/2614/5318 3257/2607/5314
f 4175/2616/5305 3260/2613/5305 3262/2617/5305
f 4174/2619/5318 3263/2618/5318 3261/2614/5318
f 4177/2620/5305 3262/2617/5305 3264/2621/5305
f 4176/2623/5319 3265/2622/5319 3263/2618/5319
f 4179/2625/5320 3268/2624/5321 3266/2626/5322
f 4180/2627/5323 3266/2626/5323 3267/2628/5323
f 4181/2629/5324 3264/2621/5324 3268/2624/5324
f 4178/2631/5325 3269/2630/5325 3265/2622/5325
f 4183/2633/5326 3271/2632/5326 3270/2634/5326
f 4184/2635/5327 3267/2628/5327 3271/2632/5327
f 4185/2637/5328 3270/2636/5328 3272/2638/5328
f 4186/2640/5329 3283/2639/5329 3273/2641/5329
f 3275/2642/5330 4187/2643/5330 3274/2648/5330
f 4189/2646/5331 3277/2645/5331 3276/2647/5331
f 3274/2648/5332 4189/2646/5333 3276/2647/5332
f 3269/2630/5334 4191/2649/5334 3278/3417/5334
f 3278/2651/5335 4188/2644/5335 3275/2642/5336
f 4192/2653/5337 3272/2638/5337 3279/2654/5337
f 4193/2656/5329 3281/2655/5329 3280/2657/5329
f 4194/2658/5329 3279/2654/5329 3281/2655/5329
f 4195/2659/5329 3280/2657/5329 3282/2660/5329
f 4196/2661/5329 3282/2660/5329 3283/2639/5329
f 4198/2663/5329 3284/2662/5329 3285/2664/5329
f 4197/2665/5329 3273/2641/5329 3284/2662/5329
f 4199/2666/5329 3285/2664/5329 3286/2667/5329
f 4200/2668/5329 3286/2667/5329 3287/2669/5329
f 4190/2670/5329 3287/2669/5329 3277/2645/5329
f 3289/2671/5338 4201/2672/5339 3288/2674/5339
f 3288/2674/5339 4203/2675/5339 3290/2676/5339
f 3290/2676/5339 4204/2677/5339 3291/2678/5338
f 3291/2678/5340 4205/2679/5341 3292/2681/5341
f 4205/2679/5341 3293/2680/5342 3292/2681/5341
f 3293/2680/5342 4207/2682/5343 3294/2684/5344
f 3294/2684/5344 4208/2685/5345 3295/2686/5346
f 3295/2686/5346 4209/2687/5347 3296/3418/5348
f 3297/2688/5349 4211/2689/5349 3298/2691/5349
f 3298/2691/5338 4202/2673/5338 3289/2671/5338
f 3296/2692/5350 4212/2693/5351 3299/2695/5351
f 3299/2695/5351 4213/2696/5350 3300/2697/5351
f 3300/2697/5351 4214/2698/5351 3301/2707/5350
f 3303/2699/5352 4215/2700/5352 3302/2712/5352
f 3306/2702/5352 4217/2703/5352 3304/2711/5352
f 3305/2705/5352 4219/2704/5352 3306/2702/5352
f 3301/2707/5350 4216/2701/5351 3303/2699/5350
f 3307/2708/5353 4221/2709/5353 3308/2716/5353
f 3304/2711/5353 4220/2710/5353 3307/2708/5353
f 3302/2712/5352 4218/2706/5352 3305/2705/5352
f 3310/2713/5353 4222/2714/5353 3309/2717/5353
f 3308/2716/5353 4223/2715/5353 3310/2713/5353
f 3309/2717/5354 4224/2718/5354 3311/2719/5354
f 3311/2719/5354 4225/2720/5355 3312/2721/5354
f 3312/2721/5354 4226/2722/5354 3313/2723/5354
f 3313/2723/5354 4227/2724/5354 3314/2725/5354
f 3314/2725/670 4228/2726/670 3315/2727/670
f 3315/2727/670 4229/2728/2477 3316/2729/5356
f 3316/2729/5356 4230/2730/5357 3317/2731/5357
f 3317/2731/5357 4231/2732/5358 3318/2733/5359
f 3318/2733/5359 4232/2734/5360 3319/2735/5360
f 3319/2735/5361 4233/2736/5361 3320/3419/5361
f 3320/2737/5362 4234/2738/5363 3321/2740/5363
f 3321/2740/5363 4235/2741/5364 3322/2742/5365
f 3322/2742/5365 4236/2743/5366 3323/2744/5367
f 3323/2744/5367 4237/2745/5368 3324/2759/5368
f 4241/2747/5369 3326/2746/5370 3328/2748/5370
f 3331/2749/5371 4240/2750/5372 3327/3420/5372
f 4239/2753/5373 3325/2752/5374 3326/2754/5373
f 3327/2755/5375 4241/2747/5376 3328/2748/5377
f 4238/2758/5378 3329/2757/5379 3325/2752/5374
f 3324/2759/5368 4245/2760/5380 3332/2763/5380
f 3330/2761/5381 4244/2751/5382 3331/2749/5371
f 3332/2763/5383 4243/2762/5383 3330/2761/5383
f 4250/2765/5384 3333/2764/5385 3337/2766/5386
f 4246/2768/5387 3334/2767/5388 3333/2764/5385
f 4248/2770/5389 3336/2769/5390 3335/2771/5391
f 4249/2772/5392 3337/2766/5386 3336/2769/5390
f 4242/2773/5393 3335/2771/5394 3329/2757/5379
f 3339/2774/5395 4251/2775/5396 3338/2784/5396
f 4253/2777/5397 3339/2774/5398 3340/2778/5397
f 4254/2779/5399 3340/2778/5397 3341/2780/5400
f 4255/2781/5401 3341/2780/5400 3342/2782/5402
f 4247/2783/5403 3342/2782/5402 3334/2767/5403
f 3338/2784/5396 4256/2785/5404 3343/2786/5404
f 3343/2786/5404 4257/2787/5405 3344/2788/5406
f 3344/2788/5406 4258/2789/5407 3345/2891/5407
f 4260/2791/5408 3346/2790/5408 3347/2792/5408
f 4264/2794/5409 3348/2793/5410 3351/2795/5409
f 4261/2797/5411 3349/2796/5412 3348/2793/5410
f 4263/2798/5413 3351/2795/5409 3350/2799/5414
f 4259/2801/5408 3352/2800/5415 3346/2790/5408
f 3352/2800/5416 4266/2802/5417 3353/2804/5416
f 3353/2804/5418 4267/2805/5419 3354/2807/5419
f 4267/2805/5420 3355/2806/5420 3354/2807/5420
f 4268/2809/5421 3356/2808/5421 3355/2806/5421
f 4269/2811/5421 3357/2810/5421 3356/2808/5421
f 4270/2813/5421 3358/2812/5422 3357/2810/5421
f 4271/2815/5422 3359/2814/5423 3358/2812/5422
f 3361/2816/5424 4273/2817/5425 3360/2820/5426
f 4272/2819/5427 3361/2816/5424 3359/2814/5427
f 3360/2820/5426 4275/2821/5428 3362/2828/5428
f 4276/2823/5429 3364/2822/5430 3363/2824/5431
f 4277/2826/5432 3365/2825/5433 3364/2822/5430
f 4278/2827/5434 3350/2799/5414 3365/2825/5433
f 3362/2828/5428 4279/2829/5428 3366/2833/5428
f 4281/2831/5435 3367/2830/5436 3368/2832/5435
f 3366/2833/5428 4281/2831/5428 3368/2832/5428
f 4280/2835/5437 3369/2834/5438 3367/2830/5436
f 4282/2837/5439 3370/2836/5440 3369/2834/5438
f 4283/2839/5440 3371/2838/5440 3370/2836/5440
f 4284/2841/5440 3372/2840/5440 3371/2838/5440
f 4285/2843/5441 3373/2842/5442 3372/2840/5441
f 4286/2845/5442 3374/2844/5443 3373/2842/5442
f 4288/2847/5444 3376/2846/5445 3375/2848/5444
f 4290/2849/5446 3375/2848/5444 3377/2850/5447
f 4291/2851/5448 3377/2850/5447 3378/2852/5449
f 4292/2853/5450 3378/2852/5449 3379/2854/5450
f 3380/2855/5451 4292/2853/5450 3379/2854/5450
f 3381/2857/5452 4293/2856/5451 3380/2855/5451
f 4287/2860/5443 3382/2859/5453 3374/2844/5443
f 3382/2859/5453 4294/2858/5454 3381/2857/5452
f 3383/2862/5455 4297/2863/5456 3384/2865/5457
f 3384/2865/5457 4276/2823/5429 3363/2824/5431
f 4298/2866/5458 3383/2862/5455 3385/2867/5459
f 3386/2868/5460 4298/2866/5458 3385/2867/5459
f 3388/2870/5461 4300/2871/5349 3387/2873/5349
f 3387/2873/5349 4210/2690/5349 3297/2688/5349
f 4303/2874/5462 3388/2870/5461 3390/2875/5463
f 3389/2876/5464 4303/2874/5462 3390/2875/5463
f 4304/2878/5465 3389/2876/5466 3391/2879/5467
f 4306/2881/5468 3392/2880/5469 3393/2882/5470
f 4305/2883/5471 3391/2879/5467 3392/2880/5469
f 3394/2884/5472 4306/2881/5468 3393/2882/5470
f 3395/2886/5473 4307/2885/5474 3394/2884/5472
f 4289/2888/5475 3395/2886/5473 3376/2846/5475
f 3396/2889/5476 4299/2869/5460 3386/2868/5460
f 3345/2891/5477 4309/2890/5478 3396/2889/5479
f 4310/2893/5480 3398/2892/5480 3397/2894/5480
f 3399/2895/5481 4313/2896/5482 3400/2900/5482
f 4314/2898/5483 3397/2894/5480 3401/2899/5483
f 3400/2900/5482 4260/2791/5482 3347/2792/5482
f 4315/2901/5484 3401/2899/5483 3402/2902/5484
f 4262/2903/5485 3402/2902/5484 3349/2796/5486
f 4317/2905/5487 3403/2904/5488 3404/2906/5487
f 3406/2907/5489 4318/2908/5490 3405/2934/5491
f 3403/2904/5492 4320/2910/5492 3407/2913/5492
f 4320/2910/5493 3408/2912/5493 3407/2913/5493
f 4322/2914/5494 3406/2907/5489 3409/2915/5494
f 4311/2916/5480 3409/2915/5480 3398/2892/5480
f 4321/2917/5481 3399/2895/5481 3408/2912/5481
f 3411/2918/5495 4323/2919/5495 3410/2947/5495
f 4325/2922/5496 3413/2921/5497 3412/2923/5496
f 3414/2924/5495 4324/2920/5495 3411/2918/5495
f 4326/2927/5497 3415/2926/5498 3413/2921/5497
f 4329/2929/5499 3414/2928/5500 3416/2930/5500
f 3417/2931/5501 4329/2929/5502 3416/2930/5501
f 4328/2933/5498 3404/2906/5487 3415/2926/5498
f 3405/2934/5491 4330/2932/5503 3417/2931/5503
f 4332/2936/5504 3418/2935/5504 3419/2937/5504
f 4334/2939/5505 3420/2938/5506 3421/2940/5505
f 4335/2941/5507 3419/2937/5508 3422/2942/5507
f 4333/2944/5509 3423/2943/5510 3420/2938/5506
f 4336/2946/5511 3424/2945/5512 3423/2943/5510
f 3410/2947/5495 4335/2941/5507 3422/2942/5507
f 4337/2948/5513 3412/2923/5514 3424/2945/5512
f 4338/2950/5515 3426/2949/5515 3425/2951/5515
f 4341/2953/5516 3427/2952/5516 3428/2954/5516
f 4340/2956/5516 3429/2955/5516 3427/2952/5516
f 4343/2957/5517 3425/2951/5515 3430/2958/5517
f 4342/2960/5516 3431/2959/5516 3429/2955/5516
f 4331/2962/5518 3432/2961/5519 3418/2935/5520
f 4345/2963/5521 3430/2958/5517 3432/2961/5519
f 3431/2959/5522 4334/2939/5505 3421/2940/5505
f 4346/2965/5516 3428/2954/5516 3433/2966/5516
f 4347/2968/5523 3433/2967/5523 3434/2969/5523
f 4348/2970/5523 3434/2969/5523 3435/2971/5523
f 4349/2972/5523 3435/2971/5523 3436/2973/5523
f 4339/2974/5523 3436/2973/5523 3426/2949/5524
f 4358/2496/5239 3207/2504/5525 3449/2975/5238
f 3543/2977/5526 3465/2976/5526 2359/2978/5526
f 4374/2980/5527 3466/2979/5527 3465/2981/5527
f 4405/3365/164 3467/3421/164 4399/3422/164
f 3467/3421/164 3504/2428/164 2270/2426/164
f 4380/2982/5528 3146/2480/5528 3471/2983/5528
f 3476/2481/5529 3543/2984/5530 2359/3423/5529
f 3473/2986/5531 4379/2987/5532 3470/2992/5532
f 3472/2989/5533 4380/2990/5534 3471/3424/5535
f 3470/2992/5536 4381/2991/5536 3472/2989/5536
f 4469/2993/5537 4382/2988/5538 3473/2986/5531
f 3523/3376/164 2429/3383/164 2300/3377/164
f 2909/2995/5539 3557/2342/5540 2373/3425/5540
f 4375/3426/164 4399/3422/164 3466/2979/164
f 4403/2996/5147 4418/2997/5541 4404/3026/5542
f 3824/2998/5543 4409/2999/5543 3825/3123/5543
f 4426/3002/5544 4405/3001/5544 4360/3003/5544
f 4398/1411/1208 3467/1418/1208 3464/1412/1208
f 4397/1405/5545 3464/1412/5545 3461/1406/5545
f 4396/1401/5546 3461/1406/5546 3458/1402/5546
f 3458/1402/5547 4395/1395/5547 4396/1401/5547
f 3450/1385/1185 4395/1395/1185 3451/3004/1185
f 4415/3006/5548 4409/3005/5549 4408/3007/5548
f 4417/3008/5550 4408/3007/5551 4407/3009/5550
f 4419/3010/5552 4407/3009/5553 4406/3011/5554
f 4425/3012/5555 4406/3011/5554 4424/3013/5556
f 4421/3015/5557 4426/3014/5558 4425/3012/5559
f 4419/3010/5560 4416/3016/5561 4417/3008/5561
f 4417/3008/5562 4414/3017/5563 4415/3006/5563
f 4415/3006/5564 4423/3018/5565 4413/3020/5564
f 4423/3018/5566 4412/3019/5567 4413/3020/5568
f 4422/3021/5569 4401/2367/5569 4400/3022/5569
f 4421/3427/164 3504/2428/164 4376/3364/164
f 3967/2386/5140 4407/3023/5570 3571/3024/5570
f 3571/3024/5571 4408/3000/5571 3824/2998/5571
f 4419/3010/5572 4426/3014/5573 4418/3428/5573
f 4421/3015/5574 4424/3013/5575 4410/3025/5574
f 4418/2997/5541 4360/3003/5544 4404/3026/5542
f 4404/2391/5576 4367/2396/5577 4372/2390/5578
f 4367/2396/5149 4371/2389/5579 4372/2390/5580
f 4426/3014/5581 4373/3027/2710 4427/3036/2710
f 4427/3030/5582 4360/3029/5583 4426/3031/5584
f 4389/2135/4936 4439/2224/4800 4067/2403/4936
f 4067/2403/4936 4430/1633/5585 3973/2218/4936
f 4434/1656/4295 3983/1451/4124 3976/2118/4791
f 4431/1629/5586 3981/2127/4791 3968/2119/4794
f 4433/1653/4295 3979/2125/4791 3975/2122/4791
f 4432/1650/5587 3977/3032/4791 3974/2124/4791
f 4436/1658/4295 3976/2118/4791 3979/2125/4791
f 4490/1655/4296 3975/2122/4791 4488/2126/4791
f 4437/1652/5587 3974/2124/4791 3981/2127/4791
f 3973/2218/4936 4429/1631/5588 3972/2128/4801
f 3972/2128/4801 4428/1628/5589 3971/2130/4803
f 3971/2130/4803 4431/1629/5586 3968/2119/4794
f 4430/3033/5590 4367/3034/5591 4427/3030/5582
f 4427/3036/5592 3627/3037/5592 4430/3429/5592
f 4443/3039/82 4444/3038/82 4445/3040/82
f 4446/3041/155 4442/3042/5593 4444/3045/155
f 3629/3044/155 4444/3045/155 4428/3430/155
f 4445/3040/82 4428/3046/82 4429/3047/82
f 4429/3047/82 4427/3030/82 4445/3040/82
f 4445/3040/82 4426/3031/82 4443/3039/82
f 4456/3049/5594 4455/3048/5594 4426/3002/5594
f 4447/1827/5595 4442/3050/5595 4441/3051/5596
f 4452/3052/82 4450/3053/82 4451/3085/82
f 4453/3055/155 4450/3056/155 4451/3059/155
f 3661/3058/155 4451/3059/155 4437/3431/155
f 4452/3052/82 4437/3060/82 4431/3061/82
f 4428/3046/82 4452/3052/82 4431/3061/82
f 4444/3038/82 4449/3054/82 4452/3052/82
f 4449/3063/5597 4441/3064/5598 4442/3432/5597
f 4448/3066/5599 4449/3063/5600 4450/3067/5601
f 4459/3068/5602 4460/3433/5603 4443/3039/5604
f 4455/3434/164 4421/3427/164 4420/3363/164
f 4460/3070/5605 4441/3071/5605 4442/3435/5605
f 4425/3073/5606 4461/3074/5607 4458/3076/5606
f 4458/3076/5608 4462/3077/5609 4459/3436/5610
f 4459/3078/5611 4463/3079/5611 4460/3437/5611
f 4447/3438/164 4463/3439/164 4457/3440/164
f 4457/3440/164 4462/3441/164 4456/3442/164
f 4456/3442/164 4461/3443/164 4455/3434/164
f 4465/3082/5612 3636/3081/5612 4432/3083/5612
f 4432/3084/82 4451/3085/82 4465/3088/82
f 4467/3087/5612 4464/3086/5612 4465/3082/5612
f 4450/3053/82 4465/3088/82 4451/3085/82
f 4467/3090/5613 4448/3089/5613 4466/3091/5613
f 2849/3093/164 2883/3092/164 2881/3094/164
f 2881/3094/164 2851/3095/164 2849/3093/164
f 2853/3098/82 2879/3097/82 2851/3099/82
f 2855/3101/82 2877/3100/82 2853/3098/82
f 2857/3103/82 2875/3102/82 2855/3101/82
f 2859/3105/82 2873/3104/82 2857/3103/82
f 2861/3107/82 2871/3106/82 2859/3105/82
f 2865/3109/82 2867/3444/82 2869/3108/82
f 2427/3111/5614 2843/3112/5614 2400/3114/5615
f 3027/3113/5616 2400/3114/5617 3007/3116/5618
f 2358/3115/5619 3007/3116/5618 2321/3445/5620
f 4422/3118/5621 4359/3117/5621 4412/3119/5621
f 4411/3120/5622 4413/3020/5623 4412/3019/5624
f 4468/3121/5625 4412/3119/5625 4359/3117/5625
f 3825/3123/5626 4411/3124/5627 4468/3446/5626
f 3468/3125/5628 4471/2994/5629 4469/2993/5537
f 4382/2139/5630 4470/3127/4121 3967/2138/4817
f 4424/3129/5631 3504/3128/5632 4410/3130/5633
f 4435/1662/5587 4488/2126/4791 3977/3032/4791
f 2481/3401/164 4481/3447/164 4472/3393/164
f 3646/3131/4910 4489/1982/4910 4483/2204/4910
f 3977/3032/4791 4482/1645/4792 3647/2123/4792
f 3924/1664/4291 4486/1981/4625 3925/1980/4625
f 3925/1980/4624 4489/1982/4624 4034/1977/4624
f 3777/1784/4427 4484/1786/4564 3728/1675/4425
f 3728/1675/4314 4483/1787/4429 3640/1674/4312
f 3645/3132/4294 4490/1655/4294 4435/1662/4294
f 3647/2123/4290 4487/1646/4291 3924/1664/4291
f 2490/1236/3869 4480/1011/3869 3120/1007/3869
f 4473/385/2894 3044/404/2894 2491/1174/2894
f 4477/1010/2985 2951/406/2985 2952/1009/2985
f 4480/1011/2985 2952/1009/2985 3120/1007/2985
f 4475/568/3609 2770/567/3234 2572/418/3233
f 4474/570/82 2572/418/82 2484/416/82
f 4479/396/2894 2489/3133/2894 3044/404/2894
f 4478/387/2985 2491/1174/2985 2951/406/2985
f 4481/3134/155 4493/3135/155 4490/3448/155
f 4490/3137/164 4491/3138/164 4435/3449/164
f 4492/3136/5634 4496/3140/5634 4493/3135/5634
f 4496/3142/5635 4491/3138/5635 4493/3139/5636
f 4435/3143/82 4465/3088/82 4491/3145/82
f 4491/3145/82 4467/3144/82 4494/3146/82
f 4496/3148/5637 4497/3147/5637 4494/3149/5637
f 4494/3150/5638 4466/3091/5638 4497/3151/5638
f 4511/252/5639 2440/250/5639 2306/252/5639
f 4516/3152/5640 4498/617/3285 4499/618/5641
f 4517/3386/164 4519/3450/164 4516/3451/164
f 4536/876/5642 2782/3153/5643 3198/876/5642
f 2781/613/5644 4536/876/5642 3198/876/5642
f 2782/520/5645 4507/3154/5645 2547/3154/5645
f 2440/250/5646 4517/502/5646 2305/502/5646
f 4533/3184/164 4531/2429/164 4532/3452/164
f 4522/3155/5647 4500/1274/5647 4537/1272/5647
f 4507/256/5648 4513/3156/5649 4511/255/5648
f 4510/3157/5650 4514/3158/5651 4513/3156/5650
f 4509/254/5652 4515/3159/5652 4514/3158/5652
f 4508/3160/5653 4512/3161/5653 4515/3159/5653
f 4518/3163/5654 4501/3162/5655 4516/3152/5654
f 4519/3165/5656 4503/3164/5657 4518/3163/5656
f 4519/3166/5658 4505/3167/5659 4504/3172/5659
f 4520/3168/5660 4502/250/5660 4505/3167/5661
f 4503/3169/5662 4512/3161/5663 4501/3162/5662
f 4504/3170/5664 4515/3159/5665 4503/3169/5657
f 4505/3167/5659 4514/3171/5666 4504/3172/5659
f 4502/250/5667 4513/3173/5667 4505/3167/5667
f 4530/3174/5668 4507/3154/5668 4527/520/5668
f 4529/3176/5669 4510/3175/5670 4530/3174/5669
f 4528/3177/5671 4509/254/5671 4529/3178/5671
f 4526/3179/5672 4508/3160/5672 4528/3177/5672
f 4522/3155/5673 4535/3180/5674 4532/616/5674
f 4525/3181/5675 4534/3182/5676 4535/3180/5675
f 4524/3183/5677 4533/3184/5678 4534/3182/5678
f 4523/3185/5679 4531/614/5680 4533/3184/5680
f 4537/1272/5681 4525/3181/5682 4522/3155/5682
f 4540/3186/5683 4524/3183/5683 4525/3181/5683
f 4539/3187/5684 4523/3185/5684 4524/3183/5685
f 4538/3188/5686 4521/613/5687 4523/3185/5688
f 4526/3179/5689 4540/3186/5690 4537/1272/5691
f 4528/3177/5692 4539/3187/5692 4540/3186/5693
f 4529/3189/5694 4538/3188/5695 4539/3187/5696
f 4530/3190/5697 4536/876/5698 4538/3188/5686
f 4512/3161/5699 4506/1273/5699 4500/1274/5700
f 4543/3192/2827 4542/3191/2827 4541/3193/2827
f 4545/3195/2829 4544/3194/5701 4543/3192/2829
f 4547/3197/2830 4546/3196/2830 4545/3195/2830
f 4547/3197/2831 4550/3200/2831 4548/3198/2831
f 4551/3201/2832 4550/3200/2832 4549/3199/2832
f 4553/3203/2833 4552/3202/2833 4551/3201/2833
f 4555/3205/2834 4554/3204/2834 4553/3203/5702
f 4557/3207/2836 4556/3206/2836 4555/3205/2836
f 4559/3209/2837 4558/3208/2837 4557/3207/2837
f 4561/3211/5703 4560/3210/2839 4559/3209/5703
f 4563/3213/2840 4562/3212/2840 4561/3211/2840
f 4565/3215/2841 4564/3214/2841 4563/3213/2841
f 4567/3217/2842 4566/3216/2842 4565/3215/2842
f 4569/3219/2843 4568/3218/2843 4567/3217/2843
f 4571/3221/2844 4570/3220/2844 4569/3219/2844
f 4573/3223/2845 4572/3453/2845 4571/3221/2845
f 4575/3225/2846 4574/3222/2846 4573/3223/2846
f 4577/3227/2847 4576/3224/2847 4575/3225/2847
f 4579/3228/2848 4578/3226/2848 4577/3227/2848
f 4581/3230/2849 4580/3229/2849 4579/3228/2849
f 4583/3232/2850 4582/3231/2850 4581/3230/2850
f 4585/3234/2851 4584/3233/2851 4583/3232/2851
f 4587/3236/2852 4586/3235/2865 4585/3234/2852
f 4589/3238/2854 4588/3237/2854 4587/3236/2854
f 4591/3240/2855 4590/3239/2855 4589/3238/2855
f 4591/3240/2858 4594/3243/2857 4592/3241/2857
f 4595/3244/2859 4594/3243/2859 4593/3242/2859
f 4597/3246/2860 4596/3245/2860 4595/3244/2860
f 4599/3248/2861 4598/3247/2861 4597/3246/2861
f 4601/3250/2862 4600/3249/2862 4599/3248/2862
f 4574/3222/82 4590/3239/82 4542/3191/82
f 4603/3252/2863 4602/3251/2863 4601/3250/2863
f 4541/3193/2864 4604/3253/2864 4603/3252/2864
f 4567/3254/164 4559/3254/164 4543/3254/164
f 4607/3192/2827 4606/3191/2827 4605/3193/2827
f 4609/3195/2829 4608/3194/5701 4607/3192/2829
f 4611/3197/2830 4610/3196/2830 4609/3195/2830
f 4613/3199/2831 4612/3198/2831 4611/3197/2831
f 4613/3199/2832 4616/3202/2832 4614/3200/2832
f 4617/3203/2833 4616/3202/2833 4615/3201/2833
f 4619/3205/2834 4618/3204/2834 4617/3203/2834
f 4621/3207/2835 4620/3206/2836 4619/3205/2835
f 4623/3209/2837 4622/3208/2838 4621/3207/2837
f 4625/3211/2839 4624/3210/2839 4623/3209/2839
f 4627/3213/2840 4626/3212/2840 4625/3211/2840
f 4629/3215/2841 4628/3214/2841 4627/3213/2841
f 4631/3217/2842 4630/3216/2842 4629/3215/2842
f 4633/3219/2843 4632/3218/2843 4631/3217/2843
f 4635/3221/2844 4634/3220/2844 4633/3219/2844
f 4637/3223/2845 4636/3453/2845 4635/3221/2845
f 4639/3225/2846 4638/3222/2846 4637/3223/2846
f 4641/3227/2847 4640/3224/2847 4639/3225/2847
f 4643/3228/2848 4642/3226/2848 4641/3227/2848
f 4645/3230/2849 4644/3229/2849 4643/3228/2849
f 4647/3232/2850 4646/3231/2850 4645/3230/2850
f 4649/3234/2851 4648/3233/2851 4647/3232/2851
f 4651/3236/2852 4650/3235/2852 4649/3234/2852
f 4653/3238/2854 4652/3237/2853 4651/3236/2854
f 4655/3240/2856 4654/3239/2855 4653/3238/2856
f 4657/3242/2858 4656/3241/2857 4655/3240/2858
f 4659/3244/2859 4658/3243/2859 4657/3242/2859
f 4661/3246/2860 4660/3245/2860 4659/3244/2860
f 4661/3246/2861 4664/3249/2861 4662/3247/2861
f 4665/3250/2862 4664/3249/2862 4663/3248/2862
f 4638/3222/82 4654/3239/82 4606/3191/82
f 4665/3250/5704 4668/3253/2863 4666/3251/2863
f 4667/3252/2864 4606/3191/2864 4668/3253/2864
f 4631/3254/164 4623/3254/164 4607/3254/164
f 2/1/1 4/435/1 791/2/1
f 182/4/2 5/448/2 792/5/2
f 186/7/3 6/10/3 79/8/3
f 80/80/4 79/8/4 847/12/4
f 79/8/4 6/10/4 847/12/4
f 2502/13/5 2268/3454/5 649/14/5
f 647/16/6 2260/410/5705 2267/17/7
f 644/19/9 2262/420/9 2493/20/9
f 703/22/10 643/248/10 2261/23/10
f 650/27/12 1121/3297/12 2067/25/11
f 2067/25/11 3468/3255/12 2270/26/12
f 540/28/13 748/1121/13 747/29/13
f 2458/31/14 2274/3261/14 652/32/14
f 689/34/15 2454/325/15 2276/35/15
f 688/37/16 2451/317/16 2278/38/16
f 687/40/17 2448/309/17 2280/41/17
f 655/42/18 2280/41/18 2282/43/18
f 656/44/19 2282/43/19 2284/45/19
f 686/47/20 2445/299/20 2286/48/20
f 685/50/21 2442/289/22 2288/51/22
f 659/52/23 2288/51/5706 2290/53/24
f 3155/55/26 2292/3269/5707 661/56/27
f 95/60/29 179/194/29 706/58/29
f 706/58/29 2507/3256/29 2298/59/29
f 2300/61/30 2302/3455/30 130/62/31
f 2302/64/32 2304/3456/5708 131/65/33
f 28/68/36 27/3457/35 126/67/35
f 126/67/35 130/66/34 131/65/33
f 2308/69/37 2310/72/38 98/70/38
f 2310/72/39 2312/3458/39 99/73/40
f 2528/74/41 2318/466/41 100/75/41
f 2523/77/42 2320/81/5709 101/78/43
f 80/80/45 101/78/5710 2320/81/45
f 710/83/46 2544/615/46 2321/84/46
f 2321/86/47 2322/89/5711 664/87/48
f 2322/89/50 2324/91/50 665/90/51
f 2324/91/53 2326/93/53 666/92/53
f 2326/93/54 2328/95/54 667/94/54
f 2328/95/55 2330/97/55 668/96/55
f 2330/97/56 2332/99/56 669/98/56
f 2332/99/57 2334/101/57 670/100/57
f 2334/101/58 2336/103/58 671/102/58
f 2336/103/59 2338/3459/59 672/104/59
f 672/105/60 2338/3257/60 2340/106/60
f 673/107/61 2340/106/61 2342/108/61
f 674/109/62 2342/108/5712 2344/110/62
f 675/111/63 2344/110/63 2346/112/63
f 676/113/64 2346/112/64 2348/114/64
f 677/115/65 2348/114/65 2350/116/65
f 678/117/66 2350/116/66 2352/118/66
f 679/119/67 2352/118/67 2353/120/67
f 680/121/68 2353/120/68 2355/122/68
f 681/123/69 2355/122/69 2356/124/69
f 682/125/70 2356/124/70 2358/126/70
f 683/127/71 2358/126/71 2359/128/71
f 629/130/72 197/486/276 128/131/73
f 129/63/75 130/62/5713 126/133/76
f 684/129/78 2359/128/78 3476/135/78
f 541/137/79 122/147/5714 1124/138/80
f 28/142/82 196/143/82 71/1355/82
f 71/1355/82 201/1353/82 28/142/82
f 201/1353/82 199/1351/82 28/142/82
f 199/1351/82 203/140/82 28/142/82
f 196/143/82 28/142/82 134/144/82
f 539/146/83 121/947/5715 122/147/83
f 539/146/13 540/28/13 538/30/13
f 537/148/84 538/30/84 536/149/84
f 533/151/85 116/154/85 117/152/85
f 531/153/86 115/156/86 116/154/86
f 529/155/88 114/158/88 115/156/88
f 527/157/89 113/160/89 114/158/89
f 525/159/90 112/162/90 113/160/90
f 523/161/91 111/164/91 112/162/91
f 521/163/92 110/1181/92 111/164/92
f 109/165/93 110/1182/93 521/166/93
f 108/168/94 109/165/94 519/167/94
f 107/170/95 108/168/95 517/169/95
f 106/172/96 107/170/96 515/171/96
f 105/174/97 106/172/97 513/173/97
f 104/176/98 105/174/98 511/175/98
f 103/178/99 104/176/99 509/177/99
f 102/180/100 103/178/102 507/179/101
f 94/182/103 102/180/5716 505/181/103
f 847/12/104 846/184/104 101/78/104
f 192/79/105 101/78/105 846/184/105
f 195/76/106 100/75/5717 845/186/107
f 98/70/109 99/73/5718 840/188/110
f 97/71/112 98/70/114 839/189/113
f 125/191/115 124/264/160 628/192/116
f 179/194/118 95/60/118 501/195/118
f 810/197/119 92/866/5719 495/198/120
f 491/200/122 90/204/5720 91/201/123
f 575/203/125 136/288/172 90/204/126
f 577/205/128 138/297/128 89/206/128
f 485/208/129 87/212/129 88/209/129
f 483/211/130 86/214/130 87/212/130
f 579/213/131 140/308/131 86/214/131
f 581/215/132 142/316/132 85/216/132
f 583/218/133 144/324/133 84/219/133
f 148/221/134 83/1179/134 477/222/134
f 589/224/135 475/329/135 476/225/135
f 1120/227/136 1118/1183/138 81/228/137
f 614/230/139 568/1060/139 75/231/140
f 570/233/141 76/419/141 170/234/141
f 467/236/142 72/409/142 73/237/142
f 177/239/143 74/1184/5721 471/240/143
f 79/8/144 80/80/144 2266/82/144
f 188/9/145 79/8/145 2265/242/145
f 184/244/146 78/446/146 646/245/146
f 75/231/147 77/432/147 645/247/147
f 2304/249/148 2305/502/5722 133/250/149
f 131/251/151 133/250/152 29/252/152
f 205/254/154 29/255/154 2103/255/154
f 2300/257/155 129/274/155 132/258/155
f 96/134/156 126/133/156 27/260/157
f 95/60/159 2298/59/159 2429/262/159
f 124/264/160 123/3460/5723 781/265/161
f 781/265/162 123/3460/162 134/266/162
f 132/263/165 125/191/165 501/195/166
f 501/269/164 627/268/164 1098/3461/164
f 501/269/164 1098/3461/164 565/3462/164
f 545/3463/164 543/3464/164 503/273/164
f 503/273/164 501/269/164 563/3465/164
f 501/269/164 565/3462/164 563/3465/164
f 563/3465/164 561/3258/164 503/273/164
f 561/3258/164 559/3466/164 555/3467/164
f 503/273/164 561/3258/164 551/271/164
f 547/272/164 545/3463/164 503/273/164
f 551/271/164 549/3468/164 547/272/164
f 555/3467/164 553/3469/164 561/3258/164
f 553/3469/164 551/271/164 561/3258/164
f 559/3466/164 557/3470/164 555/3467/164
f 2429/262/167 2304/249/167 131/251/168
f 129/274/155 96/3259/155 125/275/155
f 27/276/164 28/3080/164 134/277/164
f 124/279/155 125/275/155 96/3259/155
f 96/3259/155 26/280/155 124/279/155
f 26/280/155 134/3471/155 123/281/155
f 28/284/169 131/3472/169 124/282/169
f 131/3472/169 132/3473/169 125/3474/169
f 124/282/169 131/3472/169 125/3474/169
f 123/283/169 134/3475/169 28/284/169
f 338/285/170 357/746/5724 301/286/170
f 489/207/171 89/206/5725 136/288/172
f 658/49/173 2286/48/5726 2442/289/174
f 135/290/176 19/878/176 439/291/177
f 356/293/178 324/738/5727 331/294/179
f 487/296/128 88/1180/128 138/297/128
f 657/298/20 2284/3260/20 2445/299/20
f 137/300/181 18/879/182 440/301/182
f 355/303/183 314/725/5728 313/304/184
f 354/295/186 331/294/5729 325/306/187
f 481/217/131 85/216/131 140/308/131
f 654/39/17 2278/38/17 2448/309/17
f 418/310/189 139/1204/5730 15/311/190
f 353/313/192 325/722/193 332/314/193
f 479/220/132 84/219/132 142/316/132
f 653/36/16 2276/35/16 2451/317/16
f 419/318/194 141/887/194 14/319/195
f 335/321/164 327/341/164 315/322/164
f 477/222/133 83/1179/133 144/324/133
f 652/32/15 2274/3261/15 2454/325/15
f 143/326/196 13/888/196 445/327/196
f 475/329/134 585/332/134 586/330/134
f 147/331/134 148/221/134 587/223/134
f 538/30/84 747/29/84 746/333/84
f 2457/334/14 2458/31/14 691/33/14
f 145/336/198 12/889/198 446/337/198
f 146/339/199 145/336/199 421/338/199
f 327/341/164 334/593/164 314/342/164
f 337/343/200 338/285/5731 300/287/200
f 81/345/202 150/1120/135 589/224/135
f 74/347/203 154/1176/203 591/348/203
f 2270/350/204 2464/1026/204 692/351/204
f 349/353/205 352/739/205 316/354/205
f 424/356/206 10/1223/5732 149/357/206
f 2268/359/207 2463/3476/208 693/360/208
f 596/362/209 160/366/209 93/363/210
f 598/365/211 159/368/211 160/366/209
f 600/367/212 158/1175/1049 159/368/211
f 694/369/213 2473/373/213 2296/370/214
f 695/372/215 2472/375/215 2473/373/213
f 696/374/78 2471/1248/78 2472/375/215
f 225/378/164 224/1267/164 836/376/164
f 836/376/164 157/1265/164 156/377/164
f 225/378/164 156/377/164 155/379/164
f 155/379/164 24/424/164 227/381/164
f 178/382/118 164/405/118 601/383/118
f 2070/385/118 165/415/118 603/386/118
f 172/388/118 166/425/118 605/389/118
f 2505/391/29 2480/403/29 697/392/29
f 4472/394/29 2481/414/29 698/395/29
f 2495/397/29 2482/426/29 699/398/29
f 176/400/164 163/407/164 228/401/164
f 2480/403/29 2489/3133/29 700/404/29
f 164/405/118 168/1174/118 607/406/118
f 163/407/164 167/569/164 229/408/164
f 610/235/216 170/234/5733 72/409/217
f 701/21/9 2493/20/9 2260/410/9
f 2073/412/219 426/567/5734 910/3263/5734
f 426/567/5734 908/3477/5734 910/3263/5734
f 910/3263/5734 911/3262/5734 2073/412/219
f 866/413/220 867/3478/5735 452/411/218
f 911/3262/5734 866/413/220 2073/412/219
f 2481/414/29 2495/397/29 702/399/29
f 165/415/118 172/388/118 611/390/118
f 162/416/164 171/565/164 231/417/164
f 570/233/221 614/230/139 174/232/140
f 644/19/10 703/22/10 2499/24/10
f 453/566/5736 427/562/222 980/3479/222
f 980/3479/222 979/3480/222 453/566/5736
f 979/3480/222 983/3481/222 453/566/5736
f 929/3482/222 928/3483/222 972/3484/222
f 928/3483/222 453/566/5736 982/3485/222
f 982/3485/222 453/566/5736 983/3481/222
f 938/3486/222 939/3487/222 972/3484/222
f 939/3487/222 929/3482/222 972/3484/222
f 936/3488/222 937/3489/222 971/3490/222
f 937/3489/222 938/3486/222 972/3484/222
f 937/3489/222 972/3484/222 971/3490/222
f 928/3483/222 982/3485/222 984/3491/222
f 925/3492/222 936/3488/222 971/3490/222
f 932/3493/222 934/3494/222 969/3495/222
f 934/3494/222 935/3496/222 969/3495/222
f 935/3496/222 925/3492/222 970/3497/222
f 925/3492/222 971/3490/222 970/3497/222
f 928/3483/222 984/3491/222 976/3498/222
f 928/3483/222 976/3498/222 975/3499/222
f 928/3483/222 975/3499/222 974/3500/222
f 928/3483/222 974/3500/222 973/3501/222
f 928/3483/222 973/3501/222 972/3484/222
f 970/3497/222 969/3495/222 935/3496/222
f 173/421/222 3/905/222 918/3502/222
f 3/905/222 920/3503/222 918/3502/222
f 969/3495/222 173/421/222 924/423/222
f 931/3504/222 969/3495/222 924/423/222
f 931/3504/222 933/3505/222 969/3495/222
f 933/3505/222 932/3493/222 969/3495/222
f 173/421/222 918/3502/222 919/3506/222
f 173/421/222 919/3506/222 923/3264/222
f 173/421/222 923/3264/222 922/422/222
f 24/424/164 176/400/164 233/402/164
f 2296/370/214 2505/391/29 704/393/29
f 93/363/210 178/382/118 615/384/118
f 469/238/223 73/237/223 177/239/223
f 2267/17/224 2502/13/225 705/15/225
f 166/425/118 179/194/118 619/196/118
f 2482/426/29 2507/3256/29 706/58/29
f 161/427/164 180/430/164 234/428/164
f 180/430/164 25/1380/164 235/431/164
f 77/432/146 183/434/146 707/433/146
f 183/434/146 184/244/146 708/246/146
f 4/435/2 181/437/2 798/436/2
f 181/437/2 182/4/2 799/6/2
f 1035/438/226 1037/3507/226 455/439/227
f 1036/441/228 1035/438/5737 429/440/228
f 396/443/230 398/672/232 274/444/231
f 78/446/233 187/975/233 709/447/234
f 2519/243/235 2518/1169/235 709/447/235
f 709/447/235 187/975/235 188/9/235
f 5/448/236 185/3508/236 800/449/236
f 188/9/237 187/975/237 626/977/237
f 625/450/237 800/449/237 186/7/237
f 800/449/237 185/3508/237 186/7/237
f 188/9/237 626/977/237 625/450/237
f 1017/451/238 1016/3509/5738 456/452/239
f 431/453/240 432/550/1151 1002/454/241
f 432/550/1151 1003/3311/5739 1002/454/241
f 397/455/242 286/667/5740 287/456/243
f 392/458/245 396/3265/246 291/459/246
f 380/461/248 395/859/5741 268/462/249
f 100/75/251 191/465/251 848/464/251
f 191/465/252 192/79/252 849/185/252
f 2318/466/253 2522/467/5742 191/465/254
f 2522/467/255 2523/77/42 192/79/44
f 459/545/256 433/470/256 1066/3510/256
f 433/470/256 1084/3511/256 1070/3512/256
f 433/470/256 1070/3512/256 1071/3266/256
f 1066/3510/256 1068/3513/256 459/545/256
f 1062/469/256 1063/3514/256 433/470/256
f 1063/3514/256 1066/3510/256 433/470/256
f 433/470/256 1071/3266/256 1074/468/256
f 434/473/257 190/927/257 1085/3515/257
f 190/927/257 189/1347/257 1075/3516/257
f 1085/3515/257 190/927/257 1080/3517/257
f 1075/3516/257 1072/3518/257 190/927/257
f 1072/3518/257 1073/3519/257 190/927/257
f 1073/3519/257 1083/3520/257 190/927/257
f 1081/3521/257 1079/3522/257 190/927/257
f 1079/3522/257 1080/3517/257 190/927/257
f 1083/3520/257 1081/3521/257 190/927/257
f 1084/3511/257 433/470/257 434/473/257
f 1077/3523/257 1082/3524/257 434/473/257
f 1082/3524/257 1084/3511/257 434/473/257
f 1087/472/258 1088/3267/257 434/473/257
f 1088/3267/257 1078/3525/257 434/473/257
f 1078/3525/257 1077/3523/257 434/473/257
f 1085/3515/257 1086/471/257 434/473/257
f 394/474/259 259/676/5743 258/475/260
f 193/477/262 37/926/709 460/478/263
f 194/480/264 193/477/265 435/479/265
f 393/457/267 287/456/268 288/482/268
f 127/484/270 2375/3268/5744 2532/485/271
f 197/486/272 2532/485/271 2377/487/273
f 627/193/275 127/484/275 197/486/276
f 373/488/277 392/458/278 292/460/277
f 391/483/279 288/482/280 271/490/280
f 2540/492/282 202/501/294 128/131/283
f 133/250/287 29/252/287 638/1239/1041
f 29/252/287 203/495/287 786/497/5745
f 786/497/5745 638/1239/1041 29/252/287
f 638/1239/1041 637/493/285 133/250/287
f 203/495/288 199/826/1036 784/496/289
f 2543/498/291 200/494/291 198/499/292
f 202/501/294 2540/492/282 2537/500/293
f 133/250/295 200/494/5746 2543/498/296
f 635/503/297 202/501/773 198/499/298
f 201/505/300 71/841/5747 783/506/301
f 390/508/302 263/663/304 262/509/303
f 372/511/305 271/3526/306 272/512/306
f 378/514/307 373/488/309 275/489/308
f 375/516/310 256/3527/311 273/517/311
f 254/519/313 205/3154/313 438/520/313
f 253/522/314 254/519/315 466/521/315
f 252/524/316 253/522/316 465/523/316
f 251/526/317 252/524/318 464/525/318
f 250/528/320 251/526/321 463/527/321
f 249/530/323 250/528/320 462/529/322
f 1091/532/324 249/530/5748 461/531/325
f 376/534/327 377/702/5749 284/535/327
f 383/537/328 378/514/328 276/515/329
f 245/539/331 246/939/331 460/478/331
f 379/540/332 380/461/5750 267/463/333
f 382/476/335 258/475/337 257/542/336
f 242/544/338 243/941/728 459/545/339
f 241/547/341 242/544/338 458/546/340
f 240/549/343 241/547/343 457/548/344
f 387/551/345 383/537/346 277/538/346
f 385/510/347 262/509/5751 261/553/348
f 430/442/350 237/943/731 238/555/351
f 386/556/352 387/551/352 293/552/352
f 388/558/353 389/691/5752 283/559/353
f 234/428/354 235/431/5753 455/439/355
f 232/429/357 234/428/354 454/561/356
f 227/381/359 233/402/368 428/563/360
f 232/429/164 231/417/164 171/565/164
f 230/418/362 231/417/735 453/566/363
f 2072/568/164 229/408/164 167/569/164
f 228/401/365 229/408/737 452/411/366
f 233/402/368 228/401/365 451/571/367
f 226/380/369 227/381/359 450/564/361
f 448/573/370 225/378/370 226/380/370
f 425/574/371 224/1267/371 225/378/371
f 151/575/373 772/1019/373 803/576/373
f 339/315/374 332/314/375 326/578/375
f 341/305/377 313/304/5754 312/580/377
f 345/579/378 326/578/5755 333/582/379
f 217/584/381 218/1254/1057 818/585/382
f 351/587/384 346/802/384 318/588/384
f 215/590/385 216/1253/1056 817/591/386
f 348/583/388 333/582/388 334/593/389
f 213/595/390 214/1252/1055 816/596/391
f 211/598/393 212/1251/1054 815/599/394
f 210/601/396 211/598/5756 814/600/397
f 209/603/399 210/601/396 813/602/398
f 207/605/401 208/1250/1053 812/606/402
f 350/608/404 351/587/405 319/589/405
f 21/610/406 206/1249/5757 811/611/407
f 437/613/409 2108/613/409 4531/614/410
f 661/56/411 2292/3269/412 2544/615/412
f 4532/616/414 2109/3155/414 2091/617/415
f 290/619/164 257/657/164 258/620/164
f 260/622/164 261/625/164 275/623/164
f 261/625/164 262/627/164 276/626/164
f 262/627/164 263/654/164 277/628/164
f 265/629/164 266/651/164 278/630/164
f 1092/632/164 269/635/164 279/633/164
f 269/635/164 270/637/164 281/636/164
f 270/637/164 280/639/164 282/638/164
f 280/639/164 283/641/164 286/640/164
f 283/641/164 285/643/164 287/642/164
f 285/643/164 284/645/164 288/644/164
f 284/645/164 272/3528/164 271/646/164
f 296/647/164 295/650/164 267/648/164
f 295/650/164 278/630/164 266/651/164
f 294/631/164 293/653/164 264/652/164
f 293/653/164 277/628/164 263/654/164
f 260/622/164 292/624/164 291/655/164
f 259/656/164 291/655/164 274/621/164
f 257/657/164 290/619/164 289/658/164
f 255/659/164 289/658/164 273/660/164
f 390/508/417 399/686/419 264/662/418
f 400/664/420 388/558/5758 280/560/421
f 401/666/423 282/674/424 286/667/424
f 1095/668/426 402/681/5759 269/669/427
f 403/671/429 290/678/430 274/444/430
f 404/673/431 281/680/431 282/674/432
f 405/675/433 260/3529/435 259/676/434
f 406/677/436 289/682/438 290/678/437
f 407/679/439 279/3530/441 281/680/440
f 402/681/442 400/664/420 270/665/422
f 374/518/444 273/517/5760 289/682/445
f 375/683/446 408/699/447 255/684/447
f 399/686/449 409/700/451 265/687/450
f 1094/688/452 410/828/453 296/689/453
f 389/691/455 376/534/5761 285/536/456
f 410/692/457 411/697/457 295/693/458
f 384/554/459 261/553/460 260/695/460
f 411/697/461 412/701/463 278/698/462
f 408/699/464 381/543/5762 257/542/464
f 409/700/465 379/540/466 266/541/466
f 412/701/467 386/556/5763 294/557/468
f 377/702/469 371/3270/470 272/703/470
f 297/704/164 298/3271/164 299/705/164
f 318/706/164 299/705/164 300/707/164
f 328/709/164 301/736/164 302/710/164
f 329/712/164 303/735/164 304/713/164
f 321/714/164 304/713/164 305/715/164
f 305/715/164 306/734/164 323/717/164
f 307/718/164 308/733/164 324/719/164
f 309/721/164 310/732/164 325/722/164
f 311/724/164 312/731/164 326/578/164
f 349/353/472 315/355/472 314/725/472
f 336/726/164 335/321/164 316/323/164
f 369/728/473 327/341/5764 335/321/474
f 334/593/164 333/582/164 313/730/164
f 333/582/164 326/578/164 312/731/164
f 332/314/164 325/722/164 310/732/164
f 331/723/164 324/719/164 308/733/164
f 330/720/164 323/717/164 306/734/164
f 303/735/164 329/712/164 320/711/164
f 301/736/164 328/709/164 319/708/164
f 359/737/475 330/742/5765 324/738/475
f 352/739/477 360/3272/477 317/740/477
f 361/741/479 323/744/479 330/742/479
f 347/594/481 334/593/5766 327/341/482
f 362/743/484 322/3531/5767 323/744/484
f 363/729/486 335/321/487 336/726/487
f 357/746/488 365/760/488 302/747/489
f 358/748/490 366/767/490 311/749/490
f 367/751/491 321/757/5768 322/752/491
f 55/754/493 352/739/5769 349/353/493
f 368/756/494 329/759/5770 321/757/495
f 368/756/497 370/768/5771 320/758/498
f 365/760/500 344/780/500 303/761/500
f 54/755/501 349/353/501 355/303/502
f 364/763/503 336/3532/504 317/764/504
f 340/766/505 312/3533/505 311/749/505
f 370/768/506 350/608/506 328/609/506
f 343/769/508 337/343/508 299/344/508
f 23/771/510 22/808/5772 337/343/510
f 827/772/511 819/782/511 447/773/511
f 207/774/512 350/608/513 370/768/513
f 50/776/514 51/804/514 340/581/515
f 56/778/516 223/3273/5773 364/763/516
f 41/779/517 42/1198/5774 344/780/517
f 208/775/519 370/768/5775 368/756/520
f 423/358/521 447/773/5776 819/782/521
f 221/784/522 220/3274/5777 347/785/523
f 209/781/525 368/756/5778 367/751/525
f 210/787/526 367/751/5779 362/753/527
f 50/776/529 366/777/529 358/789/529
f 40/791/531 41/779/531 365/760/531
f 222/792/532 363/729/533 364/745/533
f 211/794/534 362/743/5780 361/741/535
f 212/795/537 361/741/5781 359/737/537
f 56/797/538 360/3272/538 352/739/539
f 213/796/540 359/737/541 356/293/541
f 207/774/543 206/801/5782 351/587/543
f 221/799/545 369/728/5783 363/729/545
f 220/800/546 219/803/5784 348/583/546
f 206/801/548 21/3275/5785 346/802/549
f 219/803/551 218/1254/5786 345/579/551
f 51/804/553 52/811/5787 341/305/553
f 218/805/555 217/809/5788 339/806/556
f 22/808/558 39/813/5789 338/285/559
f 217/809/560 216/810/5790 353/307/561
f 216/810/562 215/812/5791 354/295/563
f 52/811/564 53/762/564 355/303/564
f 215/812/565 214/798/5792 356/293/178
f 39/813/566 40/791/567 357/746/566
f 29/252/568 371/3270/568 377/702/568
f 245/814/569 386/556/570 412/701/570
f 66/816/571 67/848/572 379/540/572
f 58/817/573 381/543/5793 408/699/574
f 246/819/576 412/3534/577 411/820/577
f 61/822/578 62/844/578 384/823/578
f 248/825/579 247/3276/580 411/697/580
f 199/826/582 376/534/5794 389/691/583
f 1091/827/585 248/3277/586 410/828/586
f 65/829/588 66/816/588 409/700/588
f 25/830/589 57/818/590 408/699/590
f 235/831/592 374/518/593 406/677/593
f 196/833/594 400/664/594 402/681/595
f 250/834/596 249/3278/5795 407/679/597
f 236/832/599 406/677/599 403/671/600
f 60/836/602 61/1189/604 405/675/603
f 251/837/605 250/834/607 404/673/606
f 237/835/608 403/671/608 398/672/609
f 70/267/610 402/681/611 1095/668/611
f 252/840/612 251/837/5796 401/666/613
f 71/841/614 388/558/614 400/664/614
f 64/842/616 65/829/5797 399/686/617
f 201/505/584 389/691/583 388/558/618
f 244/843/620 387/551/621 386/556/621
f 62/844/622 63/1375/622 385/845/623
f 243/846/624 383/537/626 387/551/625
f 59/847/627 382/476/627 381/543/628
f 67/848/629 68/858/629 380/461/630
f 242/849/632 378/514/633 383/537/633
f 203/495/634 377/702/635 376/534/635
f 25/850/636 375/786/636 374/851/637
f 241/853/638 373/488/638 378/514/638
f 29/255/640 205/254/640 372/511/640
f 63/854/641 64/842/641 390/508/641
f 205/855/642 254/857/642 391/483/643
f 240/856/644 392/458/5798 373/488/644
f 254/857/646 253/861/5799 393/457/646
f 59/847/647 60/836/647 394/474/647
f 68/858/648 69/1186/649 395/859/649
f 239/860/651 396/3265/652 392/458/652
f 253/861/653 252/840/5800 397/455/654
f 238/838/655 398/672/655 396/443/655
f 639/863/656 204/1168/656 94/864/656
f 92/866/657 204/1168/657 639/863/658
f 343/867/660 298/3535/5801 297/868/660
f 342/870/661 297/3536/661 318/588/662
f 23/871/663 343/867/663 342/869/663
f 413/872/665 342/869/665 346/873/666
f 97/71/667 437/613/5802 2758/614/668
f 30/875/670 438/3153/670 852/876/670
f 20/877/671 414/3279/671 439/291/671
f 416/292/672 440/301/672 18/879/673
f 417/302/674 441/3537/5803 17/880/675
f 441/881/676 442/1258/676 16/882/676
f 16/882/677 442/1258/677 443/884/677
f 139/886/678 418/1259/679 444/320/679
f 141/887/680 419/318/680 445/327/680
f 420/328/681 446/337/682 12/889/682
f 151/890/683 425/574/5804 448/573/684
f 153/896/685 152/891/685 890/3538/685
f 152/891/685 448/573/5805 899/3280/685
f 889/3539/685 152/891/685 887/3540/685
f 448/573/5805 449/572/685 903/3541/685
f 449/572/685 902/3303/5805 903/3541/685
f 891/3542/685 890/3538/685 152/891/685
f 889/3539/685 891/3542/685 152/891/685
f 448/573/5805 903/3541/685 901/3543/5805
f 448/573/5805 901/3543/5805 900/3281/685
f 887/3540/685 152/891/685 888/3544/685
f 894/3545/685 888/3544/685 152/891/685
f 894/3545/685 152/891/685 893/3546/685
f 448/573/5805 900/3281/685 899/3280/685
f 898/3547/685 896/3548/685 152/891/685
f 896/3548/685 897/892/685 152/891/685
f 899/3280/685 898/3547/685 152/891/685
f 893/3546/685 152/891/685 892/3549/685
f 895/893/685 892/3549/685 152/891/685
f 9/1226/686 153/896/686 884/895/686
f 153/896/686 890/3538/686 882/3550/686
f 153/896/686 882/3550/686 883/894/686
f 8/899/689 175/908/687 873/897/687
f 175/908/687 880/907/5806 876/3551/5806
f 175/908/687 876/3551/5806 873/897/687
f 1/902/691 8/899/689 868/3282/690
f 8/899/689 872/898/688 870/3552/690
f 870/3552/690 868/3282/690 8/899/689
f 868/3282/690 863/900/690 1/902/691
f 3/905/694 169/1320/1135 904/903/692
f 169/1320/1135 906/3553/5807 905/3554/694
f 169/1320/1135 905/3554/694 904/903/692
f 916/3283/5808 920/3503/5808 3/905/694
f 914/3284/694 916/3283/5808 3/905/694
f 912/904/693 914/3284/694 3/905/694
f 175/908/695 9/1226/695 879/906/695
f 9/1226/695 884/895/695 879/906/695
f 173/421/696 969/3495/5809 968/3555/5810
f 173/421/696 968/3555/5810 967/3556/5810
f 946/3557/5811 2/911/698 947/3558/5810
f 2/911/698 173/421/696 955/3559/697
f 948/3560/5810 2/911/698 951/3561/697
f 948/3560/5810 947/3558/5810 2/911/698
f 952/3562/697 951/3561/697 2/911/698
f 955/3559/697 953/3563/5810 2/911/698
f 953/3563/5810 952/3562/697 2/911/698
f 958/3285/5810 957/3564/5810 173/421/696
f 957/3564/5810 954/3565/5810 173/421/696
f 956/3286/5810 958/3285/5810 173/421/696
f 960/910/697 959/3566/5810 173/421/696
f 959/3566/5810 956/3286/5810 173/421/696
f 173/421/696 967/3556/5810 966/3567/5812
f 966/3567/5812 965/3568/5810 173/421/696
f 965/3568/5810 964/3569/697 173/421/696
f 964/3569/697 963/3570/697 173/421/696
f 954/3565/5810 955/3559/697 173/421/696
f 173/421/696 963/3570/697 961/3571/5810
f 173/421/696 961/3571/5810 962/909/697
f 4/3572/5813 2/911/698 940/913/699
f 2/911/698 946/3557/5811 945/3573/5814
f 943/3574/5815 2/911/698 944/3575/5816
f 945/3573/5814 944/3575/5816 2/911/698
f 1040/3576/699 1042/3577/5817 4/3572/5813
f 949/3578/5816 1039/3579/5816 4/3572/5813
f 1039/3579/5816 1040/3576/699 4/3572/5813
f 940/913/699 941/3580/699 4/3572/5813
f 941/3580/699 950/3581/699 4/3572/5813
f 950/3581/699 949/3578/5816 4/3572/5813
f 2/911/698 943/3574/5815 942/912/699
f 5/916/702 182/1339/1152 1028/3288/5818
f 182/1339/1152 1047/3582/5819 1028/3288/5818
f 1028/3288/5818 1027/3287/5818 5/916/702
f 1027/3287/5818 1029/914/700 5/916/702
f 6/919/704 186/1329/5820 1020/3290/5820
f 186/1329/5820 1019/3583/5820 1020/3290/5820
f 1020/3290/5820 1018/3289/703 6/919/704
f 1018/3289/703 1014/917/703 6/919/704
f 1012/918/703 1013/3584/5821 6/919/704
f 7/922/706 6/919/704 1010/3292/706
f 6/919/704 1013/3584/5821 1011/3585/706
f 1011/3585/706 1010/3292/706 6/919/704
f 1010/3292/706 1009/3291/706 7/922/706
f 1006/921/705 1005/3294/705 7/922/706
f 1009/3291/706 1008/3586/706 7/922/706
f 1008/3586/706 1007/920/705 7/922/706
f 38/925/707 7/922/707 1005/3294/707
f 1004/3293/707 998/3587/707 38/925/707
f 998/3587/707 999/923/707 38/925/707
f 38/925/707 1005/3294/707 1004/3293/707
f 1060/3588/5822 1059/3589/5822 38/925/707
f 1052/924/707 1051/3590/707 38/925/707
f 1051/3590/707 1060/3588/5822 38/925/707
f 434/473/708 460/478/263 37/926/709
f 1096/533/710 461/531/711 36/928/711
f 461/531/713 462/529/5823 35/930/713
f 462/529/715 463/527/716 34/931/716
f 463/527/717 464/525/5824 33/932/717
f 464/525/718 465/523/719 32/933/719
f 465/523/720 466/521/720 31/934/721
f 466/935/722 438/3153/5825 30/875/722
f 436/481/723 435/479/723 247/937/723
f 435/479/724 460/478/725 246/939/724
f 434/473/726 433/470/726 244/940/726
f 433/470/727 459/545/339 243/941/728
f 432/550/729 431/453/729 239/942/729
f 431/453/730 456/452/730 238/555/730
f 237/943/731 430/442/350 429/440/732
f 236/944/733 429/440/733 455/439/733
f 427/562/358 453/566/363 231/417/735
f 2073/412/736 452/411/366 229/408/737
f 424/356/739 423/358/739 828/783/739
f 539/146/740 537/148/740 120/946/740
f 537/148/740 119/949/740 120/946/740
f 537/148/741 535/150/741 118/948/741
f 535/150/741 117/152/741 118/948/741
f 422/340/742 421/338/745 826/950/743
f 421/338/745 446/337/1070 818/585/382
f 420/328/746 445/327/1069 817/591/747
f 419/318/748 444/320/1067 816/596/391
f 823/597/392 418/1259/1068 443/884/749
f 417/951/750 440/1257/1062 812/606/402
f 416/952/751 439/1255/5826 811/611/752
f 493/953/754 91/1167/5827 415/954/755
f 660/956/757 2290/3295/5828 2756/957/758
f 725/959/760 494/962/763 642/960/761
f 494/962/763 493/953/754 641/955/756
f 496/963/764 640/966/767 787/964/765
f 495/198/659 639/863/658 640/966/767
f 787/964/768 640/966/771 500/967/769
f 640/966/771 639/863/5829 499/865/772
f 202/501/773 635/503/297 631/132/774
f 635/503/297 636/971/780 632/969/776
f 785/507/777 636/971/780 634/970/778
f 636/971/780 635/503/297 633/504/299
f 200/494/286 637/493/285 633/504/299
f 637/493/285 638/1239/1041 634/970/778
f 781/265/781 628/192/784 630/972/782
f 628/192/784 627/193/5830 629/130/72
f 574/974/785 626/977/788 187/975/786
f 573/976/787 625/450/787 626/977/788
f 622/978/789 624/980/789 184/244/790
f 621/979/791 623/1166/791 624/980/789
f 572/981/792 622/978/789 183/434/790
f 571/982/791 621/979/791 622/978/789
f 606/983/118 620/986/118 780/984/118
f 605/389/118 619/196/118 620/986/118
f 713/987/793 470/990/5831 618/988/793
f 470/990/794 469/238/794 617/241/794
f 498/991/210 616/994/118 778/992/118
f 497/364/210 615/384/118 616/994/118
f 790/995/795 797/1058/795 613/996/795
f 569/997/796 613/996/827 614/230/139
f 604/998/118 612/1001/118 777/999/118
f 603/386/118 611/390/118 612/1001/118
f 796/1002/797 609/1005/798 468/1003/798
f 609/1005/799 610/235/799 467/236/800
f 602/1006/118 608/1009/118 776/1007/118
f 601/383/118 607/406/118 608/1009/118
f 612/1001/118 606/983/118 775/985/118
f 611/390/118 605/389/118 606/983/118
f 2074/1010/118 604/998/118 774/1000/118
f 2075/387/118 603/386/118 604/998/118
f 616/994/118 602/1006/118 773/1008/118
f 615/384/118 601/383/118 602/1006/118
f 795/1012/801 599/1015/802 597/1013/211
f 599/1015/802 600/367/212 598/365/211
f 794/1014/211 597/1013/211 595/1016/209
f 597/1013/211 598/365/211 596/362/209
f 793/1017/209 595/1016/209 498/991/210
f 595/1016/209 596/362/209 497/364/210
f 593/1018/803 594/3300/803 772/1019/803
f 714/1021/804 472/1057/804 592/1022/805
f 472/1024/806 471/349/806 591/348/807
f 828/783/808 819/782/808 221/799/808
f 2464/1026/204 2272/1033/204 651/1027/809
f 474/1028/202 590/226/135 769/1029/202
f 473/346/202 589/224/135 590/226/135
f 592/1031/810 593/1018/810 771/1020/810
f 220/800/812 221/799/812 819/782/812
f 2272/1033/14 2457/334/14 690/335/14
f 586/330/134 588/1036/134 768/1034/134
f 585/332/134 587/223/134 588/1036/134
f 717/1037/813 478/1040/133 584/1038/133
f 478/1040/133 477/222/133 583/218/133
f 718/1041/132 480/1044/132 582/1042/132
f 480/1044/132 479/220/132 581/215/132
f 719/1045/131 482/1048/131 580/1046/131
f 482/1048/131 481/217/131 579/213/131
f 722/1049/128 488/1052/128 578/1050/128
f 488/1052/128 487/296/128 577/205/128
f 723/1053/814 490/1056/817 576/1054/815
f 490/1056/817 489/207/171 575/203/125
f 618/988/818 472/1057/818 714/1021/818
f 618/988/819 617/241/5832 471/240/820
f 712/1004/821 468/1003/5833 470/990/822
f 468/1003/824 467/236/824 469/238/824
f 790/995/825 569/997/825 609/1005/825
f 609/1005/826 569/997/796 570/233/221
f 797/1058/795 789/3/795 567/1059/795
f 613/996/827 567/1059/827 568/1060/139
f 1122/1061/828 1119/1064/830 474/1062/829
f 1119/1064/830 1120/227/5834 473/229/831
f 588/1036/134 478/1040/134 717/1037/134
f 587/223/134 477/222/134 478/1040/134
f 766/1039/133 584/1038/133 480/1044/133
f 584/1038/133 583/218/133 479/220/133
f 765/1043/132 582/1042/132 482/1048/132
f 582/1042/132 581/215/132 481/217/132
f 764/1047/131 580/1046/131 484/1065/131
f 580/1046/131 579/213/131 483/211/131
f 720/1066/130 484/1065/130 486/1067/130
f 484/1065/130 483/211/130 485/208/130
f 721/1068/129 486/1067/129 488/1069/129
f 486/1067/129 485/208/129 487/210/129
f 763/1051/128 578/1050/128 490/1056/128
f 578/1050/128 577/205/128 489/207/128
f 762/1055/816 576/1054/815 492/1071/832
f 576/1054/815 575/203/125 491/200/127
f 724/1072/834 492/1071/836 494/1073/834
f 492/1071/836 491/200/122 493/202/124
f 833/1075/837 830/1076/840 496/963/838
f 831/199/121 495/198/120 496/963/838
f 620/986/118 502/1078/118 729/1077/118
f 619/196/118 501/195/118 502/1078/118
f 502/1079/841 504/1083/845 730/1080/842
f 501/1082/844 503/1125/5835 504/1083/845
f 500/1084/846 506/1087/850 731/1085/847
f 499/183/849 505/181/5836 506/1087/850
f 506/1087/851 508/1089/855 732/1088/852
f 505/181/854 507/179/5837 508/1089/855
f 508/1089/99 510/1091/99 733/1090/99
f 507/179/99 509/177/99 510/1091/99
f 510/1091/98 512/1093/98 734/1092/98
f 509/177/98 511/175/98 512/1093/98
f 512/1093/97 514/1095/97 735/1094/97
f 511/175/97 513/173/97 514/1095/97
f 514/1095/96 516/1097/96 736/1096/96
f 513/173/96 515/171/96 516/1097/96
f 516/1097/95 518/1099/95 737/1098/95
f 515/171/95 517/169/95 518/1099/95
f 518/1099/94 520/1101/94 738/1100/94
f 517/169/94 519/167/94 520/1101/94
f 520/1101/93 522/1103/93 739/1102/93
f 519/167/93 521/166/93 522/1103/93
f 739/1104/92 522/1107/92 524/1105/92
f 522/1107/92 521/163/92 523/161/92
f 740/1106/91 524/1105/91 526/1108/91
f 524/1105/91 523/161/91 525/159/91
f 741/1109/90 526/1108/90 528/1110/90
f 526/1108/90 525/159/90 527/157/90
f 742/1111/89 528/1110/89 530/1112/89
f 528/1110/89 527/157/89 529/155/89
f 743/1113/88 530/1112/88 532/1114/88
f 530/1112/88 529/155/88 531/153/88
f 744/1115/87 532/1114/86 534/1116/87
f 532/1114/86 531/153/86 533/151/86
f 745/1117/85 534/1116/85 536/149/85
f 534/1116/85 533/151/85 535/150/85
f 476/225/134 586/330/134 767/1035/134
f 82/1119/134 147/331/134 585/332/134
f 590/226/135 476/225/135 716/1118/202
f 150/1120/135 82/1119/135 475/329/135
f 748/1121/856 540/28/856 542/1122/856
f 540/28/857 539/146/857 541/137/857
f 504/1083/858 544/1126/862 750/1124/859
f 503/1125/861 543/1128/5838 544/1126/862
f 544/1126/863 546/1129/867 751/1127/864
f 543/1128/866 545/1131/866 546/1129/867
f 546/1129/868 548/1132/871 752/1130/869
f 545/1131/870 547/1134/870 548/1132/871
f 548/1132/872 550/1135/872 753/1133/873
f 547/1134/874 549/3591/874 550/1135/875
f 550/1136/876 552/1140/876 754/1137/876
f 549/1139/877 551/1142/877 552/1140/877
f 552/1140/878 554/1143/882 755/1141/879
f 551/1142/881 553/3296/5839 554/1143/882
f 755/1141/883 554/1143/884 556/1144/884
f 554/1143/884 553/3296/5840 555/1146/886
f 756/1145/887 556/1144/890 558/1147/888
f 556/1144/890 555/1146/5841 557/1149/891
f 757/1148/892 558/1147/894 560/1150/893
f 558/1147/894 557/1149/5842 559/1152/895
f 758/1151/896 560/1150/899 562/1153/897
f 560/1150/899 559/1152/5843 561/1155/900
f 759/1154/901 562/1153/904 564/1156/902
f 562/1153/904 561/1155/5844 563/1158/905
f 760/1157/906 564/1156/909 566/1159/907
f 564/1156/909 563/1158/5845 565/1161/910
f 1099/1162/911 1097/1163/913 628/192/912
f 1097/1163/913 1098/1361/5846 627/193/914
f 749/1123/915 542/1122/918 1125/1164/916
f 542/1122/918 541/137/79 1126/139/81
f 782/973/783 630/972/782 632/969/919
f 630/972/782 629/130/72 631/132/74
f 624/980/789 574/974/921 78/446/790
f 623/1166/791 573/976/791 574/974/921
f 568/1060/922 572/981/925 77/432/923
f 567/1059/924 571/982/924 572/981/925
f 91/1167/926 660/956/926 711/958/926
f 92/866/927 661/56/411 710/83/413
f 646/245/234 709/447/234 2518/1169/233
f 707/433/146 708/246/146 2513/1171/146
f 645/247/146 707/433/146 2512/1172/146
f 699/398/29 706/58/29 179/194/29
f 648/18/928 705/15/929 177/239/929
f 662/371/214 704/393/29 178/382/29
f 76/419/10 174/232/10 703/22/10
f 698/395/29 702/399/29 172/388/29
f 170/234/9 701/21/9 647/16/9
f 697/392/29 700/404/29 168/1174/29
f 702/399/29 699/398/29 166/425/29
f 2076/396/29 698/395/29 165/415/29
f 704/393/29 697/392/29 164/405/29
f 158/1175/78 696/374/78 695/372/215
f 159/368/215 695/372/215 694/369/213
f 160/366/213 694/369/213 662/371/214
f 649/361/930 693/360/5847 154/1176/930
f 423/358/931 149/357/931 11/1177/931
f 650/352/204 692/351/204 150/1120/204
f 11/1177/932 716/1190/5848 767/1178/932
f 690/335/14 691/33/14 148/221/14
f 83/1179/15 652/32/15 689/34/15
f 84/219/16 653/36/16 688/37/16
f 85/216/17 654/39/17 687/40/17
f 88/1180/20 657/298/20 686/47/20
f 89/206/933 658/49/173 685/50/175
f 643/248/147 645/247/147 2263/1173/147
f 708/246/146 646/245/146 2264/1170/146
f 122/147/78 684/129/78 1127/136/78
f 121/947/71 683/127/71 684/129/71
f 120/946/70 682/125/70 683/127/70
f 119/949/69 681/123/69 682/125/69
f 118/948/68 680/121/68 681/123/68
f 117/152/67 679/119/67 680/121/67
f 116/154/66 678/117/66 679/119/66
f 115/156/65 677/115/65 678/117/65
f 114/158/64 676/113/64 677/115/64
f 113/160/63 675/111/63 676/113/63
f 112/162/62 674/109/62 675/111/62
f 111/164/61 673/107/61 674/109/61
f 110/1181/60 672/105/60 673/107/60
f 671/102/59 672/104/59 110/1182/59
f 670/100/58 671/102/58 109/165/58
f 669/98/57 670/100/57 108/168/57
f 668/96/56 669/98/56 107/170/56
f 667/94/55 668/96/55 106/172/55
f 666/92/54 667/94/54 105/174/54
f 665/90/53 666/92/53 104/176/53
f 664/87/52 665/90/51 103/178/935
f 663/88/49 664/87/48 102/180/936
f 204/1168/938 710/83/938 663/85/938
f 832/57/28 661/56/27 92/866/939
f 90/204/941 659/52/23 660/54/25
f 136/288/943 685/50/21 659/52/21
f 138/297/20 686/47/20 658/49/20
f 87/212/19 656/44/19 657/46/19
f 86/214/18 655/42/18 656/44/18
f 140/308/17 687/40/17 655/42/17
f 142/316/16 688/37/16 654/39/16
f 144/324/15 689/34/15 653/36/15
f 691/33/14 652/32/14 83/1179/14
f 1118/1183/945 1121/3297/945 650/27/945
f 174/232/10 75/231/10 643/248/10
f 76/419/9 644/19/9 701/21/9
f 647/16/6 648/18/8 73/237/946
f 705/15/948 649/14/949 74/1184/949
f 782/973/950 783/506/5849 71/841/950
f 56/797/952 749/1123/5850 1128/1165/953
f 1099/1162/955 781/265/5851 70/267/955
f 760/1157/957 761/1160/5852 69/1186/958
f 759/1154/960 760/1157/960 68/858/961
f 758/1151/962 759/1154/962 67/848/963
f 757/1148/965 758/1151/5853 66/816/966
f 756/1145/967 757/1148/969 65/829/968
f 755/1141/970 756/1145/972 64/842/971
f 62/1187/973 754/1137/5854 755/1141/974
f 61/1188/975 753/1138/976 754/1137/976
f 60/836/977 752/1130/5855 753/1133/978
f 59/847/979 751/1127/980 752/1130/980
f 58/817/981 750/1124/982 751/1127/982
f 57/818/983 730/1080/5856 750/1124/984
f 55/754/986 748/1121/986 749/1123/986
f 149/357/987 769/1224/987 716/1190/987
f 651/1027/14 690/335/14 147/331/14
f 52/811/85 745/1117/85 746/333/85
f 51/804/87 744/1115/87 745/1117/87
f 50/776/88 743/1113/88 744/1115/88
f 49/790/89 742/1111/89 743/1113/89
f 48/1191/90 741/1109/90 742/1111/90
f 47/1192/91 740/1106/91 741/1109/91
f 46/1193/92 739/1104/92 740/1106/92
f 738/1100/93 739/1102/93 46/1194/93
f 737/1098/94 738/1100/94 45/1195/94
f 736/1096/95 737/1098/95 44/1196/95
f 735/1094/96 736/1096/96 43/1197/96
f 734/1092/97 735/1094/97 42/1198/97
f 733/1090/98 734/1092/98 41/779/98
f 732/1088/99 733/1090/99 40/791/99
f 731/1085/853 732/1088/852 39/813/988
f 728/1086/848 731/1085/847 22/808/989
f 25/830/990 729/1081/990 730/1080/990
f 180/1199/991 780/984/991 729/1077/991
f 820/1201/992 833/1075/837 726/965/839
f 19/878/994 724/1072/994 725/1074/994
f 135/290/995 762/1055/995 724/1072/995
f 137/300/996 763/1051/1017 723/1053/997
f 16/1202/998 721/3298/999 722/1049/999
f 15/311/1000 720/1066/1000 721/1068/1000
f 139/1204/1001 764/1047/1001 720/1066/1001
f 141/1205/1002 765/1043/1004 719/1045/1003
f 143/1207/1005 766/1039/1007 718/1041/1006
f 145/336/1008 768/1220/1008 717/1209/1008
f 692/351/204 651/1027/809 82/1119/204
f 1123/1210/1009 1122/1061/1009 715/1063/1009
f 173/1212/795 2/1/795 789/3/795
f 3/1213/1010 790/995/1010 796/1002/1010
f 1/1215/1011 712/1004/1011 713/987/1011
f 779/989/1013 714/1021/1013 9/1217/1013
f 18/879/1014 723/1053/1015 762/1055/1014
f 17/880/1016 722/1049/1016 763/1051/1017
f 14/1206/1018 719/1045/1018 764/1047/1018
f 13/1208/1019 718/1041/1019 765/1043/1019
f 12/1219/1020 717/1037/1020 766/1039/1021
f 11/1177/1022 146/339/5857 422/340/1022
f 146/339/1023 767/1178/1023 768/1220/1023
f 153/1221/1024 770/1032/5858 771/1020/1024
f 10/1223/1025 715/3299/1025 769/1224/1025
f 714/1225/1026 770/3592/1026 153/896/1026
f 152/1222/1027 771/1020/1027 772/1019/1028
f 24/1227/1029 155/1228/1030 793/1017/1030
f 155/1228/1030 156/1229/1031 794/1014/1031
f 156/1229/1031 157/1242/1045 795/1012/1032
f 176/1230/991 778/992/991 773/1008/991
f 2071/1232/991 2077/1011/991 774/1000/991
f 171/1234/991 777/999/991 775/985/991
f 163/1231/991 773/1008/991 776/1007/991
f 169/1214/1010 796/1002/1010 712/1004/1010
f 162/1233/991 774/1000/991 777/999/991
f 3/1213/795 173/1212/795 797/1058/795
f 24/1227/1029 727/993/1029 778/992/991
f 8/1216/1033 713/987/1033 779/989/1033
f 161/1235/991 775/985/991 780/984/991
f 781/265/1034 782/973/5859 196/833/1034
f 199/826/1036 201/505/300 785/507/300
f 413/872/1037 787/964/768 728/968/770
f 726/965/766 787/964/765 413/872/1038
f 20/1237/1039 725/959/1039 788/961/1039
f 636/971/780 785/507/777 783/506/1040
f 638/1239/1041 786/497/5745 784/496/779
f 792/5/236 800/449/236 625/450/236
f 798/436/2 799/6/2 623/1166/2
f 791/2/2 798/436/2 621/979/2
f 799/6/2 792/5/2 573/976/2
f 789/3/1 791/2/1 571/982/1
f 772/1019/1043 594/3300/1043 802/1240/1043
f 804/1241/1044 809/1245/1221 795/1012/1032
f 805/1243/78 808/1247/78 696/374/78
f 806/1244/1046 807/1246/1048 600/367/212
f 809/1245/1047 806/1244/1046 599/1015/802
f 807/1246/1048 805/1243/1223 158/1175/1049
f 808/1247/78 3149/1420/78 2471/1248/78
f 414/1238/1050 788/961/762 833/1075/837
f 711/958/759 832/57/28 810/197/940
f 641/955/756 831/199/121 830/1076/840
f 788/961/762 642/960/761 830/1076/840
f 821/607/753 811/611/752 206/1249/1052
f 822/604/400 812/606/402 208/1250/1053
f 213/595/390 823/597/392 815/599/394
f 824/592/387 816/596/391 214/1252/1055
f 825/586/383 817/591/386 216/1253/1056
f 826/950/743 818/585/382 218/1254/1057
f 827/772/744 826/950/743 219/803/1058
f 829/945/1060 828/783/1060 222/792/1060
f 820/612/408 811/611/407 439/1255/1061
f 821/607/403 812/606/402 440/1257/1062
f 822/604/400 813/602/398 441/881/1064
f 813/602/398 814/600/397 442/1258/1065
f 814/600/395 815/599/394 443/884/749
f 823/597/392 816/596/391 444/320/1067
f 824/592/387 817/591/747 445/327/1069
f 825/586/383 818/585/382 446/337/1070
f 415/954/1071 810/197/119 831/199/121
f 2756/957/758 3155/55/26 832/57/28
f 1117/1260/1073 1129/1419/5860 223/793/1074
f 1130/1262/1075 1129/1419/1075 835/1263/1075
f 157/1265/164 836/376/164 835/1263/164
f 834/1264/164 835/1263/164 836/376/164
f 1131/1268/1076 1130/1262/1076 834/1264/1076
f 837/1269/1078 834/1264/5861 224/1267/1078
f 837/1269/1079 801/1271/5862 1123/1270/1080
f 801/1271/1081 837/1269/1081 425/574/1082
f 838/190/1084 852/876/1084 437/613/1084
f 2119/1272/670 2113/3179/670 2098/1273/670
f 850/1275/1085 851/187/5863 193/1276/1086
f 1100/1278/1088 850/1275/1085 194/1277/1087
f 848/464/1090 849/185/1090 189/1280/1090
f 845/186/1091 848/464/1091 190/1281/1092
f 838/190/1093 839/189/1093 31/936/1094
f 839/189/1095 840/188/5864 32/1283/1096
f 840/188/1098 841/1285/1099 33/1284/1099
f 841/1285/1100 842/3593/1100 34/1286/1101
f 842/1287/1102 843/1290/1102 35/1288/1102
f 843/1290/1104 844/1360/1104 36/1291/1104
f 851/187/108 845/186/107 37/1282/1106
f 849/185/1107 846/184/1109 38/1292/1108
f 7/11/1110 38/1292/1110 846/184/1110
f 840/1293/1111 99/1312/1112 853/1294/1112
f 840/1296/1113 855/3594/5865 856/1297/1114
f 850/1299/1116 860/1359/1116 861/1300/1116
f 841/1298/1115 856/1297/1114 857/1302/1117
f 195/1304/1119 854/1315/5866 3201/1305/1120
f 844/1307/1121 859/1316/1129 1101/1308/1116
f 842/1303/1118 857/1302/1117 858/1310/1122
f 99/1312/1124 2312/3301/5867 3199/1313/1124
f 851/1314/1126 861/3595/1126 854/1315/1127
f 843/1311/1123 858/1310/1122 859/1316/1129
f 451/571/1132 875/3596/5868 874/1317/1130
f 874/1317/1130 877/3302/5869 428/563/1131
f 1/902/691 862/901/691 864/1318/1133
f 907/1319/1134 906/3553/5807 169/1320/1135
f 1/902/691 864/1318/1133 169/1320/1135
f 450/564/1137 885/3597/5870 886/1321/1136
f 886/1321/1136 902/3303/1136 449/572/1136
f 453/566/1138 928/3483/5871 926/3598/5872
f 453/566/1138 926/3598/5872 927/3599/5871
f 908/3477/1138 426/567/1138 909/3600/1138
f 426/567/1138 453/566/1138 917/1323/1138
f 913/3601/1138 426/567/1138 915/3602/1138
f 913/3601/1138 909/3600/1138 426/567/1138
f 915/3602/1138 426/567/1138 917/1323/1138
f 453/566/1138 927/3599/5871 930/3603/5871
f 453/566/1138 930/3603/5871 921/1322/1138
f 428/563/1131 877/3302/5869 878/1324/1139
f 881/1325/1139 885/3597/5870 450/564/1137
f 428/563/1131 878/1324/1139 450/564/1137
f 452/411/218 867/3478/5735 865/3304/5873
f 865/3304/5873 869/1326/1140 452/411/218
f 869/1326/1140 871/3604/5873 451/571/1132
f 871/3604/5873 875/3596/5868 451/571/1132
f 185/1335/1147 1034/3605/5874 1026/3306/1143
f 1026/3306/1143 1025/3305/1143 185/1335/1147
f 1025/3305/1143 1024/3606/1143 186/1329/1143
f 185/1335/1147 1025/3305/1143 186/1329/1143
f 1024/3606/1143 1023/3607/1143 186/1329/1143
f 1023/3607/1143 1022/1327/1141 186/1329/1143
f 1021/1328/1142 1019/3583/1143 186/1329/1143
f 459/545/1144 1068/3513/5875 1069/3608/5875
f 1069/3608/5875 1057/3308/5875 459/545/1144
f 1057/3308/5875 1058/3307/5875 459/545/1144
f 1061/3609/1144 1050/3610/1144 458/546/1144
f 1050/3610/1144 1049/1330/1144 458/546/1144
f 1058/3307/5875 1061/3609/1144 459/545/1144
f 458/546/1144 459/545/1144 1061/3609/1144
f 1053/1331/1144 1054/3611/1144 458/546/1144
f 454/561/1157 1048/3313/5876 997/3612/1145
f 997/3612/1145 996/3613/1145 427/562/1145
f 996/3613/1145 995/3614/1145 427/562/1145
f 995/3614/1145 990/3615/1145 427/562/1145
f 427/562/1145 454/561/1157 997/3612/1145
f 978/3616/1145 980/3479/1145 427/562/1145
f 977/3617/5877 978/3616/1145 427/562/1145
f 427/562/1145 990/3615/1145 991/3618/1145
f 981/3619/1145 977/3617/5877 427/562/1145
f 987/3620/1145 981/3619/1145 427/562/1145
f 427/562/1145 991/3618/1145 992/3621/1145
f 427/562/1145 992/3621/1145 993/3622/1145
f 988/3623/1145 987/3620/1145 427/562/1145
f 989/3624/1145 988/3623/1145 427/562/1145
f 427/562/1145 993/3622/1145 994/3309/1145
f 427/562/1145 994/3309/1145 986/1332/1145
f 985/1333/1145 989/3624/1145 427/562/1145
f 5/916/702 1030/915/701 185/1335/1147
f 1030/915/701 1031/3310/5878 185/1335/1147
f 1031/3310/5878 1032/1336/1146 185/1335/1147
f 1034/3605/5874 185/1335/1147 1033/1334/1146
f 458/546/1148 1054/3611/1148 1001/1337/1148
f 1001/1337/1148 1000/1338/1150 457/548/1149
f 1000/1338/1150 1003/3311/5739 432/550/1151
f 181/1340/1153 1044/3625/5879 1045/1341/1154
f 1045/1341/1154 1046/3312/5880 182/1339/1152
f 1046/3312/5880 1047/3582/5819 182/1339/1152
f 4/3572/5813 1042/3577/5817 1041/1342/1155
f 1043/1343/1155 1044/3625/5879 181/1340/1153
f 4/3572/5813 1041/1342/1155 181/1340/1153
f 455/439/1158 1037/3507/5881 1038/1344/1156
f 1038/1344/1156 1048/3313/5876 454/561/1157
f 38/925/1159 1059/3589/1159 189/1347/1159
f 1059/3589/1159 1055/3315/1159 189/1347/1159
f 1055/3315/1159 1056/3314/1159 189/1347/1159
f 1056/3314/1159 1067/3626/1159 189/1347/1159
f 1067/3626/1159 1065/1345/1159 189/1347/1159
f 1076/3627/1159 1075/3516/1159 189/1347/1159
f 1064/1346/1159 1076/3627/1159 189/1347/1159
f 456/452/239 1016/3509/5738 1015/1348/1160
f 1015/1348/1160 1036/441/228 430/442/229
f 205/1349/82 29/141/82 203/140/82
f 254/1350/82 203/140/82 199/1351/82
f 253/1352/82 199/1351/82 201/1353/82
f 252/1354/82 201/1353/82 71/1355/82
f 251/1356/82 71/1355/82 196/143/82
f 250/1357/82 196/143/82 70/145/82
f 1100/1309/1116 1101/1308/1116 860/1359/1116
f 844/1360/1161 1100/1278/1088 1089/1279/1089
f 761/1160/1163 1099/1162/5882 1090/839/1164
f 566/1159/1166 565/1161/1167 1098/1361/1167
f 761/1160/1169 566/1159/1166 1097/1163/1168
f 436/481/266 1096/533/710 1089/929/712
f 1090/839/1171 1095/668/1171 395/859/1171
f 249/1362/1172 1091/827/585 1094/688/587
f 1094/688/452 1093/690/454 279/1364/1173
f 395/859/1174 1095/668/426 1092/670/428
f 268/649/164 1092/632/164 1093/634/164
f 248/938/1176 1091/532/324 1096/533/326
f 1090/1365/82 1091/1366/82 249/1358/82
f 1091/1366/82 1090/1365/82 69/1367/82
f 248/938/164 247/937/164 68/1369/164
f 247/937/164 246/939/164 67/1371/164
f 246/939/164 245/539/164 66/1372/164
f 245/539/164 244/940/164 65/1373/164
f 244/940/164 243/941/164 64/1374/164
f 243/941/164 242/544/164 63/1375/164
f 242/544/164 241/547/164 62/844/164
f 241/547/164 240/549/164 61/822/164
f 61/822/164 240/549/164 239/942/164
f 60/1376/164 239/942/164 238/555/164
f 59/1377/164 238/555/164 237/943/164
f 58/1378/164 237/943/164 236/944/164
f 57/1379/164 236/944/164 235/431/164
f 54/755/13 747/29/13 748/1121/13
f 53/762/84 746/333/84 747/29/84
f 1102/1381/1178 715/1393/1179 10/1382/1179
f 2011/1386/1180 1104/1389/5883 829/1388/1180
f 829/1388/1180 424/1384/1180 2011/1386/1180
f 1105/1387/1182 223/1391/1182 829/1388/1182
f 1105/1387/1184 749/3316/1184 56/1390/1184
f 1103/1392/670 474/3317/670 715/1393/670
f 1106/1394/1185 1104/1389/1185 2011/1386/1185
f 1105/1387/1186 1104/1389/1186 1106/1394/1186
f 542/1397/1187 749/3316/1187 1105/1387/1187
f 541/1398/1188 542/1397/1188 1107/1396/1188
f 1109/1400/1189 1108/1399/1189 1107/1396/1189
f 2013/1401/1191 1109/1400/1192 1106/1394/1192
f 1110/1402/155 1103/3004/155 474/1062/155
f 1111/1403/1193 122/3318/5884 541/1398/1194
f 1112/1404/1195 1111/1403/1195 1108/1399/1195
f 2014/1405/1196 1112/1404/5885 1109/1400/1196
f 1113/1406/1197 1110/1402/1197 473/229/1197
f 684/1407/1198 122/3628/5886 1111/1408/1198
f 1112/1404/1199 1115/1416/1199 1114/1410/1199
f 2015/1411/1201 1115/1416/5887 1112/1404/1201
f 1116/1412/1203 1113/1406/5888 81/228/1204
f 2359/1413/1206 684/1407/1206 1114/1409/1207
f 3466/1415/155 3465/3629/155 1114/1410/155
f 4399/1417/1208 3466/1415/1208 1115/1416/1208
f 3467/1418/1209 1116/1412/1203 650/27/1205
f 1131/1268/1211 1123/1270/1212 10/1223/1212
f 424/356/1213 829/945/5889 1130/1262/1214
f 829/945/1215 223/793/1215 1129/1419/1216
f 804/1266/1217 835/1263/1218 1129/1419/1218
f 801/577/1219 803/576/1219 1122/1061/1219
f 1117/1185/954 1128/1165/953 809/1245/1221
f 1124/138/78 1127/136/78 808/1247/78
f 1125/1164/916 1126/139/81 807/1246/1048
f 1128/1165/917 1125/1164/916 806/1244/1046
f 803/576/1222 802/1240/1222 1119/1064/1222
f 1126/139/81 1124/138/80 805/1243/1223
f 1127/136/78 3476/135/78 3149/1420/78
f 566/1421/155 761/3319/155 69/1422/155
f 1669/1424/1224 1135/1698/1224 1133/1425/1225
f 1670/1427/1227 1136/1709/1227 1294/1428/1228
f 1207/1430/1230 1137/1435/1230 1300/1431/1230
f 1137/1435/1231 1207/1430/1231 1725/1433/1231
f 1207/1430/1231 1208/1475/5890 1725/1433/1231
f 1586/1436/1232 1149/1619/1232 1287/1437/1232
f 1584/1439/1233 1585/3320/1233 1148/1440/1234
f 1279/1442/1235 1143/3326/5891 1581/1443/1236
f 1600/1445/1238 1284/1678/1429 1142/1446/1239
f 2069/1448/1241 2068/3127/2761 3504/1449/1242
f 1603/1451/1244 1291/1499/1896 1223/1566/5892
f 1223/1566/5892 3521/1452/1245 1603/1451/1244
f 3521/1452/1245 3663/3630/5893 2050/1453/1246
f 1239/1454/1247 3525/3631/1247 3523/1455/1248
f 1240/1457/1249 3526/3141/1249 3525/1458/1250
f 3527/1460/1251 1242/3323/5894 1323/1461/1251
f 1226/1463/1252 1172/3632/5895 1170/1464/1252
f 1227/1466/1253 1174/3633/5896 1172/1467/1253
f 1228/1469/1254 1180/1718/5897 3684/1470/1254
f 1229/1472/1255 1182/1476/1255 1306/1473/1256
f 1208/1475/1258 1147/1547/1258 1182/1476/1258
f 1566/1477/1260 1568/1936/1885 1237/1478/1261
f 1235/1480/1263 1239/1454/1263 1238/1456/1263
f 1589/1484/1265 2006/2135/1265 2052/1482/1264
f 2052/1482/1264 2002/3321/1264 1183/1483/1264
f 1476/1485/1266 1230/3634/5898 1222/1486/1266
f 1725/1433/1267 1208/1475/1267 1229/1472/1267
f 1724/1488/1268 1229/1472/1268 1310/1474/1268
f 1723/1490/1269 1228/1469/1269 1313/1471/1269
f 1717/1492/1270 1718/2257/1270 1227/1466/1271
f 1717/1493/1273 1226/1463/1275 1225/1465/1274
f 1234/1495/1276 1564/1735/5899 1565/1496/1277
f 1472/1498/1279 1223/1566/1279 1291/1499/1280
f 1466/1501/1282 1220/1847/5900 1689/1502/1283
f 1462/1504/1285 1464/2047/1799 1219/1505/1286
f 1512/1507/1287 1462/1504/1795 1218/1506/1288
f 1514/1509/1290 1460/1578/1792 1217/1510/1291
f 1456/1512/1293 1458/1582/1293 1216/1513/1294
f 1454/1515/1295 1456/1512/1295 1215/1514/1296
f 1516/1517/1298 1454/2037/1788 1214/1518/1299
f 1518/1520/1301 1452/1586/1786 1213/1521/1302
f 1520/1523/1304 1450/1590/1784 1212/1524/1305
f 1448/1526/1307 1211/1596/5901 1256/1527/1308
f 1526/1529/1310 1527/1998/1311 1447/1530/1311
f 1998/1532/1312 1444/2032/1314 1209/1533/1313
f 1551/1535/1315 1285/3322/5902 1203/1536/1316
f 1280/1538/1317 1204/2121/1317 1507/1539/1317
f 1438/1541/1318 1440/1958/5903 1201/1542/1318
f 1442/1544/1319 1202/1614/5904 1289/1545/1319
f 1147/1547/1320 1208/1475/5905 1207/1430/1321
f 1146/1548/1322 1207/1430/5906 1304/1432/1323
f 1583/1550/1324 1206/1706/5907 1298/1551/1325
f 1582/1553/1327 1205/1695/1328 1203/1554/1328
f 1242/1555/1329 3527/3330/5908 3526/1556/1329
f 1730/1560/1331 1323/1461/5909 1242/3323/5909
f 1242/3323/5909 1168/1558/1330 1730/1560/1331
f 1241/1561/1332 1238/1577/1332 3523/1562/1333
f 1167/1564/1334 1235/1480/1336 1224/1481/1335
f 1223/1566/1337 1241/1572/1337 3594/1567/1337
f 1659/1568/1338 1232/3635/5910 1233/1497/1278
f 1223/1566/1340 1472/1498/5911 1234/1495/1340
f 1975/3636/1341 1564/1569/1341 1472/1571/5912
f 1474/1574/1341 1480/3637/1341 1482/3638/1341
f 1975/3636/1341 1472/1571/5912 1502/3639/1341
f 1472/1571/5912 1474/1574/1341 1500/3640/1341
f 1502/3639/1341 1472/1571/5912 1500/3640/1341
f 1474/1574/1341 1482/3638/1341 1484/3324/1341
f 1484/3324/1341 1486/3641/1341 1488/1575/1341
f 1488/1575/1341 1490/3642/1341 1498/1573/1341
f 1490/3642/1341 1492/3643/1341 1498/1573/1341
f 1492/3643/1341 1494/3644/1341 1496/3645/1341
f 1496/3645/1341 1498/1573/1341 1492/3643/1341
f 1498/1573/1341 1500/3640/1341 1474/1574/1341
f 1474/1574/1341 1484/3324/1341 1488/1575/1341
f 3594/1567/1342 1241/1572/1343 1240/1557/1343
f 1234/1576/1344 1224/3646/5913 1238/1577/1344
f 1460/1578/1345 1512/1507/1347 1244/1508/1346
f 1410/1579/1348 1159/2169/1349 1243/1580/1349
f 1458/1582/1350 1514/1509/1290 1246/1511/1292
f 1411/1583/1352 1158/1854/1354 1245/1584/1353
f 1452/1586/1355 1516/1517/1298 1248/1519/1300
f 1389/1587/1357 1414/1860/1359 1155/1588/1358
f 1450/1590/1360 1518/1520/1301 1250/1522/1303
f 1390/1591/1362 1415/1862/1362 1154/1592/1363
f 1381/1594/1364 358/748/1364 310/750/1364
f 1448/1526/1365 1520/1523/1304 1252/1525/1306
f 1391/1597/1367 1416/1863/1367 1153/1598/1368
f 1446/1531/1369 1447/1530/1815 1523/1600/1370
f 1524/1528/1309 1256/1527/1308 1255/1602/1372
f 1417/1603/1373 1152/3333/1373 1253/1604/1373
f 1392/1605/1374 1253/1604/5914 1254/1606/1374
f 1379/1608/1375 1380/1834/1377 308/1609/1376
f 1526/1529/1378 1259/2062/1380 1209/1611/1379
f 1528/1613/1381 1263/2131/1381 1202/1614/1381
f 1395/1615/1382 1394/1842/1382 1258/1616/1382
f 1590/1618/1383 1257/3647/5915 1149/1619/1384
f 1221/1620/1386 1269/1623/1389 1533/1621/1387
f 1269/1623/1389 1268/1625/1391 1535/1624/1390
f 1268/1625/1391 1267/2129/2050 1537/1626/1392
f 3519/1627/1393 3629/1630/1394 2040/1628/1394
f 3629/1630/1395 3628/1632/1396 2041/1631/1396
f 3628/1632/1396 3627/3352/1397 2042/1633/1397
f 1714/1636/1399 1343/1793/1399 1344/1637/1400
f 1344/1637/1400 1265/1634/1398 1714/1636/1399
f 1344/1637/1400 1345/1640/1403 1264/1638/1401
f 1346/1639/1402 1164/1682/1432 1264/1638/1401
f 1538/1641/1404 1273/1665/1405 1290/1642/1405
f 1540/1644/1404 1274/1672/1405 2078/1645/1405
f 1542/1647/1404 1275/1687/1405 1282/1648/1405
f 2044/1650/1406 3636/1663/5916 3661/1651/1407
f 2045/1653/1409 3637/1671/1408 4481/1654/1408
f 2046/1656/1409 3638/1688/1408 3651/1657/1408
f 1347/1659/1411 1272/1667/1417 1288/1660/1412
f 2047/1662/1408 3645/3132/1408 3636/1663/1414
f 1544/1664/1404 1277/2123/1405 1273/1665/1405
f 1348/1666/1416 1276/1785/1534 1272/1667/1417
f 1200/1543/1418 1280/1538/1418 1547/1540/1418
f 1141/1441/1420 1279/1442/1235 1598/1444/1237
f 1789/3648/5917 1397/1784/1423 1791/1669/1423
f 1397/1784/1423 2081/1670/1423 1791/1669/1423
f 2081/1670/1423 1423/1788/2157 1747/3325/1422
f 1423/1788/2157 1748/3649/5918 1747/3325/1422
f 1747/3325/1422 1792/1668/1422 2081/1670/1423
f 2048/1658/1409 3651/1657/1408 3637/1671/1408
f 1548/1649/1404 1282/1648/1405 1274/1672/1405
f 1350/1673/1424 1281/1782/1436 1271/1674/1425
f 1204/1676/1427 1285/3322/5902 1551/1535/1315
f 1581/1443/1428 1143/3326/5919 1284/1678/1429
f 1861/3650/1430 1398/1779/5920 1424/1783/1430
f 1424/1783/1430 1809/3651/1430 1863/3652/1430
f 1809/3651/1430 1810/3653/1430 1853/3654/1430
f 1424/1783/1430 1863/3652/1430 1864/3655/1430
f 1810/3653/1430 1820/3656/1430 1853/3654/1430
f 1820/3656/1430 1819/3657/1430 1853/3654/1430
f 1865/3658/1430 1809/3651/1430 1857/3659/1430
f 1819/3657/1430 1818/3660/1430 1853/3654/1430
f 1818/3660/1430 1817/3661/1430 1852/3662/1430
f 1856/3663/1430 1809/3651/1430 1855/3664/1430
f 1806/3665/1430 1816/3666/1430 1851/3667/1430
f 1816/3666/1430 1815/3668/1430 1850/3669/1430
f 1809/3651/1430 1856/3663/1430 1857/3659/1430
f 1817/3661/1430 1806/3665/1430 1852/3662/1430
f 1809/3651/1430 1865/3658/1430 1863/3652/1430
f 1860/3670/5921 1861/3650/1430 1864/3655/1430
f 1861/3650/1430 1424/1783/1430 1864/3655/1430
f 1855/3664/1430 1809/3651/1430 1854/3671/1430
f 1816/3666/1430 1850/3669/1430 1851/3667/1430
f 1815/3668/1430 1813/3672/1430 1850/3669/1430
f 1813/3672/1430 1814/3673/1430 1850/3669/1430
f 1854/3671/1430 1809/3651/1430 1853/3654/1430
f 1853/3654/1430 1818/3660/1430 1852/3662/1430
f 1851/3667/1430 1852/3662/1430 1806/3665/1430
f 1801/3674/1430 1134/1877/1430 1799/3675/1430
f 1134/1877/1430 1283/1681/1430 1799/3675/1430
f 1283/1681/1430 1850/3669/1430 1805/1679/1430
f 1805/1679/1430 1850/3669/1430 1812/3676/1430
f 1814/3673/1430 1812/3676/1430 1850/3669/1430
f 1800/3677/1430 1799/3675/1430 1283/1681/1430
f 1804/3678/1430 1800/3677/1430 1283/1681/1430
f 1803/1680/1431 1804/3678/1430 1283/1681/1430
f 1352/1661/1413 1288/1660/1412 1164/1682/1432
f 2049/1652/1408 3661/1651/1408 3519/1627/1393
f 1552/1643/1404 1290/1642/1405 1221/1620/1386
f 1440/1683/1433 1554/1546/1433 1289/1545/1433
f 1602/1438/1434 1287/1437/1434 1148/1685/1435
f 1556/1500/1281 1291/1499/1280 1275/1687/1405
f 2050/1453/1246 3663/3630/5893 3638/1688/1408
f 1353/1689/1436 1292/1693/1436 1270/1690/1436
f 1354/1692/1437 1165/3362/1437 1292/1693/1437
f 1604/1694/1438 1297/1696/1441 1205/1695/1439
f 1605/1552/1326 1298/1551/1325 1297/1696/1441
f 1676/1697/1442 1293/1699/1445 1135/1698/1443
f 1677/1429/1229 1294/1428/1228 1293/1699/1445
f 1426/1700/1446 1918/3679/1447 1916/1701/1447
f 1400/1702/1448 1916/1701/5922 1917/1703/1449
f 1606/1705/1451 1303/1707/5923 1206/1706/1452
f 1606/1705/1455 1301/2113/5924 1302/1549/5925
f 1302/1549/5925 1304/1432/1454 1606/1705/1455
f 1678/1708/1456 1299/3680/1458 1136/1709/1457
f 1563/1711/1459 1303/1707/1459 1304/1432/1459
f 1304/1432/1459 1300/1431/1459 1562/1710/1459
f 1300/1431/1459 1299/3680/5926 1678/1708/5927
f 1562/1710/1459 1300/1431/1459 1678/1708/5927
f 1427/1712/1460 1897/3681/5928 1898/1713/1461
f 1884/2315/2168 1403/1775/2167 1883/1715/1463
f 1403/1775/2167 1402/1714/1462 1883/1715/1463
f 1726/1716/1464 1309/1717/1464 1228/1469/1464
f 1727/1489/1465 1310/1474/1466 1309/1717/1466
f 1309/1717/1467 1305/1719/1468 1180/1718/1467
f 1310/1474/1257 1306/1473/1256 1305/1719/1469
f 1965/3682/1470 1404/1721/1470 1951/3683/1470
f 1404/1721/1470 1430/1769/1470 1947/3684/1470
f 1951/3683/1470 1404/1721/1470 1952/1720/1470
f 1430/1769/1470 1949/3685/1470 1947/3684/1470
f 1944/3686/1470 1943/3327/1470 1404/1721/1470
f 1943/3327/1470 1955/1722/1470 1404/1721/1470
f 1947/3684/1470 1944/3686/1470 1404/1721/1470
f 1307/2326/1471 1308/1725/1471 1956/3687/1471
f 1308/1725/1471 1405/1768/1471 1966/3328/5929
f 1405/1768/1471 1404/1721/5930 1965/3682/1471
f 1965/3682/1471 1963/3688/1471 1405/1768/1471
f 1963/3688/1471 1958/3689/1471 1405/1768/1471
f 1959/3690/1471 1969/3691/1471 1405/1768/1471
f 1969/3691/1471 1968/3692/1471 1405/1768/1471
f 1958/3689/1471 1959/3690/1471 1405/1768/1471
f 1953/3693/1471 1956/3687/1471 1308/1725/1471
f 1954/3694/1471 1953/3693/1471 1308/1725/1471
f 1968/3692/1471 1967/3329/1471 1405/1768/1471
f 1967/3329/1471 1966/3328/5929 1405/1768/1471
f 1964/3695/1471 1954/3694/1471 1308/1725/1471
f 1962/1724/1471 1964/3695/1471 1308/1725/1471
f 1966/3328/5929 1961/3696/1471 1308/1725/1471
f 1961/3696/1471 1960/1723/1471 1308/1725/1471
f 1431/1726/1472 1179/1900/1473 1311/1727/1473
f 1406/1728/1474 1311/1727/1474 1312/1729/1475
f 1236/1731/1477 1315/1479/1480 3688/1732/1478
f 1315/1479/1480 1237/1478/5931 3561/1734/1481
f 1564/1735/1482 1566/1477/1482 1315/1479/1482
f 3696/1736/1483 3561/1734/1484 1237/1478/1484
f 1321/1742/1486 1168/3697/1486 1664/1740/1486
f 1168/3697/1486 1242/1555/1486 1575/1739/1486
f 1242/1555/1486 1318/1745/1486 1574/1738/1486
f 1575/1739/1486 1664/1740/1486 1168/3697/1486
f 1664/1740/1487 1662/1940/2028 1317/1741/1488
f 3699/1743/1490 3693/1746/1491 1316/1744/1491
f 3693/1746/1491 3696/1736/1483 1320/1737/1485
f 1242/1555/1492 3527/3330/1493 3699/1743/1493
f 1316/1744/1494 1320/1737/1698 1572/1747/1495
f 1663/1749/1497 1661/2141/1498 1199/1750/1498
f 1409/1752/1500 1324/3698/1500 1373/1753/1500
f 1437/1754/1501 1373/1753/1501 1372/1755/1502
f 1436/1756/1503 1372/1755/1504 1371/1757/1504
f 1435/1758/1505 1371/1757/1505 1370/1759/1505
f 1434/1760/1506 1370/1759/1507 1369/1761/1507
f 1433/1762/1508 1369/1761/1509 1368/1763/1509
f 1432/1764/1510 1368/1763/1510 1972/1765/1510
f 1431/1726/1511 1365/1913/1511 1364/1767/1512
f 1430/1769/1514 1362/1915/1652 1361/1770/1515
f 1429/1771/1516 1361/1770/1515 1360/1772/1517
f 1428/1773/1518 1360/1772/1517 1359/1774/1519
f 1401/1704/1520 1427/1712/1521 1357/1776/1521
f 1426/1700/1523 1354/1692/1523 1353/1689/1524
f 1425/1778/1525 1353/1689/1524 1351/1691/1526
f 1399/1780/1528 1352/1661/1540 1346/1639/1529
f 1281/1782/1436 1350/1673/1424 1351/1691/1436
f 1424/1783/1531 1350/1673/1660 1349/1675/1532
f 1276/1785/1534 1348/1666/1416 2080/1786/1535
f 1423/1788/1537 1348/1666/1661 1347/1659/1538
f 1422/1789/1539 1347/1659/1538 1352/1661/1540
f 1421/1781/1530 1346/1639/1529 1345/1640/1541
f 1419/1791/1543 1420/1790/1543 1345/1640/1543
f 1396/1792/1544 1419/1791/1544 1344/1637/1544
f 1260/1794/1545 1679/2402/1545 1681/1795/1545
f 1697/1797/1546 1337/2230/1546 1336/1798/1547
f 1696/1800/1548 1335/2229/1549 1334/1801/1548
f 1695/1803/1550 1333/2228/1550 1332/1804/1550
f 1694/1806/1551 1331/3353/1551 1330/1807/1552
f 1693/1808/1553 1330/1807/1554 1329/1809/1554
f 1692/1810/1555 1329/1809/5932 1328/1811/1555
f 1691/1813/1556 1327/2227/1556 1326/1814/1556
f 1690/1816/1557 1325/2226/1557 1161/1817/1557
f 1730/1819/1559 1324/3699/1559 1409/1820/1559
f 3765/1822/1560 3700/3331/5933 1323/1823/1561
f 1378/1825/1563 1379/3700/1563 307/1826/1563
f 1377/1828/1564 1378/3701/5934 306/1829/1564
f 1376/1831/1565 1377/1828/5935 305/1830/1566
f 304/1832/1568 303/761/1568 344/780/1568
f 47/1192/1569 48/1191/5936 1381/1833/1570
f 46/1193/1571 47/1192/1572 1380/1834/1572
f 46/1193/1574 1379/1608/1575 1378/1835/1575
f 45/1195/1576 1378/3701/1576 1377/1828/1576
f 44/1196/1577 1377/1828/1577 1376/1831/1577
f 43/1197/1578 1376/1831/1579 344/780/1579
f 49/790/1580 358/789/1580 1381/1833/1580
f 1380/1837/1581 1381/1594/1581 309/1595/1582
f 1706/1839/1583 1393/1607/1584 1418/1840/1584
f 1394/1842/1585 1707/1918/1585 1698/1841/1585
f 1470/1843/1586 1222/3332/1587 1322/1844/1587
f 1576/1846/1588 1322/3702/1589 1220/1847/1589
f 1375/1848/1591 1374/3703/1591 1382/1849/1592
f 3765/1822/1560 1408/1824/1562 1225/1465/1593
f 1731/1821/1594 1409/1820/1594 1169/1851/1595
f 1160/1852/1596 1159/2169/1596 1410/1579/1596
f 1158/1854/1597 1411/1583/5937 1387/1855/1597
f 1157/1857/1598 1412/1859/1600 1388/1585/1599
f 1156/1858/1601 1413/1861/1601 1412/1859/1601
f 1156/1858/1602 1155/1588/1602 1414/1860/1602
f 1247/1589/1603 1154/1592/1604 1415/1862/1604
f 1249/1593/1605 1153/1598/1605 1416/1863/1605
f 1251/1599/1606 1152/3333/1607 1417/1603/1607
f 1260/1864/1608 1261/1865/1608 1419/1791/1608
f 1419/1791/1609 1261/1865/1609 1780/3704/1609
f 1261/1865/1609 1262/1870/1609 1771/3705/1609
f 1770/3706/1609 1261/1865/1609 1772/3707/1609
f 1771/3705/1609 1772/3707/1609 1261/1865/1609
f 1783/2295/1609 1420/1790/1610 1784/3708/1610
f 1420/1790/1610 1419/1791/1609 1784/3708/1610
f 1261/1865/1609 1770/3706/1609 1768/3709/1610
f 1768/3709/1610 1769/3710/1610 1261/1865/1609
f 1769/3710/1610 1775/3711/1610 1261/1865/1609
f 1782/3712/1609 1784/3708/1610 1419/1791/1609
f 1781/3713/1609 1782/3712/1609 1419/1791/1609
f 1261/1865/1609 1775/3711/1610 1774/3714/1610
f 1261/1865/1609 1774/3714/1610 1773/3715/1609
f 1780/3704/1609 1781/3713/1609 1419/1791/1609
f 1778/1867/1610 1777/3716/1610 1261/1865/1609
f 1777/3716/1610 1779/3717/1610 1261/1865/1609
f 1779/3717/1610 1780/3704/1609 1261/1865/1609
f 1261/1865/1609 1773/3715/1609 1776/1866/1609
f 1771/3705/5938 1262/1870/1613 1763/3718/1611
f 1262/1870/1613 1140/2188/5939 1765/1868/1611
f 1763/3718/1611 1262/1870/1613 1764/1869/1612
f 1761/1881/5940 1286/1880/5940 1757/3719/5940
f 1286/1880/5940 1139/1871/1614 1754/1873/1616
f 1757/3719/5940 1286/1880/5940 1754/1873/1616
f 1753/1872/1615 1139/1871/1614 1751/3720/1618
f 1139/1871/1614 1132/1874/1617 1749/1876/1619
f 1751/3720/1618 1139/1871/1614 1749/1876/1619
f 1132/1874/1617 1743/3721/5941 1744/1875/1618
f 1787/3722/5942 1278/2293/2147 1786/3723/1621
f 1278/2293/2147 1134/1877/1620 1785/3334/5943
f 1786/3723/1621 1278/2293/2147 1785/3334/5943
f 1134/1877/1620 1801/3674/1621 1797/1878/1621
f 1795/1879/1621 1793/3335/1621 1134/1877/1620
f 1793/3335/1621 1785/3334/5943 1134/1877/1620
f 1765/1868/1622 1140/2188/1622 1760/1882/1622
f 1140/2188/1622 1286/1880/1622 1760/1882/1622
f 1283/1681/1623 1133/3724/1623 1836/3725/1624
f 1133/3724/1623 1827/3726/1623 1828/3727/1623
f 1133/3724/1623 1828/3727/1623 1829/3728/1623
f 1849/3729/1623 1850/3669/1624 1283/1681/1623
f 1848/3730/1624 1849/3729/1623 1283/1681/1623
f 1133/3724/1623 1829/3728/1623 1832/3731/1623
f 1133/3724/1623 1832/3731/1623 1833/3732/1624
f 1847/3733/1624 1848/3730/1624 1283/1681/1623
f 1846/3734/1624 1847/3733/1624 1283/1681/1623
f 1133/3724/1623 1833/3732/1624 1834/3735/1623
f 1836/3725/1624 1133/3724/1623 1834/3735/1623
f 1836/3725/1624 1835/3736/1623 1283/1681/1623
f 1835/3736/1623 1838/3336/1623 1283/1681/1623
f 1838/3336/1623 1839/1883/1624 1283/1681/1623
f 1845/3737/1623 1846/3734/1624 1283/1681/1623
f 1842/3738/1623 1844/3739/1623 1283/1681/1623
f 1844/3739/1623 1845/3737/1623 1283/1681/1623
f 1840/3740/1623 1841/3741/1623 1283/1681/1623
f 1841/3741/1623 1843/3742/1623 1283/1681/1623
f 1837/1884/1623 1840/3740/1623 1283/1681/1623
f 1843/3742/1623 1842/3738/1623 1283/1681/1623
f 1827/3726/1626 1133/3724/1626 1826/3743/1626
f 1133/3724/1626 1135/1885/1625 1821/3744/5944
f 1826/3743/1626 1133/3724/1626 1825/3745/1626
f 1135/1885/1625 1923/3746/5945 1921/3747/1626
f 1920/3748/5946 1830/3337/1626 1135/1885/1625
f 1830/3337/1626 1831/1886/1626 1135/1885/1625
f 1135/1885/1625 1921/3747/1626 1920/3748/5946
f 1824/3749/1626 1133/3724/1626 1823/3750/1626
f 1824/3749/1626 1825/3745/1626 1133/3724/1626
f 1822/1887/1626 1821/3744/5944 1135/1885/1625
f 1821/3744/5944 1823/3750/1626 1133/3724/1626
f 1928/3751/5947 1294/2318/2171 1909/1889/1628
f 1294/2318/2171 1136/1890/1628 1909/1889/1628
f 1136/1890/1628 1911/3339/5948 1910/3338/5949
f 1910/3338/5949 1908/1888/1627 1136/1890/1628
f 1900/3355/5950 1300/2303/5950 1901/1892/1629
f 1300/2303/5950 1137/1893/1630 1901/1892/1629
f 1137/1893/1630 1894/3752/5951 1893/3341/5950
f 1893/3341/5950 1895/3340/1629 1137/1893/1630
f 1895/3340/1629 1899/1891/1629 1137/1893/1630
f 1894/3752/5951 1137/1893/1630 1892/3753/1631
f 1137/1893/1630 1138/1896/1631 1891/1895/1632
f 1892/3753/1631 1137/1893/1630 1891/1895/1632
f 1138/1896/1631 1886/3754/1631 1888/3343/1631
f 1886/3754/1631 1887/3755/1631 1888/3343/1631
f 1888/3343/1631 1889/3342/1631 1138/1896/1631
f 1889/3342/1631 1890/1894/1631 1138/1896/1631
f 1886/3754/1634 1138/1896/1633 1181/1897/1633
f 1181/1897/1633 1940/3756/1633 1941/3757/1633
f 1941/3757/1633 1932/3758/1633 1181/1897/1633
f 1932/3758/1633 1933/3759/1633 1181/1897/1633
f 1933/3759/1633 1880/1898/1634 1181/1897/1633
f 1885/3760/1633 1886/3754/1634 1181/1897/1633
f 1879/1899/1633 1885/3760/1633 1181/1897/1633
f 1179/1900/1635 1431/1726/1635 1405/1768/1635
f 1178/1901/1637 1432/1764/5952 1973/1766/1638
f 1177/1903/1640 1433/1762/1640 1432/1764/1641
f 1176/1904/1642 1434/1760/1643 1433/1762/1643
f 1175/1905/1644 1435/1758/1644 1434/1760/1644
f 1173/1906/1645 1436/1756/1645 1435/1758/1645
f 1171/1907/1646 1437/1754/1646 1436/1756/1646
f 1169/1908/1647 1409/3761/5953 1437/1909/1647
f 1366/1911/1648 1406/1728/5954 1407/1730/1648
f 1365/1913/1649 1431/1726/1649 1406/1728/1649
f 1363/1914/1651 1404/1721/1653 1405/1768/1513
f 1362/1915/1652 1430/1769/1514 1404/1721/1653
f 1358/1916/1654 1402/1714/1655 1403/1775/1655
f 1357/1776/1521 1427/1712/1521 1402/1714/1656
f 1356/1777/1522 1355/1917/1657 1400/1702/1657
f 1355/1917/1658 1354/1692/1659 1426/1700/1659
f 1350/1673/1660 1424/1783/1531 1398/1779/1527
f 1348/1666/1661 1423/1788/1537 2081/1670/1662
f 1707/1918/1664 1394/1842/1664 1395/1615/1664
f 1705/1920/1665 1392/1605/1668 1393/1607/1666
f 1697/1797/1667 1417/1603/2078 1392/1605/1668
f 1696/1800/1669 1416/1863/2077 1391/1597/1670
f 1695/1803/1672 1415/1862/2076 1390/1591/1673
f 1702/1805/1675 1694/1806/5955 1414/1860/1676
f 1691/1813/1678 1411/1583/2071 1388/1585/1679
f 1690/1816/1681 1410/2233/1681 1387/1855/1682
f 1464/1921/1684 1578/1927/1684 1386/1922/1684
f 1620/1924/1685 1666/2215/5956 1579/1925/1686
f 1465/1926/1687 1579/1925/1686 1578/1927/1688
f 1665/1928/1689 1577/1931/1692 1467/1929/1690
f 1577/1931/1692 1576/1846/1588 1466/1501/1590
f 1623/1932/1693 1471/1935/1696 1577/1933/1694
f 1471/1935/1696 1470/1843/5957 1576/1845/1697
f 1320/1737/1698 1237/1478/5958 1568/1936/1699
f 1572/1747/1495 1568/1936/1699 1569/1937/1700
f 1571/1939/1702 1573/1938/1701 1663/1749/1701
f 1570/1748/1496 1572/1747/1495 1573/1938/1701
f 1318/1745/1704 1316/1744/1494 1570/1748/1496
f 1574/1738/1705 1570/1748/1496 1571/1939/1702
f 1659/1568/1707 1660/2111/5959 1567/1941/1708
f 1565/1496/1710 1567/1941/1710 1566/1477/1710
f 1303/1707/1711 1563/1711/5960 1511/1942/1712
f 1563/1711/1714 1562/1710/1715 1510/1943/1715
f 1298/1551/1716 1561/1945/1887 1559/1944/1717
f 1561/1945/1719 1560/2112/1889 1558/1946/1720
f 1297/1696/1718 1559/1944/1717 1509/1947/1718
f 1559/1944/1720 1558/1946/1720 1508/1948/1722
f 1658/1949/1723 1557/1952/1723 1543/1950/1723
f 1557/1952/1724 1556/1500/1281 1542/1647/1404
f 1608/1953/1725 1657/2020/1725 1555/1954/1725
f 1441/1956/1727 1555/3344/1727 1554/1957/1727
f 1656/1959/1723 1553/1962/1723 1469/1960/1729
f 1553/1962/1724 1552/1643/1404 1468/1622/1388
f 1668/1963/1731 1506/1966/5961 1550/1964/1732
f 1506/1966/1733 1507/1539/1733 1551/1967/1734
f 1655/1968/1723 1549/1971/1723 1541/1969/1723
f 1549/1971/1724 1548/1649/1404 1540/1644/1404
f 1439/1972/1735 1546/1976/1735 1674/1973/1736
f 1438/1975/1737 1547/3762/1737 1546/1976/1737
f 1654/1977/1723 1545/1980/1723 1539/1978/1723
f 1545/1980/1724 1544/1664/1404 1538/1641/1404
f 1653/1951/1723 1543/1950/1723 1549/1971/1723
f 1543/1950/1724 1542/1647/1404 1548/1649/1404
f 1652/1970/1723 1541/1969/1723 2082/1981/1723
f 1541/1969/1724 1540/1644/1404 2083/1646/1404
f 1651/1979/1723 1539/1978/1723 1553/1962/1723
f 1539/1978/1724 1538/1641/1404 1552/1643/1404
f 1534/1983/1738 1536/1986/2048 1673/1984/1739
f 1535/1624/1390 1537/1626/1392 1536/1986/1740
f 1532/1987/1742 1534/1983/1738 1672/1985/1738
f 1533/1621/1387 1535/1624/1390 1534/1983/1741
f 1469/1960/1729 1532/1987/1742 1671/1988/1742
f 1468/1622/1388 1533/1621/1387 1532/1987/1743
f 1649/1989/1744 1650/1796/1744 1531/1990/1744
f 1609/1992/1745 1648/2000/5962 1529/1993/1745
f 1443/1994/1746 1529/1993/1747 1528/1613/1747
f 1340/1995/1748 1698/1841/1748 1707/1918/1748
f 1610/1997/1749 1647/2161/1749 1527/1998/1749
f 1445/1999/1750 1527/1998/1750 1526/1529/1751
f 1649/1989/1752 1530/1991/5963 1529/1993/1752
f 1698/1841/1753 1340/1995/1754 1339/2001/1754
f 1646/2002/1755 1525/2004/1755 1523/1600/1370
f 1525/2004/1755 1524/1528/1309 1522/1601/1371
f 1612/2005/1756 1644/2033/1757 1521/2006/1757
f 1449/2007/1756 1521/2006/1757 1520/1523/1304
f 1613/2008/1758 1643/2034/1759 1519/2009/1759
f 1451/2010/1758 1519/2009/1759 1518/1520/1301
f 1614/2011/1760 1642/2035/1761 1517/2012/1761
f 1453/2013/1760 1517/2012/1761 1516/1517/1298
f 1617/2014/1762 1641/2042/1791 1515/2015/1763
f 1459/2016/1762 1515/2015/1763 1514/1509/1290
f 1618/2017/1764 1640/2043/1793 1513/2018/1765
f 1461/2019/1766 1513/2018/1765 1512/1507/1287
f 1657/2020/1768 1609/2197/1768 1443/2021/1768
f 1555/2022/1769 1443/1994/1770 1442/1544/1770
f 1607/1974/1771 1608/1953/5964 1441/1955/1771
f 1439/2023/1772 1441/1956/1772 1440/1958/1772
f 1674/1973/1773 1546/1976/5965 1506/2024/1773
f 1546/2026/1774 1547/1540/5966 1507/1539/1733
f 1675/1965/1732 1550/1964/1732 1504/2027/1775
f 1550/1964/1734 1551/1967/1734 1505/2028/1734
f 2000/2029/1776 1610/2180/1777 1445/2030/1777
f 1997/2031/1779 1445/2030/1781 1444/2032/1780
f 1612/2005/1782 1449/2007/1782 1525/2004/1755
f 1449/2007/1782 1448/1526/1307 1524/1528/1309
f 1644/2033/1757 1613/2008/1783 1451/2010/1783
f 1521/2006/1757 1451/2010/1783 1450/1590/1784
f 1643/2034/1759 1614/2011/1785 1453/2013/1785
f 1519/2009/1759 1453/2013/1785 1452/1586/1786
f 1642/2035/1761 1615/2175/1787 1455/2036/1787
f 1517/2012/1761 1455/2036/1787 1454/2037/1788
f 1615/2038/1789 1616/2041/1789 1457/2039/1789
f 1455/2040/1789 1457/2039/1789 1456/1512/1295
f 1616/2041/1790 1617/2014/1790 1459/2016/1790
f 1457/2039/1790 1459/2016/1790 1458/1582/1293
f 1641/2042/1791 1618/2017/1792 1461/2019/1792
f 1515/2015/1763 1461/2019/1792 1460/1578/1792
f 1640/2043/1793 1619/2045/5967 1463/2044/1794
f 1513/2018/1765 1463/2044/1794 1462/1504/1795
f 1619/2045/1796 1620/2170/5968 1465/2046/1797
f 1463/2044/1798 1465/2046/1797 1464/2047/1799
f 1711/2048/1800 1621/1930/5969 1467/1929/1801
f 1467/1929/1801 1466/1501/1282 1710/1503/1284
f 1658/1949/1803 1624/2167/1803 1473/2050/1804
f 1473/2050/1804 1472/1498/1805 1556/1500/1805
f 1625/2051/1806 1475/2054/1806 1473/2052/1806
f 1475/2054/1807 1474/2065/1808 1472/2055/1808
f 1626/2056/1810 1477/2059/1813 1471/2057/1811
f 1477/2059/1813 1476/1485/5970 1470/1487/1814
f 1447/1530/1815 1611/2061/1815 1645/2003/1370
f 1522/1601/1371 1255/1602/1372 1210/2060/1816
f 1527/1998/1311 1647/2161/1311 1611/2061/1311
f 1446/1531/1310 1210/2060/1817 1259/2062/1817
f 1628/2063/1818 1481/2064/5971 1475/2054/1819
f 1481/2064/1821 1480/2068/5972 1474/2065/1822
f 1629/2066/1824 1483/2067/1825 1481/2064/1825
f 1483/2067/1826 1482/2071/1827 1480/2068/1827
f 1630/2069/1828 1485/2070/1828 1483/2067/1828
f 1485/2070/1829 1484/3763/1829 1482/2071/1830
f 1631/2072/1831 1487/2075/1831 1485/2073/1831
f 1487/2075/1832 1486/2079/1833 1484/2076/1833
f 1632/2077/1835 1489/2078/1835 1487/2075/1835
f 1489/2078/1837 1488/2082/1838 1486/2079/1838
f 1633/2080/1840 1491/2081/1841 1489/2078/1841
f 1491/2081/1842 1490/2085/5973 1488/2082/1843
f 1633/2080/1845 1634/2086/1847 1493/2083/1846
f 1491/2081/1848 1493/2083/1849 1492/2084/1848
f 1634/2086/1850 1635/2089/1851 1495/2087/1851
f 1493/2083/1853 1495/2087/5974 1494/2088/1854
f 1635/2089/1856 1636/2092/5975 1497/2090/1857
f 1495/2087/1858 1497/2090/1859 1496/2091/1859
f 1636/2092/1860 1637/2150/5976 1499/2093/1861
f 1497/2090/1862 1499/2093/1864 1498/2094/1863
f 1637/2095/1865 1638/2100/5977 1501/2096/1866
f 1499/2097/1868 1501/2096/1869 1500/2098/1869
f 1638/2100/1870 1639/3345/5978 1503/2101/1871
f 1501/2096/1873 1503/2101/1875 1502/2102/1874
f 1976/2103/1876 1659/1568/1934 1565/1496/1877
f 1974/2104/1879 1565/1496/1879 1564/1735/1879
f 2004/2106/1880 1479/2110/1881 1627/2107/1881
f 2005/2109/1882 1478/3764/1882 1479/2110/1882
f 1660/2111/1883 1661/2141/1883 1569/1937/1883
f 1567/1941/1884 1569/1937/1883 1568/1936/1885
f 1206/1706/1886 1511/1942/5979 1561/1945/1887
f 1511/1942/1888 1510/1943/5980 1560/2112/1889
f 1205/1695/1890 1509/1947/1890 1505/2028/1890
f 1509/1947/1891 1508/1948/1891 1504/2027/1891
f 1301/2113/1892 1606/1705/1451 1583/1550/1453
f 1296/2115/1893 1605/1552/1326 1604/1694/1438
f 1295/2116/1894 1604/1694/1438 1582/1553/1440
f 1291/1499/1896 1603/1451/1244 1596/2118/1897
f 1289/1545/1898 1602/1438/1898 1585/1686/1898
f 1290/1642/1896 1601/2127/1897 1588/2119/1899
f 1581/1443/1428 1600/1445/1238 1285/2120/1901
f 1282/1648/1896 1599/2125/1897 1595/2122/1897
f 1584/1439/1421 1598/1444/1237 1280/1538/1903
f 1277/2123/1896 1597/3032/1897 1594/2124/1897
f 1275/1687/1896 1596/2118/1897 1599/2125/1897
f 1274/1672/1896 1595/2122/1897 2084/2126/1897
f 1273/1665/1896 1594/2124/1897 1601/2127/1897
f 1592/2128/1905 1593/2218/2046 1267/2129/1906
f 1591/2130/1908 1592/2128/1905 1268/1625/1907
f 1588/2119/1899 1591/2130/1908 1269/1623/1909
f 1263/2131/1910 1590/1618/1910 1586/1436/1910
f 1394/1842/1912 1418/1840/1912 1151/2132/1912
f 1254/2133/1913 1645/2003/1913 1611/2061/1914
f 1144/2117/1916 1582/1553/1327 1580/1447/1327
f 1145/2114/1917 1583/1550/1324 1605/1552/1326
f 2006/2135/1265 1589/1484/1265 1231/2136/1918
f 1996/1534/1919 1209/1533/1919 1587/2138/1920
f 1285/2120/1901 1600/1445/1238 1580/1447/1240
f 1598/1444/1237 1581/1443/1236 1204/2121/1923
f 1201/1542/1924 1585/3320/1233 1584/1439/1233
f 1202/1614/1926 1586/1436/1926 1602/1438/1926
f 1314/2140/1927 1199/1750/5981 1661/2141/1928
f 1995/2142/1930 2007/2108/5982 1627/2107/1931
f 1971/2144/1933 1198/2209/5983 1659/1568/1934
f 1196/2145/1935 1197/2342/1936 1639/2146/1936
f 1195/2148/1937 1196/3346/1937 1638/2100/1937
f 1194/2149/1938 1195/3347/1938 1637/2150/1938
f 1193/2151/1940 1194/2149/1940 1636/2092/1940
f 1192/2152/1941 1193/2151/1941 1635/2089/1942
f 1191/2153/1943 1192/2152/1943 1634/2086/1943
f 1191/2153/1944 1633/2080/5984 1632/2077/1945
f 1190/2154/1947 1632/2077/1947 1631/2072/1947
f 1189/2155/1948 1631/2072/1949 1630/2074/1949
f 1188/2157/1950 1630/2069/1950 1629/2066/1951
f 1187/2158/1953 1629/2066/1953 1628/2063/1954
f 1186/2159/1955 1628/2063/1955 1625/2051/1955
f 1151/2134/1915 1611/2061/1914 1647/2161/1956
f 1162/2163/1958 1626/2056/1810 1623/2058/1812
f 1165/2165/1960 1185/2160/1960 1625/2051/1960
f 1292/2166/1961 1165/3348/1961 1624/2167/1961
f 1699/2168/1963 1161/2213/1963 1621/1930/1964
f 1159/2169/1965 1160/1852/1965 1620/2170/1966
f 1243/1580/1968 1159/2169/5985 1619/2045/1969
f 1245/2171/1971 1158/2189/1972 1618/2017/1972
f 1156/2172/1974 1157/2190/1974 1617/2014/1974
f 1155/2173/1976 1156/2172/1976 1616/2041/1976
f 1247/2174/1977 1155/3349/5986 1615/2175/1978
f 1249/2176/1980 1154/2191/1981 1614/2011/1981
f 1251/2177/1983 1153/2192/1984 1613/2008/1984
f 1253/2178/1986 1152/2193/1986 1612/2005/1986
f 2001/2179/1987 1150/3350/1987 1610/2180/1987
f 1283/2181/1988 1675/1965/2024 1667/1426/1989
f 1674/2182/1991 1668/1963/5987 1134/2183/1992
f 1132/2185/1994 1139/3351/1995 1608/2186/1995
f 1140/2188/1996 1609/2197/1997 1657/2020/1997
f 1158/2189/1998 1243/1580/1968 1640/2043/1970
f 1157/2190/2000 1245/2171/1971 1641/2042/1973
f 1154/2191/2002 1247/2174/1977 1642/2035/1979
f 1153/2192/2004 1249/2176/1980 1643/2034/1982
f 1152/2193/2005 1251/2177/1983 1644/2033/1985
f 1393/1607/2007 1254/1606/2007 1151/2132/2007
f 1254/2133/2008 1253/2178/5988 1646/2002/2008
f 1262/1870/2009 1261/1865/2010 1649/2194/2010
f 1258/2162/2011 1647/2161/2011 1610/1997/2012
f 1262/1870/2013 1648/2195/2013 1609/2197/2014
f 1261/2198/2015 1260/1794/2015 1650/1796/2015
f 1164/2199/2016 1622/1961/2016 1671/1988/2017
f 1264/2200/2017 1671/1988/2017 1672/1985/2018
f 1265/2201/2018 1672/1985/2018 1673/1984/2019
f 1288/2203/2021 1272/2206/2021 1651/1979/2021
f 2079/2204/2021 1271/2207/2021 1652/1970/2021
f 1281/2205/2021 1270/2208/2021 1653/1951/2021
f 1272/2206/2021 1276/3131/2021 1654/1977/2021
f 1607/2187/2022 1674/2182/1991 1278/2184/1993
f 1271/2207/2021 1281/2205/2021 1655/1968/2021
f 1134/2183/2023 1668/1963/2023 1675/1965/2024
f 1288/2203/2021 1656/1959/2021 1622/1961/2016
f 1139/1871/2025 1286/1880/5989 1657/2020/2026
f 1270/2208/2021 1292/2166/2021 1658/1949/2021
f 1198/2209/2027 1314/2140/2027 1660/2111/2027
f 1662/1940/2028 1663/1749/1497 1319/1751/1499
f 1163/2210/2029 1623/1932/1693 1665/1934/1695
f 1384/2212/2030 1665/1928/2030 1621/1930/2030
f 1160/2214/2032 1385/2225/5990 1666/2215/2032
f 1573/1938/1701 1569/1937/1700 1661/2141/2034
f 1575/1739/1706 1571/1939/1702 1662/1940/1703
f 1562/1710/2036 1678/1708/5991 1670/1427/2036
f 1560/2112/2038 1677/1429/2042 1676/1697/2039
f 1558/1946/2039 1676/1697/2039 1669/1424/2039
f 1510/1943/2041 1670/1427/5992 1677/1429/2042
f 1508/1948/2043 1669/1424/2043 1667/1426/2043
f 1650/1796/2044 1681/1795/2044 1680/2216/2044
f 1673/1984/2019 1688/2221/5993 1682/2217/2045
f 1593/2218/2046 1687/2403/2046 1684/2219/1906
f 1537/1626/1392 1686/2222/2051 1685/2220/2047
f 1536/1986/2048 1685/2220/2281 1688/2221/2049
f 1267/2129/2050 1684/2219/2285 1686/2222/2051
f 2042/1633/2052 3627/3352/5994 1683/2223/2053
f 1385/2225/2054 1699/2168/2054 1711/2048/2054
f 1709/2049/1802 1710/1503/1284 1578/1927/2055
f 1666/2215/2057 1711/2048/1800 1709/2049/1802
f 1325/2226/2058 1690/1816/2058 1700/1815/2058
f 1327/2227/2059 1691/1813/5995 1701/1812/2060
f 1332/1804/2061 1331/3353/5996 1694/1806/2062
f 1333/2228/2063 1695/1803/2063 1703/1802/2063
f 1335/2229/2064 1696/1800/2064 1704/1799/2064
f 1337/2230/2065 1697/1797/2065 1705/1920/2066
f 1338/2231/2067 1705/1920/2067 1706/1839/2068
f 1341/1996/2069 1707/1918/2069 1708/1919/2069
f 1410/2233/2070 1690/1816/2070 1699/1818/2070
f 1411/1583/2071 1691/1813/1678 1700/1815/1683
f 1412/1859/2072 1692/1810/2074 1701/1812/1680
f 1413/1861/2073 1693/1808/2075 1692/1810/2074
f 1414/1860/1676 1694/1806/5955 1693/1808/2075
f 1415/1862/2076 1695/1803/1672 1702/1805/1675
f 1416/1863/2077 1696/1800/1669 1703/1802/1674
f 1417/1603/2078 1697/1797/1667 1704/1799/1671
f 1710/1503/1284 1689/1502/1283 1386/1922/2079
f 1184/2235/2080 1342/2232/2080 2008/2236/2080
f 2009/2238/2081 1712/2240/2081 1713/2239/2082
f 1266/1635/2083 1682/2401/5997 1713/2239/2084
f 1714/1636/2085 1713/2239/2085 1712/2240/2086
f 2010/2241/2088 1715/2242/2088 1712/2240/2088
f 1343/1793/2090 1712/2240/5998 1715/2242/2091
f 2001/2243/2092 1679/2244/2092 1715/2242/2093
f 1396/1792/2094 1715/2242/2094 1679/2244/2095
f 1408/1824/2096 1731/1821/2096 1716/1494/2097
f 1408/1824/2098 1323/1823/2098 1730/1819/2099
f 1311/2245/2100 1729/1491/2101 1728/2246/2101
f 1312/2247/2102 1728/2246/5999 1977/2248/2103
f 1307/2250/2105 1727/1489/2105 1726/1716/2105
f 1308/2251/2106 1726/1716/2106 1723/1490/2107
f 1171/2253/2109 1717/1493/2109 1716/1494/2109
f 1173/2254/2110 1718/2257/2110 1717/1492/2110
f 1175/2256/2111 1719/2259/6000 1718/2257/2112
f 1176/2258/2113 1720/2261/6001 1719/2259/2114
f 1177/2260/2116 1721/2263/2116 1720/2261/2117
f 1178/2262/2118 1722/2341/2118 1721/2263/2118
f 1179/2252/2119 1723/1490/2121 1729/1491/2120
f 1181/2264/2122 1724/1488/2122 1727/1489/2123
f 1138/1434/2124 1725/1433/6002 1724/1488/2124
f 1718/2265/2125 1736/3354/2125 1733/2266/2126
f 1737/2268/2128 1736/3354/6003 1718/2265/2128
f 1742/2270/2129 1741/2340/6004 1728/2271/2129
f 1738/2273/2130 1737/3765/2131 1719/2274/2131
f 1734/2276/2132 1735/2287/2132 1313/2277/2132
f 1978/2279/2133 1740/2289/2134 1722/2280/2134
f 1739/2282/2136 1738/3766/2136 1720/2283/2136
f 1227/2267/2137 1733/2266/6005 1732/2285/2138
f 1735/2287/2140 1742/3767/6006 1729/2288/2141
f 1740/2289/2142 1739/2282/2142 1721/2284/2142
f 1755/2291/2145 1756/3768/6007 1422/1789/6008
f 1422/1789/6008 1399/1780/2143 1755/2291/2145
f 1745/2292/2146 1743/3721/5941 1132/1874/1617
f 1132/1874/1617 1278/2293/2147 1745/2292/2146
f 1278/2293/2147 1787/3722/5942 1788/2294/2148
f 1767/2296/2149 1766/3769/6009 1421/1781/2154
f 1421/1781/2154 1420/1790/2149 1767/2296/2149
f 1807/3770/2151 1809/3651/6010 1424/1783/2151
f 1424/1783/2151 1397/1784/2151 1798/2297/2151
f 1397/1784/2151 1789/3648/2151 1790/3771/2151
f 1796/3772/2151 1397/1784/2151 1794/3773/2151
f 1790/3771/2151 1794/3773/2151 1397/1784/2151
f 1808/3774/6011 1807/3770/2151 1424/1783/2151
f 1811/3775/2151 1808/3774/6011 1424/1783/2151
f 1397/1784/2151 1796/3772/2151 1798/2297/2151
f 1802/2298/2151 1811/3775/2151 1424/1783/2151
f 1759/2300/2153 1758/2290/2144 1399/1780/2143
f 1399/1780/2143 1421/1781/2154 1759/2300/2153
f 1421/1781/2154 1766/3769/6009 1762/2299/2152
f 1746/2302/2156 1748/3649/5918 1423/1788/2157
f 1423/1788/2157 1422/1789/6008 1750/2301/2155
f 1422/1789/6008 1756/3768/6007 1752/3776/6012
f 1752/3776/6012 1750/2301/2155 1422/1789/6008
f 1907/3777/2158 1915/3778/6013 1299/2312/2163
f 1299/2312/2163 1300/2303/2158 1906/3779/2158
f 1300/2303/2158 1900/3355/2158 1902/3356/2158
f 1902/3356/2158 1903/3780/6014 1300/2303/2158
f 1903/3780/6014 1904/2304/2158 1300/2303/2158
f 1906/3779/2158 1907/3777/2158 1299/2312/2163
f 1905/2305/2158 1906/3779/2158 1300/2303/2158
f 1950/2307/2159 1949/3685/2160 1430/1769/2160
f 1430/1769/2160 1429/1771/2160 1942/3781/2159
f 1429/1771/2160 1935/3782/2160 1934/3358/2160
f 1930/3357/2160 1429/1771/2160 1934/3358/2160
f 1930/3357/2160 1931/3783/2160 1429/1771/2160
f 1931/3783/2160 1942/3781/2159 1429/1771/2160
f 1942/3781/2159 1939/3784/2159 1430/1769/2160
f 1939/3784/2159 1938/2306/2159 1430/1769/2160
f 1878/3785/2161 1929/2322/2175 1425/1778/2174
f 1398/1779/2161 1861/3650/2161 1859/3786/2161
f 1398/1779/2161 1859/3786/2161 1858/3787/2161
f 1878/3785/2161 1425/1778/2174 1398/1779/2161
f 1876/3788/2161 1877/3789/2161 1398/1779/2161
f 1877/3789/2161 1878/3785/2161 1398/1779/2161
f 1871/3790/2161 1876/3788/2161 1398/1779/2161
f 1398/1779/2161 1858/3787/2161 1862/3791/2161
f 1398/1779/2161 1862/3791/2161 1868/3792/6015
f 1872/3793/2161 1871/3790/2161 1398/1779/2161
f 1398/1779/2161 1868/3792/6015 1869/3794/2161
f 1398/1779/2161 1869/3794/2161 1870/3795/2161
f 1873/3796/2161 1872/3793/2161 1398/1779/2161
f 1874/3797/2161 1873/3796/2161 1398/1779/2161
f 1398/1779/2161 1870/3795/2161 1866/3359/6015
f 1398/1779/2161 1866/3359/6015 1867/2308/2161
f 1875/2309/2161 1874/3797/2161 1398/1779/2161
f 1912/2311/2162 1911/3339/2162 1299/2312/2163
f 1911/3339/2162 1136/1890/2162 1299/2312/2163
f 1299/2312/2163 1915/3778/6013 1914/3798/2162
f 1913/2310/2162 1299/2312/2163 1914/3798/2162
f 1882/2314/2166 1935/3782/6016 1429/1771/6017
f 1429/1771/6017 1428/1773/2164 1882/2314/2166
f 1881/2313/2165 1428/1773/2164 1403/1775/2167
f 1926/2317/2170 1925/3799/6018 1293/2320/2173
f 1293/2320/2173 1294/2318/2171 1926/2317/2170
f 1294/2318/2171 1928/3751/5947 1927/2316/2169
f 1922/2319/2172 1923/3746/5945 1135/1885/1625
f 1135/1885/1625 1293/2320/2173 1922/2319/2172
f 1293/2320/2173 1925/3799/6018 1924/2321/2172
f 1919/2323/2176 1918/3679/6019 1426/1700/6019
f 1426/1700/6019 1425/1778/2174 1919/2323/2176
f 1936/3800/2177 1940/3756/2177 1307/2326/2177
f 1940/3756/2177 1181/1897/2177 1307/2326/2177
f 1307/2326/2177 1956/3687/6020 1957/3801/6021
f 1307/2326/2177 1957/3801/6021 1945/3802/6021
f 1937/2325/2177 1936/3800/2177 1307/2326/2177
f 1945/3802/6021 1946/3360/2177 1307/2326/2177
f 1946/3360/2177 1948/2324/2177 1307/2326/2177
f 1896/2327/2178 1897/3681/5928 1427/1712/1460
f 1427/1712/1460 1401/1704/1450 1896/2327/2178
f 1321/2328/2179 1168/3803/2180 1324/2329/2180
f 1373/2330/2181 1372/2332/6022 1317/2331/2181
f 1372/2332/2182 1371/2334/2183 1319/2333/2183
f 1371/2334/2184 1370/2336/2184 1199/2335/2185
f 1370/2336/2186 1369/2338/2186 1314/2337/2187
f 1369/2338/2188 1368/2346/6023 1198/2339/2188
f 1741/2340/2189 1978/2279/2133 1977/2281/2135
f 1970/2249/2104 1977/2248/2103 1722/2341/2191
f 1971/2144/2193 1976/2103/6024 1639/2146/2194
f 1503/2343/2195 1974/2104/2195 1975/2105/2195
f 1639/2146/2197 1976/2103/6025 1974/2104/2197
f 1970/1902/1639 1973/1766/1638 1407/1730/1476
f 1973/1766/2199 1972/1765/2200 1367/1912/2200
f 1971/2345/2202 1198/2339/2202 1368/2346/2202
f 1972/2347/2203 1367/3361/6026 1197/2348/2204
f 1196/2349/2205 1366/1911/2206 1367/1912/2206
f 1195/2351/2207 1365/1913/2208 1366/1911/2208
f 1194/2352/2209 1364/1767/2210 1365/1913/2210
f 1193/2353/2211 1363/1914/2215 1364/1767/2212
f 1192/2354/2214 1362/1915/2217 1363/1914/2215
f 1191/2355/2216 1361/1770/2219 1362/1915/2217
f 1190/2356/2218 1360/1772/2221 1361/1770/2219
f 1189/2357/2220 1359/1774/2223 1360/1772/2221
f 1189/2357/2220 1188/2358/2224 1358/1916/2222
f 1188/2358/2224 1187/2359/2226 1357/1776/2225
f 1187/2359/2226 1186/2360/6027 1356/1777/2227
f 1186/2360/2228 1185/2361/2228 1355/1917/2228
f 1185/2361/2229 1165/3362/2229 1354/1692/2230
f 1981/2362/2231 1708/3804/2231 1342/2363/2232
f 1982/2364/2233 1342/2363/2233 1184/2365/2233
f 2017/2367/2235 2018/2392/2260 2028/2368/2236
f 2016/2370/2237 1981/2362/2238 1983/2371/2238
f 1982/2364/2239 1984/2374/2240 1983/2371/2240
f 1982/2364/2241 1627/2366/2242 1479/2373/2242
f 1984/2374/2243 1479/2373/2243 1478/2375/2244
f 1986/2377/2245 1983/2371/2245 1984/2374/2245
f 2018/2378/2246 2017/2372/2246 1983/2371/2247
f 1985/2379/2248 1478/3805/6028 1231/2380/2249
f 1985/2376/2250 1988/3366/2250 1989/2382/2251
f 1986/2377/2252 1989/2382/2252 2019/2383/2252
f 2021/2384/2253 2036/3129/2763 2068/2385/2254
f 1988/2381/2255 1231/2380/2255 1589/2387/2255
f 1989/2382/2257 1988/3366/2257 1991/2389/2257
f 1989/2382/2259 1992/2390/2259 2020/2391/2259
f 2018/2392/2260 2019/2996/2671 2030/2393/2261
f 1183/2395/2263 1993/3806/2262 1990/2394/2262
f 1990/2394/2262 1991/2388/2262 1589/2387/2262
f 1987/2396/2264 1990/3367/6029 1993/2397/2265
f 1980/2399/2267 1987/2396/6030 4375/2398/2268
f 1150/1617/2270 2001/2243/6031 2010/2241/2270
f 1395/1615/2271 2010/2241/2272 2009/2238/2272
f 1708/1919/2273 2009/2238/2273 2008/2236/2274
f 1995/2237/2275 2008/2236/2276 1713/2239/2276
f 1679/2402/2277 2001/2179/6032 2000/2029/2278
f 1688/2221/2279 2007/2108/2279 1995/2142/2279
f 1687/2403/2046 2006/2135/2046 2003/2137/1906
f 1686/2222/2051 2005/2109/6033 2004/2106/2280
f 1685/2220/2281 2004/2106/6034 2007/2108/2282
f 1681/1795/2283 2000/2029/2284 1997/2031/2284
f 1684/2219/2285 2003/2137/6035 2005/2109/2286
f 1683/2223/2053 2002/3321/6036 2052/1482/1906
f 1503/2343/2287 1502/2344/2287 1197/2342/2288
f 2502/2404/2289 1287/2453/2321 1149/2405/2290
f 2267/2407/2291 2260/2422/2305 1141/2408/2292
f 2266/2410/2294 1147/2442/2317 1146/2411/2295
f 2265/2412/2296 1146/2411/2295 1302/2413/2297
f 2513/2415/2299 2264/2458/6037 1145/2416/2300
f 2263/2418/2302 1144/2455/2323 1142/2419/2303
f 2493/2421/2304 1279/2451/2304 1141/2408/2292
f 2499/2423/2306 1284/2452/2306 1143/2424/2307
f 2270/2426/2308 3468/3368/2308 1994/2427/2308
f 2758/2429/2309 3765/3807/2309 1170/2430/2310
f 2308/2431/2311 1170/2430/2310 1172/2432/2312
f 2310/2433/2313 1172/2432/2313 1174/2434/2313
f 2318/2436/6038 2528/2506/6038 3684/2437/6038
f 2523/2439/2315 1306/2462/2315 1182/2440/2315
f 2266/2410/2294 2320/2441/2316 1182/2440/2316
f 2463/2443/2318 2268/2406/6039 1149/2405/2318
f 693/2445/2319 1590/2478/2319 1263/2446/2319
f 3149/2448/2320 1683/2482/2320 3627/2449/2320
f 2493/2421/2304 2262/2425/6040 1143/2424/2304
f 2499/2423/2306 2261/2420/2303 1142/2419/2303
f 2267/2407/2291 1148/2409/2293 1287/2453/2321
f 2512/2454/2322 1295/2456/2324 1144/2455/2323
f 2513/2415/2299 1296/2417/2301 1295/2456/2324
f 2518/2457/2325 1301/2459/2328 1145/2416/2326
f 2519/2414/2298 1302/2413/2297 1301/2459/2328
f 2522/2460/2329 2318/2436/2330 1180/2438/2330
f 2522/2460/2329 1305/2461/2331 1306/2462/2332
f 127/2463/2333 1236/2471/2333 3559/2464/2334
f 154/2447/2335 1263/2446/2335 1528/2466/2336
f 591/2467/2338 1528/2466/6041 1529/2468/2338
f 127/2463/2339 627/3412/2340 1564/2470/2340
f 594/2472/2341 593/2475/2341 1530/2473/2341
f 593/2475/2342 592/3413/2343 1529/2476/2343
f 2463/2477/2344 1257/3808/2344 1590/2478/2344
f 594/2472/2345 1531/2474/2345 1680/2479/2345
f 3476/2481/2346 2002/2985/2346 1683/2482/2346
f 3199/2483/2347 1732/3809/2347 1733/2484/2347
f 854/2486/2348 1735/2492/2348 1734/2487/2349
f 855/2489/2350 853/2485/2350 1733/2484/2350
f 861/2491/2351 1742/2494/2351 1735/2492/2351
f 861/2491/2352 860/2495/2353 1741/2493/2353
f 860/2495/2354 1101/2975/2354 1978/2496/2355
f 855/2489/2356 1736/2490/6042 1737/2497/2356
f 856/2498/2357 1737/2497/2357 1738/2499/2358
f 857/2500/2360 1738/2499/6043 1739/2501/2361
f 858/2502/2362 1739/2501/6044 1740/2503/2363
f 3201/2505/2365 1734/3810/2365 3684/2437/2365
f 3199/2507/2366 2312/2435/2367 1174/2434/2367
f 864/2509/2368 862/2513/2371 1743/2510/2369
f 863/2512/2370 1744/2520/2378 1743/2510/2369
f 866/2514/2372 1747/2611/2437 1748/2515/2373
f 865/2517/2375 867/2516/2374 1748/2515/2373
f 868/2519/2377 1749/2524/2377 1744/2520/2378
f 865/2517/2375 1746/2518/2376 1750/2521/2379
f 870/2523/2380 1751/2528/2384 1749/2524/2377
f 869/2522/2379 1750/2521/2379 1752/2525/2381
f 870/2523/2380 872/2529/2385 1753/2527/2383
f 872/2529/2385 873/2535/6045 1754/2530/2386
f 871/2526/2382 1752/2525/2381 1756/2531/2387
f 874/2533/2389 875/2532/2388 1756/2531/2387
f 873/2535/2391 876/3414/2391 1757/2536/2391
f 874/2533/2389 1755/2534/2390 1758/2537/2392
f 878/2539/2394 877/2538/2393 1758/2537/2392
f 879/2541/2396 1760/3811/6046 1761/2542/2397
f 876/2544/2398 880/3415/2398 1761/2545/2398
f 878/2539/2394 1759/2540/2395 1762/2547/2399
f 883/2549/2400 882/2565/2400 1763/2550/2400
f 884/2552/2401 883/2549/2402 1764/2551/2402
f 879/2554/2404 884/2552/2401 1765/2553/2403
f 881/2548/2405 1762/2547/2405 1766/2556/2406
f 885/2557/2407 1766/2556/2406 1767/2558/2408
f 887/2560/2410 888/2570/2410 1769/2561/2410
f 889/2563/2411 887/2560/2410 1768/2562/2410
f 882/2565/2412 890/2568/2416 1771/2566/2413
f 891/2567/2415 1772/2569/2415 1771/2566/2413
f 891/2567/2417 889/2563/2417 1770/2564/2417
f 888/2570/2410 894/2575/2410 1775/2571/2410
f 893/2572/2411 892/2579/2410 1773/2573/2410
f 894/2575/2410 893/2572/2411 1774/2574/2411
f 895/2576/2418 897/2580/2418 1778/2577/2418
f 892/2579/2410 895/2576/2418 1776/2578/2418
f 897/2580/2418 896/2582/2418 1777/2581/2418
f 896/2582/2418 898/2584/2418 1779/2583/2418
f 898/2584/2418 899/2589/2418 1780/2585/2418
f 900/2586/2419 901/2594/2419 1782/2587/2419
f 899/2589/2420 900/3416/2420 1781/2590/2420
f 903/2591/2421 902/2595/2421 1783/2592/2422
f 901/2594/2423 903/2591/2423 1784/2593/2423
f 902/2595/2424 886/2559/2424 1767/2558/2424
f 905/2596/2425 1786/2600/2428 1785/2597/2426
f 905/2596/2425 906/2602/2430 1787/2599/2427
f 907/2601/2429 1788/2603/2431 1787/2599/2427
f 864/2509/2368 1745/2511/2368 1788/2603/2431
f 908/2604/2432 1789/2608/2435 1791/2605/2433
f 909/2607/2434 1790/2615/2434 1789/2608/2435
f 910/2606/2433 1791/2605/2433 1792/2609/2436
f 911/2610/2436 1792/2609/2436 1747/2611/2437
f 904/2598/2426 1785/2597/2426 1793/2612/2426
f 913/2614/2438 1794/2619/2438 1790/2615/2434
f 912/2613/2426 1793/2612/2426 1795/2616/2426
f 915/2618/2438 1796/2623/2438 1794/2619/2438
f 914/2617/2426 1795/2616/2426 1797/2620/2426
f 917/2622/2439 1798/2631/2439 1796/2623/2439
f 920/2624/2440 1801/2629/6047 1799/2625/2440
f 918/2626/2441 1799/2625/2441 1800/2627/2441
f 916/2621/2442 1797/2620/2443 1801/2629/2443
f 921/2630/2444 1802/2650/2444 1798/2631/2444
f 923/2632/2445 1804/2635/2445 1803/2633/2445
f 919/2628/2446 1800/2627/2446 1804/2635/2446
f 922/2636/2447 1803/3812/2447 1805/2637/2447
f 935/2639/2448 1816/2661/2448 1806/2640/2448
f 927/2642/2449 926/2648/2449 1807/2643/2449
f 929/2645/2451 1810/2670/2452 1809/2646/2452
f 926/2648/2453 928/2647/2453 1809/2646/2454
f 921/2630/2455 930/3417/2455 1811/2649/2455
f 930/2651/2456 927/2642/2456 1808/2644/2457
f 924/2638/2459 1805/2637/2459 1812/2653/2459
f 933/2655/2448 1814/2658/2448 1813/2656/2448
f 931/2654/2448 1812/2653/2448 1814/2658/2448
f 932/2657/2448 1813/2656/2448 1815/2659/2448
f 934/2660/2448 1815/2659/2448 1816/2661/2448
f 936/2662/2448 1817/2665/2448 1818/2663/2448
f 925/2641/2448 1806/2640/2448 1817/2665/2448
f 937/2664/2448 1818/2663/2448 1819/2666/2448
f 938/2667/2448 1819/2666/2448 1820/2668/2448
f 939/2669/2448 1820/2668/2448 1810/2670/2448
f 941/2671/2460 940/2674/2461 1821/2672/2461
f 940/2674/2461 942/2676/2461 1823/2675/2461
f 942/2676/2461 943/2678/2461 1824/2677/2461
f 943/2678/2462 944/2681/2463 1825/2679/2463
f 945/2680/2464 1826/2683/2466 1825/2679/2463
f 945/2680/2464 946/2684/2467 1827/2682/2465
f 946/2684/2467 947/2686/2469 1828/2685/2468
f 947/2686/2469 948/3418/6048 1829/2687/2470
f 949/2688/2471 950/2691/2471 1831/2689/2471
f 950/2691/2460 941/2671/2460 1822/2673/2460
f 948/2692/2472 951/2695/2472 1832/2693/2473
f 951/2695/2472 952/2697/2473 1833/2696/2472
f 952/2697/2473 953/2707/2473 1834/2698/2473
f 955/2699/2474 954/2712/2474 1835/2700/2474
f 958/2702/2474 956/2711/2474 1837/2703/2474
f 957/2705/2474 958/2702/2474 1839/2704/2474
f 953/2707/2473 955/2699/2473 1836/2701/2473
f 959/2708/2475 960/2716/2475 1841/2709/2475
f 956/2711/2475 959/2708/2475 1840/2710/2475
f 954/2712/2474 957/2705/2474 1838/2706/2474
f 962/2713/2475 961/2717/2475 1842/2714/2475
f 960/2716/2475 962/2713/2475 1843/2715/2475
f 961/2717/2476 963/2719/2476 1844/2718/2476
f 963/2719/2476 964/2721/2476 1845/2720/2476
f 964/2721/2476 965/2723/2476 1846/2722/2476
f 965/2723/2476 966/2725/6049 1847/2724/2476
f 966/2725/670 967/2727/670 1848/2726/670
f 967/2727/670 968/2729/2478 1849/2728/2477
f 968/2729/2478 969/2731/2480 1850/2730/2479
f 969/2731/2480 970/2733/2482 1851/2732/2481
f 970/2733/2482 971/2735/2483 1852/2734/2483
f 971/2735/2484 972/3419/2484 1853/2736/2484
f 972/2737/2485 973/2740/2486 1854/2738/2486
f 973/2740/2486 974/2742/2487 1855/2741/2487
f 974/2742/2487 975/2744/2489 1856/2743/2488
f 975/2744/2489 976/2759/2490 1857/2745/2490
f 978/2746/2491 1859/3813/2492 1861/2747/2492
f 983/2749/2493 979/3420/2494 1860/2750/2494
f 977/2752/2496 1858/2758/2503 1859/2753/2497
f 979/2755/2499 980/2748/6050 1861/2747/2500
f 981/2757/2502 1862/2773/2517 1858/2758/2503
f 976/2759/2490 984/2763/2504 1865/2760/2504
f 982/2761/2505 983/2749/2493 1864/2751/2495
f 984/2763/2506 982/2761/2506 1863/2762/2506
f 985/2764/2507 1866/2768/2511 1870/2765/2508
f 986/2767/2510 1867/2783/2510 1866/2768/2511
f 988/2769/2512 1869/2772/2515 1868/2770/2513
f 989/2766/2509 1870/2765/2508 1869/2772/2515
f 987/2771/2516 1868/2770/2516 1862/2773/2517
f 991/2774/2518 990/2784/2519 1871/2775/2519
f 991/2774/2520 1872/2776/2520 1873/2777/2521
f 992/2778/2521 1873/2777/2521 1874/2779/2522
f 993/2780/2523 1874/2779/2522 1875/2781/2524
f 994/2782/2525 1875/2781/2524 1867/2783/2526
f 990/2784/2519 995/2786/2527 1876/2785/2527
f 995/2786/2527 996/2788/2529 1877/2787/2528
f 996/2788/2529 997/2891/2530 1878/2789/2530
f 998/2790/2531 1879/2801/2531 1880/2791/2531
f 1000/2793/2532 1881/2797/2535 1884/2794/2533
f 1001/2796/2534 1882/2903/2534 1881/2797/2535
f 1003/2795/2533 1884/2794/2533 1883/2798/2536
f 1004/2800/2538 1885/2803/2538 1879/2801/2531
f 1004/2800/2539 1005/2804/2539 1886/2802/2540
f 1005/2804/2541 1006/2807/2541 1887/2805/2542
f 1007/2806/2543 1888/2809/6051 1887/2805/2543
f 1008/2808/2544 1889/2811/2544 1888/2809/2544
f 1009/2810/2544 1890/2813/2544 1889/2811/2544
f 1010/2812/2545 1891/2815/2545 1890/2813/2544
f 1011/2814/2546 1892/2819/2546 1891/2815/2545
f 1013/2816/2547 1012/2820/2551 1893/2817/2548
f 1013/2816/2547 1894/2818/2549 1892/2819/2550
f 1012/2820/2551 1014/2828/2552 1895/2821/2552
f 1016/2822/2553 1897/2826/2557 1896/2823/2554
f 1017/2825/2556 1898/2827/2558 1897/2826/2557
f 1002/2799/2537 1883/2798/2536 1898/2827/2558
f 1014/2828/2552 1018/2833/2552 1899/2829/2552
f 1019/2830/2559 1900/2835/2559 1901/2831/2560
f 1018/2833/2552 1020/2832/2552 1901/2831/2552
f 1021/2834/2562 1902/2837/2564 1900/2835/2559
f 1022/2836/2563 1903/2839/2563 1902/2837/2564
f 1023/2838/2563 1904/2841/2563 1903/2839/2563
f 1024/2840/2563 1905/2843/2563 1904/2841/2563
f 1025/2842/2565 1906/2845/2565 1905/2843/2566
f 1026/2844/2567 1907/2860/2567 1906/2845/2565
f 1028/2846/2568 1909/2888/2568 1908/2847/2569
f 1027/2848/2569 1908/2847/2569 1910/2849/2570
f 1029/2850/2571 1910/2849/2570 1911/2851/2572
f 1030/2852/2573 1911/2851/2572 1912/2853/2574
f 1032/2855/2576 1031/2854/2575 1912/2853/2574
f 1033/2857/2577 1032/2855/2576 1913/2856/2576
f 1034/2859/2579 1915/2861/2580 1907/2860/2567
f 1034/2859/2579 1033/2857/2577 1914/2858/2578
f 1035/2862/2581 1036/2865/2584 1917/2863/2582
f 1036/2865/2584 1015/2824/2555 1896/2823/2554
f 1035/2862/2581 1916/2864/2583 1918/2866/2585
f 1038/2868/2587 1037/2867/2586 1918/2866/2585
f 1040/2870/2589 1039/2873/2471 1920/2871/2471
f 1039/2873/2471 949/2688/2471 1830/2690/2471
f 1040/2870/2589 1921/2872/2590 1923/2874/2591
f 1041/2876/2593 1042/2875/2592 1923/2874/2591
f 1041/2876/2595 1922/2877/2595 1924/2878/2596
f 1044/2880/2597 1925/2883/2600 1926/2881/2598
f 1043/2879/2596 1924/2878/2596 1925/2883/2600
f 1046/2884/2601 1045/2882/2599 1926/2881/2598
f 1047/2886/2603 1046/2884/2601 1927/2885/2602
f 1047/2886/2603 1928/2887/2604 1909/2888/2605
f 1048/2889/2607 1038/2868/2587 1919/2869/2588
f 997/2891/2608 1048/2889/2608 1929/2890/2609
f 1050/2892/2610 1931/2916/2610 1930/2893/2610
f 1051/2895/2611 1052/2900/2612 1933/2896/2612
f 1049/2894/2610 1930/2893/2610 1934/2898/2613
f 1052/2900/2612 999/2792/2612 1880/2791/2612
f 1053/2899/2613 1934/2898/2613 1935/2901/2614
f 1054/2902/2614 1935/2901/2614 1882/2903/2615
f 1055/2904/2616 1936/2911/2616 1937/2905/2617
f 1058/2907/2619 1057/2934/2633 1938/2908/2620
f 1055/2904/2622 1059/2913/2622 1940/2910/2622
f 1060/2912/2623 1941/2917/2623 1940/2910/2623
f 1058/2907/2619 1939/2909/2621 1942/2914/2624
f 1061/2915/2610 1942/2914/2610 1931/2916/2610
f 1051/2895/2611 1932/2897/2611 1941/2917/2611
f 1063/2918/2625 1062/2947/2625 1943/2919/2625
f 1065/2921/2626 1946/2927/2626 1945/2922/2627
f 1066/2924/2625 1063/2918/2625 1944/2920/2625
f 1067/2926/2628 1948/2933/2632 1946/2927/2626
f 1066/2928/2629 1947/3814/2629 1949/2929/2629
f 1069/2931/2630 1068/2930/2630 1949/2929/2631
f 1056/2906/2618 1937/2905/2617 1948/2933/2632
f 1057/2934/2633 1069/2931/6052 1950/2932/2634
f 1070/2935/2635 1951/2962/2635 1952/2936/2635
f 1072/2938/2636 1953/2944/2641 1954/2939/2637
f 1071/2937/2638 1952/2936/2638 1955/2941/2639
f 1075/2943/2640 1956/2946/2643 1953/2944/2641
f 1076/2945/2642 1957/2948/2645 1956/2946/2643
f 1062/2947/2625 1074/2942/2639 1955/2941/2639
f 1064/2923/2644 1945/2922/2644 1957/2948/2645
f 1078/2949/2646 1959/2974/2646 1958/2950/2646
f 1079/2952/2647 1960/2956/2647 1961/2953/2647
f 1081/2955/2647 1962/2960/2647 1960/2956/2647
f 1077/2951/2646 1958/2950/2646 1963/2957/2648
f 1083/2959/2647 1964/2964/2647 1962/2960/2647
f 1084/2961/2649 1965/2963/2652 1951/2962/2650
f 1082/2958/2648 1963/2957/2648 1965/2963/2652
f 1083/2959/2653 1073/2940/2637 1954/2939/2637
f 1080/2954/2647 1961/2953/2647 1966/2965/2647
f 1085/2967/2654 1966/3815/2654 1967/2968/2654
f 1086/2969/2654 1967/2968/2654 1968/2970/2654
f 1087/2971/2654 1968/2970/2654 1969/2972/2655
f 1088/2973/2655 1969/2972/2655 1959/2974/2655
f 859/2504/2355 1740/2503/2354 1978/2496/2355
f 3465/2976/2656 1993/3816/2656 1183/2977/2657
f 3466/2979/2658 4375/3426/2658 1993/2980/2658
f 802/2480/2659 1680/2479/2659 1997/2982/2659
f 3476/2481/2660 2359/3423/6053 1183/2984/2660
f 1121/2986/2661 1118/2992/2662 1996/2987/2662
f 1120/2989/2663 1119/3424/2665 1997/2990/2664
f 1118/2992/2666 1120/2989/2666 1998/2991/2666
f 2067/2993/2667 1121/2986/2661 1999/2988/2661
f 565/2995/2669 69/3425/2670 1197/2342/2670
f 2019/2996/2671 2020/3026/2703 2032/2997/2672
f 1444/2998/2673 1445/3123/2673 2024/2999/2673
f 4405/3001/2674 4420/3817/6054 2038/3002/2674
f 3467/1418/1208 4399/1417/1208 2015/1411/1208
f 1116/1412/2675 2015/1411/2675 2014/1405/2675
f 1113/1406/2676 2014/1405/2676 2013/1401/2676
f 1110/1402/2677 2013/1401/2677 2012/1395/2677
f 2012/1395/1185 2011/1386/1185 1102/1385/1185
f 2024/3005/2678 2027/3020/2678 2029/3006/2679
f 2023/3007/2680 2029/3006/2681 2031/3008/2681
f 2022/3009/2682 2031/3008/6055 2033/3010/2683
f 2021/3011/2684 2033/3010/2683 2037/3012/2685
f 2038/3014/2687 4420/3028/6056 4421/3015/2688
f 2030/3016/2690 2032/3428/2691 2033/3010/2691
f 2028/3017/2692 2030/3016/2693 2031/3008/2693
f 2029/3006/2694 2027/3020/2694 2035/3018/2695
f 2026/3019/2696 2034/3818/2696 2035/3018/2696
f 2017/2367/2697 2035/2369/2697 2034/3021/2697
f 1587/2386/2253 1209/3024/2698 2022/3023/2698
f 1209/3024/2699 1444/2998/2699 2023/3000/2699
f 2033/3010/2700 2032/3428/2700 2038/3014/2701
f 2036/3013/2686 2037/3012/2685 4421/3015/2702
f 1980/3003/2674 2038/3002/2674 2032/2997/2672
f 2020/2391/2704 1992/2390/6057 1987/2396/2705
f 1991/2389/2707 1990/3367/6029 1987/2396/2264
f 2038/3014/2709 2039/3036/2710 4373/3027/2710
f 1980/3029/2711 1987/3034/2720 2039/3030/2712
f 2051/2224/1906 2052/1482/1906 2006/2135/2046
f 2042/1633/2714 2051/2224/1906 1687/2403/2046
f 1603/1451/1244 2050/1453/1246 2046/1656/1409
f 1601/2127/1897 2049/1652/2716 2043/1629/2715
f 1599/2125/1897 2048/1658/1409 2045/1653/1409
f 1597/3032/1897 2047/1662/2716 2044/1650/2716
f 1596/2118/1897 2046/1656/1409 2048/1658/1409
f 1595/2122/1897 2045/1653/1409 2086/1655/1410
f 1594/2124/1897 2044/1650/2716 2049/1652/2716
f 2041/1631/2717 2042/1633/2714 1593/2218/2046
f 2040/1628/2718 2041/1631/2717 1592/2128/1905
f 2043/1629/2715 2040/1628/2718 1591/2130/1908
f 2042/3033/2719 2039/3030/2712 1987/3034/2720
f 2039/3036/2722 2042/3429/2722 3627/3037/2722
f 2055/3038/164 2053/3062/164 2054/3039/164
f 4446/3041/155 2055/3045/155 2053/3042/2723
f 3629/3044/155 2040/3430/155 2055/3045/155
f 2040/3046/164 2055/3038/164 2056/3040/164
f 2041/3047/164 2056/3040/164 2039/3030/164
f 2038/3031/164 2039/3030/164 2056/3040/164
f 4447/3819/2725 2054/3820/2725 4457/3821/2725
f 2054/3820/2725 2038/3002/2725 4456/3049/2725
f 4457/3821/2725 2054/3820/2725 4456/3049/2725
f 2038/3002/2725 4420/3817/2725 4455/3048/2725
f 2053/3050/2726 2054/3822/2726 4447/1827/2726
f 2060/3052/164 2059/3085/164 2058/3053/164
f 4453/3055/155 2059/3059/155 2058/3056/155
f 3661/3058/155 2049/3431/155 2059/3059/155
f 2049/3060/164 2059/3085/164 2060/3052/164
f 2060/3052/164 2055/3038/164 2040/3046/164
f 2055/3038/164 2060/3052/164 2057/3054/164
f 2057/3063/2728 2053/3432/2728 4441/3064/2729
f 2057/3063/2730 4454/3065/6058 4448/3066/2731
f 2037/3823/6059 2038/3031/2735 2061/3069/2734
f 2038/3031/2735 2054/3039/2735 2061/3069/2734
f 2054/3039/2735 2053/3062/6060 2063/3433/6061
f 2063/3433/6061 2062/3068/2733 2054/3039/2735
f 2063/3070/2736 2053/3435/2736 4441/3071/2736
f 2037/3073/2737 2061/3076/2737 4461/3074/2738
f 2061/3076/2739 2062/3436/2741 4462/3077/2740
f 2062/3078/2742 2063/3437/2742 4463/3079/2742
f 3636/3081/2743 4464/3086/2743 2064/3082/2743
f 2044/3084/164 2064/3088/164 2059/3085/164
f 4464/3086/2743 4466/3824/2743 2065/3087/2743
f 2064/3088/164 2065/3144/164 2058/3053/164
f 4448/3089/2744 2058/3825/2744 2065/3090/2744
f 539/3092/82 499/3826/82 505/3093/82
f 537/3094/82 505/3093/82 507/3095/82
f 535/3097/164 533/3100/164 509/3098/164
f 533/3100/164 531/3102/164 511/3101/164
f 531/3102/164 529/3104/164 513/3103/164
f 529/3104/164 527/3106/164 515/3105/164
f 527/3106/164 525/3108/164 517/3107/164
f 519/3110/164 517/3107/164 525/3108/164
f 525/3108/164 523/3444/164 521/3109/164
f 121/3111/2745 94/3114/2746 499/3112/2746
f 683/3113/2747 663/3116/2750 94/3114/2748
f 2358/3115/2749 2321/3445/2749 663/3116/2750
f 1979/3117/2751 2016/3827/2751 2034/3118/2751
f 2025/3120/2753 2026/3019/6062 2027/3020/2754
f 2066/3121/2756 1979/3117/2756 2026/3119/2756
f 1445/3123/2757 2066/3446/6063 2025/3124/2757
f 3468/3125/2759 2067/2993/2667 2069/2994/2668
f 1999/2139/1921 1587/2138/1920 2068/3127/2761
f 3504/3128/2762 2068/2385/2254 2036/3129/2763
f 2084/2126/1897 2086/1655/1410 2047/1662/2716
f 1276/3131/2021 2079/2204/2021 2085/1982/2021
f 2078/1645/1896 2084/2126/1897 1597/3032/1897
f 2082/1981/1724 2083/1646/1404 1544/1664/1404
f 2085/1982/1723 2082/1981/1723 1545/1980/1723
f 2080/1786/1663 2081/1670/1662 1397/1784/1533
f 2079/1787/1536 2080/1786/1535 1349/1675/1426
f 2086/1655/1408 4481/1654/1408 3645/3132/1408
f 2083/1646/1404 2078/1645/1405 1277/2123/1405
f 167/1236/991 776/1007/991 2077/1011/991
f 700/404/29 2076/396/29 2070/385/29
f 607/406/118 2075/387/118 2074/1010/118
f 608/1009/118 2074/1010/118 2077/1011/118
f 426/567/364 2073/412/736 2072/568/738
f 230/418/164 2072/568/164 2071/570/164
f 2489/3133/29 4472/394/29 2076/396/29
f 168/1174/118 2070/385/118 2075/387/118
f 4481/3134/155 2086/3448/155 2088/3135/155
f 2086/3137/82 2047/3449/82 2087/3138/82
f 4492/3136/2765 2088/3135/2765 2090/3140/2765
f 2087/3138/2766 2089/3828/2766 2090/3142/2766
f 2047/3143/164 2087/3145/164 2064/3088/164
f 2065/3144/164 2064/3088/164 2087/3145/164
f 4497/3147/2768 4495/3829/2768 2090/3148/2768
f 4466/3091/2769 2065/3090/2770 2089/3150/2770
f 133/250/2771 2094/250/2771 2103/252/2771
f 2091/617/415 2093/3162/2772 4516/3152/2772
f 438/3153/2773 2114/3153/2773 2118/876/2774
f 437/613/2775 852/876/2774 2118/876/2774
f 438/520/2776 205/3154/2776 2099/3154/2776
f 133/250/2777 2305/502/2777 4517/502/2777
f 2109/3155/2778 2119/1272/2778 2092/1274/2778
f 2099/256/2779 2103/255/6064 2105/3156/2780
f 2102/3157/2781 2105/3156/2781 2106/3158/2781
f 2101/254/2782 2106/3158/6065 2107/3159/2782
f 2100/3160/2783 2107/3159/2783 2104/3161/2783
f 2093/3162/2784 2095/3164/2784 4518/3163/2784
f 2095/3164/2785 2096/3170/2793 4519/3165/2786
f 4519/3166/2787 2096/3172/2788 2097/3167/2788
f 4520/3168/2789 2097/3167/6066 2094/250/2789
f 2104/3161/2790 2107/3159/2790 2095/3169/2791
f 2107/3159/2792 2106/3830/2792 2096/3170/2793
f 2106/3171/2794 2105/3173/2794 2097/3167/2788
f 2105/3173/2795 2103/252/2795 2094/250/2795
f 2099/3154/2796 2102/3175/2796 2117/3174/2796
f 2102/3175/2797 2101/3154/2797 2116/3176/2798
f 2101/254/2799 2100/3160/2799 2115/3177/2799
f 2100/3160/2800 2098/1273/2800 2113/3179/2800
f 2109/3155/2801 4532/616/2802 4535/3180/2802
f 2112/3181/2803 4535/3180/2803 4534/3182/2803
f 2111/3183/2804 4534/3182/6067 4533/3184/2805
f 2110/3185/2806 4533/3184/2807 4531/614/2807
f 2119/1272/2808 2109/3155/2808 2112/3181/2808
f 2122/3186/2809 2112/3181/6068 2111/3183/2810
f 2121/3187/2811 2111/3183/6069 2110/3185/2812
f 2120/3188/2813 2110/3185/6070 2108/613/2814
f 2113/3179/2816 2119/1272/2817 2122/3186/2816
f 2115/3177/2818 2122/3186/2818 2121/3187/2818
f 2116/3189/2820 2121/3187/6071 2120/3188/2821
f 2117/3190/2822 2120/3188/2813 2118/876/2815
f 2093/3162/2826 2091/617/2826 2092/1274/2824
f 2092/1274/2824 2098/1273/2825 2104/3161/2825
f 2124/3191/2827 2126/3194/2827 2125/3192/2827
f 2126/3194/2828 2128/3196/2828 2127/3195/2829
f 2128/3196/2830 2130/3198/2830 2129/3197/2830
f 2130/3198/2831 2132/3200/2831 2131/3199/2831
f 2132/3200/2832 2134/3202/2832 2133/3201/2832
f 2134/3202/2833 2136/3204/2833 2135/3203/2833
f 2136/3204/2834 2138/3206/2834 2137/3205/2834
f 2138/3206/2835 2140/3208/2835 2139/3207/2836
f 2140/3208/2837 2142/3210/2837 2141/3209/2838
f 2142/3210/2839 2144/3212/2839 2143/3211/2839
f 2144/3212/2840 2146/3214/2840 2145/3213/2840
f 2146/3214/2841 2148/3216/2841 2147/3215/2841
f 2148/3216/2842 2150/3218/2842 2149/3217/2842
f 2150/3218/2843 2152/3220/2843 2151/3219/2843
f 2152/3220/2844 2154/3453/2844 2153/3221/2844
f 2153/3221/2845 2154/3453/2845 2156/3222/2845
f 2155/3223/2846 2156/3222/2846 2158/3224/2846
f 2157/3225/2847 2158/3224/2847 2160/3226/2847
f 2160/3226/2848 2162/3229/2848 2161/3228/2848
f 2162/3229/2849 2164/3231/2849 2163/3230/2849
f 2164/3231/2850 2166/3233/2850 2165/3232/2850
f 2166/3233/2851 2168/3235/2851 2167/3234/2851
f 2168/3235/2852 2170/3237/2852 2169/3236/2852
f 2170/3237/2853 2172/3239/2853 2171/3238/2854
f 2172/3239/2855 2174/3241/2855 2173/3240/2856
f 2174/3241/2857 2176/3243/2857 2175/3242/2858
f 2176/3243/2859 2178/3245/2859 2177/3244/2859
f 2178/3245/2860 2180/3247/2860 2179/3246/2860
f 2180/3247/2861 2182/3249/2861 2181/3248/2861
f 2182/3249/2862 2184/3251/2862 2183/3250/2862
f 2128/3196/164 2126/3194/164 2124/3191/164
f 2124/3191/164 2186/3253/164 2128/3196/164
f 2186/3253/164 2184/3251/164 2128/3196/164
f 2184/3251/164 2182/3249/164 2176/3243/164
f 2182/3249/164 2180/3247/164 2176/3243/164
f 2180/3247/164 2178/3245/164 2176/3243/164
f 2176/3243/164 2174/3241/164 2172/3239/6072
f 2172/3239/6072 2170/3237/164 2176/3243/164
f 2170/3237/164 2168/3235/164 2176/3243/164
f 2168/3235/164 2166/3233/164 2164/3231/164
f 2164/3231/164 2162/3229/164 2168/3235/164
f 2162/3229/164 2160/3226/164 2168/3235/164
f 2160/3226/164 2158/3224/164 2156/3222/164
f 2156/3222/164 2154/3453/164 2152/3220/164
f 2152/3220/164 2150/3218/164 2148/3216/164
f 2148/3216/164 2146/3214/164 2144/3212/164
f 2144/3212/164 2142/3210/164 2140/3208/164
f 2140/3208/164 2138/3206/164 2144/3212/164
f 2138/3206/164 2136/3204/164 2144/3212/164
f 2136/3204/164 2134/3202/164 2132/3200/164
f 2132/3200/164 2130/3198/164 2128/3196/164
f 2160/3226/164 2156/3222/164 2152/3220/164
f 2152/3220/164 2148/3216/164 2160/3226/164
f 2148/3216/164 2144/3212/164 2160/3226/164
f 2136/3204/164 2132/3200/164 2144/3212/164
f 2132/3200/164 2128/3196/164 2144/3212/164
f 2128/3196/164 2184/3251/164 2176/3243/164
f 2176/3243/164 2168/3235/164 2160/3226/164
f 2128/3196/164 2176/3243/164 2144/3212/164
f 2184/3251/2863 2186/3253/2863 2185/3252/2863
f 2186/3253/2864 2124/3191/2864 2123/3193/2864
f 2185/3254/82 2123/3254/82 2125/3254/82
f 2125/3254/82 2127/3254/82 2129/3254/82
f 2129/3254/82 2131/3254/82 2137/3254/82
f 2131/3254/82 2133/3254/82 2137/3254/82
f 2133/3254/82 2135/3254/82 2137/3254/82
f 2137/3254/82 2139/3254/82 2141/3254/82
f 2141/3254/82 2143/3254/82 2145/3254/82
f 2145/3254/82 2147/3254/82 2149/3254/82
f 2149/3254/82 2151/3254/82 2153/3254/82
f 2153/3254/82 2155/3254/82 2157/3254/82
f 2157/3254/82 2159/3254/82 2153/3254/82
f 2159/3254/82 2161/3254/82 2153/3254/82
f 2161/3254/82 2163/3254/82 2165/3254/82
f 2165/3254/82 2167/3254/82 2169/3254/82
f 2169/3254/82 2171/3254/82 2173/3254/82
f 2173/3254/82 2175/3254/82 2177/3254/82
f 2177/3254/82 2179/3254/82 2185/3254/82
f 2179/3254/82 2181/3254/82 2185/3254/82
f 2181/3254/82 2183/3254/82 2185/3254/82
f 2185/3254/82 2125/3254/82 2137/3254/82
f 2125/3254/82 2129/3254/82 2137/3254/82
f 2137/3254/82 2141/3254/82 2145/3254/82
f 2145/3254/82 2149/3254/82 2137/3254/82
f 2149/3254/82 2153/3254/82 2137/3254/82
f 2161/3254/82 2165/3254/82 2169/3254/82
f 2169/3254/82 2173/3254/82 2185/3254/82
f 2173/3254/82 2177/3254/82 2185/3254/82
f 2153/3254/82 2161/3254/82 2185/3254/82
f 2161/3254/82 2169/3254/82 2185/3254/82
f 2188/3191/2827 2190/3194/2827 2189/3192/2827
f 2190/3194/2829 2192/3196/2829 2191/3195/2829
f 2192/3196/2830 2194/3198/2830 2193/3197/2830
f 2194/3198/2831 2196/3200/2831 2195/3199/2831
f 2196/3200/2832 2198/3202/2832 2197/3201/2832
f 2198/3202/2833 2200/3204/2833 2199/3203/2833
f 2200/3204/2834 2202/3206/2834 2201/3205/2834
f 2202/3206/2836 2204/3208/2836 2203/3207/2836
f 2204/3208/2837 2206/3210/2837 2205/3209/2837
f 2206/3210/2839 2208/3212/2839 2207/3211/2839
f 2208/3212/2840 2210/3214/2840 2209/3213/2840
f 2210/3214/2841 2212/3216/2841 2211/3215/2841
f 2212/3216/2842 2214/3218/2842 2213/3217/2842
f 2214/3218/2843 2216/3220/2843 2215/3219/2843
f 2216/3220/2844 2218/3453/2844 2217/3221/2844
f 2217/3221/2845 2218/3453/2845 2220/3222/2845
f 2219/3223/2846 2220/3222/2846 2222/3224/2846
f 2221/3225/2847 2222/3224/2847 2224/3226/2847
f 2224/3226/2848 2226/3229/2848 2225/3228/2848
f 2226/3229/2849 2228/3231/2849 2227/3230/2849
f 2228/3231/2850 2230/3233/2850 2229/3232/2850
f 2230/3233/2851 2232/3235/2851 2231/3234/2851
f 2232/3235/2865 2234/3237/2865 2233/3236/2852
f 2234/3237/2854 2236/3239/2854 2235/3238/2853
f 2236/3239/2856 2238/3241/2856 2237/3240/2855
f 2237/3240/2858 2238/3241/2857 2240/3243/2857
f 2240/3243/2859 2242/3245/2859 2241/3244/2859
f 2242/3245/2860 2244/3247/2860 2243/3246/2860
f 2244/3247/2861 2246/3249/2861 2245/3248/2861
f 2246/3249/2862 2248/3251/2862 2247/3250/2862
f 2192/3196/164 2190/3194/164 2188/3191/164
f 2188/3191/164 2250/3253/164 2248/3251/164
f 2248/3251/164 2246/3249/164 2244/3247/164
f 2244/3247/164 2242/3245/164 2240/3243/164
f 2240/3243/164 2238/3241/6072 2236/3239/6073
f 2236/3239/6073 2234/3237/164 2240/3243/164
f 2234/3237/164 2232/3235/164 2240/3243/164
f 2232/3235/164 2230/3233/164 2224/3226/164
f 2230/3233/164 2228/3231/164 2224/3226/164
f 2228/3231/164 2226/3229/164 2224/3226/164
f 2224/3226/164 2222/3224/164 2220/3222/164
f 2220/3222/164 2218/3453/164 2216/3220/164
f 2216/3220/164 2214/3218/164 2212/3216/164
f 2212/3216/164 2210/3214/164 2208/3212/164
f 2208/3212/164 2206/3210/164 2204/3208/164
f 2204/3208/164 2202/3206/6073 2200/3204/164
f 2200/3204/164 2198/3202/164 2196/3200/164
f 2196/3200/164 2194/3198/164 2192/3196/164
f 2192/3196/164 2188/3191/164 2240/3243/164
f 2188/3191/164 2248/3251/164 2240/3243/164
f 2248/3251/164 2244/3247/164 2240/3243/164
f 2224/3226/164 2220/3222/164 2208/3212/164
f 2220/3222/164 2216/3220/164 2208/3212/164
f 2216/3220/164 2212/3216/164 2208/3212/164
f 2208/3212/164 2204/3208/164 2200/3204/164
f 2200/3204/164 2196/3200/164 2208/3212/164
f 2196/3200/164 2192/3196/164 2208/3212/164
f 2240/3243/164 2232/3235/164 2224/3226/164
f 2192/3196/164 2240/3243/164 2208/3212/164
f 2248/3251/2863 2250/3253/2863 2249/3252/2863
f 2250/3253/2864 2188/3191/2864 2187/3193/2864
f 2249/3254/82 2187/3254/82 2189/3254/82
f 2189/3254/82 2191/3254/82 2193/3254/82
f 2193/3254/82 2195/3254/82 2201/3254/82
f 2195/3254/82 2197/3254/82 2201/3254/82
f 2197/3254/82 2199/3254/82 2201/3254/82
f 2201/3254/82 2203/3254/82 2205/3254/82
f 2205/3254/82 2207/3254/82 2201/3254/82
f 2207/3254/82 2209/3254/82 2201/3254/82
f 2209/3254/82 2211/3254/82 2213/3254/82
f 2213/3254/82 2215/3254/82 2217/3254/82
f 2217/3254/82 2219/3254/82 2221/3254/82
f 2221/3254/82 2223/3254/82 2217/3254/82
f 2223/3254/82 2225/3254/82 2217/3254/82
f 2225/3254/82 2227/3254/82 2229/3254/82
f 2229/3254/82 2231/3254/82 2233/3254/82
f 2233/3254/82 2235/3254/82 2237/3254/82
f 2237/3254/82 2239/3254/82 2241/3254/82
f 2241/3254/82 2243/3254/82 2249/3254/82
f 2243/3254/82 2245/3254/82 2249/3254/82
f 2245/3254/82 2247/3254/82 2249/3254/82
f 2249/3254/82 2189/3254/82 2201/3254/82
f 2189/3254/82 2193/3254/82 2201/3254/82
f 2209/3254/82 2213/3254/82 2201/3254/82
f 2213/3254/82 2217/3254/82 2201/3254/82
f 2225/3254/82 2229/3254/82 2217/3254/82
f 2229/3254/82 2233/3254/82 2217/3254/82
f 2233/3254/82 2237/3254/82 2249/3254/82
f 2237/3254/82 2241/3254/82 2249/3254/82
f 2249/3254/82 2201/3254/82 2233/3254/82
f 3135/2/2866 2254/435/2866 2252/1/2866
f 3136/5/2867 2255/448/2867 2511/4/2867
f 2385/8/2868 2256/10/2868 2517/7/2868
f 2256/10/2869 2385/8/2869 3193/12/2869
f 2385/8/2869 2386/80/2869 3193/12/2869
f 2993/14/2870 2268/3454/2870 2502/13/2870
f 2991/16/2871 2992/18/6074 2267/17/2872
f 2493/20/2874 2262/420/2874 2988/19/2874
f 3047/22/2875 2499/24/2875 2261/23/2875
f 4469/25/2877 3473/3297/6075 2994/27/6075
f 2994/27/6075 2270/26/2876 4469/25/2877
f 3091/29/2878 3092/1121/2878 2884/28/2878
f 2996/32/2879 2274/3261/2879 2458/31/2879
f 3033/34/2880 2997/36/2880 2276/35/2880
f 3032/37/2881 2998/39/2881 2278/38/2881
f 3031/40/2882 2999/42/2882 2280/41/2882
f 2999/42/2883 3000/44/2883 2282/43/2883
f 3000/44/2884 3001/46/2884 2284/45/2884
f 3030/47/2885 3002/49/2885 2286/48/2885
f 3029/50/2886 3003/52/3823 2288/51/2887
f 3003/52/2888 3004/54/3821 2290/53/2889
f 3005/56/2891 2292/3269/6076 3155/55/2892
f 3050/58/2894 2508/194/2894 2401/60/2894
f 2401/60/2894 2298/59/2894 3050/58/2894
f 2437/62/2895 2302/3455/2896 2300/61/2896
f 2438/65/2897 2304/3456/6077 2302/64/2898
f 2433/67/2900 2301/3457/6078 2303/68/6078
f 2303/68/6078 2438/65/2897 2433/67/2900
f 2404/70/2901 2310/72/6079 2308/69/2902
f 2405/73/2903 2312/3458/2903 2310/72/2904
f 2406/75/2905 2318/466/2905 2528/74/2905
f 2407/78/2906 2320/81/6080 2523/77/2907
f 2386/80/2909 2266/82/2909 2320/81/2909
f 3054/83/2911 3007/85/2911 2321/84/2911
f 3008/87/2912 2322/89/6081 2321/86/2913
f 3009/90/2915 2324/91/6082 2322/89/2916
f 3010/92/2918 2326/93/2918 2324/91/2918
f 3011/94/2919 2328/95/2919 2326/93/2919
f 3012/96/2920 2330/97/2920 2328/95/2920
f 3013/98/2921 2332/99/2921 2330/97/2921
f 3014/100/2922 2334/101/2922 2332/99/2922
f 3015/102/2923 2336/103/2923 2334/101/2923
f 3016/104/2924 2338/3459/2924 2336/103/2924
f 3016/105/2925 3017/107/2925 2340/106/2925
f 3017/107/2926 3018/109/2926 2342/108/2926
f 3018/109/2927 3019/111/2927 2344/110/2928
f 3019/111/2929 3020/113/2929 2346/112/2929
f 3020/113/2930 3021/115/2930 2348/114/2930
f 3021/115/2931 3022/117/2931 2350/116/2931
f 3022/117/2932 3023/119/2932 2352/118/2932
f 3023/119/2933 3024/121/2933 2353/120/2933
f 3024/121/2934 3025/123/2934 2355/122/2934
f 3025/123/2935 3026/125/2935 2356/124/2935
f 3026/125/2936 3027/127/2936 2358/126/2936
f 3027/127/2937 3028/129/2937 2359/128/2937
f 2973/130/2938 2975/132/3794 2435/131/2939
f 2433/133/2941 2437/62/6083 2436/63/2942
f 3476/135/2944 2359/128/2944 3028/129/2944
f 3477/138/2945 2428/147/6084 2885/137/2946
f 2303/142/164 2306/141/164 2542/140/164
f 2542/140/164 2536/1351/164 2303/142/164
f 2536/1351/164 2539/1353/164 2303/142/164
f 2376/1355/164 2533/143/164 2303/142/164
f 2533/143/164 2374/145/164 2441/144/164
f 2883/146/2948 2885/137/2948 2428/147/2948
f 2882/30/2878 2884/28/2878 2883/146/2878
f 2880/149/2950 2882/30/2950 2881/148/2950
f 2877/151/2951 2879/150/2951 2423/152/2951
f 2875/153/2952 2877/151/2952 2422/154/2953
f 2873/155/2954 2875/153/2954 2421/156/2954
f 2871/157/2955 2873/155/2955 2420/158/2955
f 2869/159/2956 2871/157/2956 2419/160/2956
f 2867/161/2957 2869/159/2957 2418/162/2957
f 2865/163/2958 2867/161/2958 2417/164/2958
f 2865/166/2959 2416/1182/2959 2415/165/2959
f 2863/167/2960 2415/165/2960 2414/168/2960
f 2861/169/2961 2414/168/2961 2413/170/2961
f 2859/171/2962 2413/170/2962 2412/172/2962
f 2857/173/2963 2412/172/2963 2411/174/2963
f 2855/175/2964 2411/174/2964 2410/176/2964
f 2853/177/2965 2410/176/2965 2409/178/2965
f 2851/179/2966 2409/178/2967 2408/180/2966
f 2849/181/2968 2408/180/6085 2400/182/2969
f 3193/12/2971 2386/80/2971 2407/78/2971
f 3192/184/2972 2407/78/2972 2527/79/2972
f 3191/186/2973 2406/75/6086 2531/76/2974
f 3186/188/2976 2405/73/2978 2404/70/2977
f 3185/189/2979 2404/70/2981 2403/71/2980
f 2432/191/2982 2971/193/6087 2972/192/2983
f 2845/195/2985 2401/60/2985 2508/194/2985
f 2839/198/2986 2398/866/6088 3156/197/2987
f 2835/200/2989 2837/202/3705 2397/201/2990
f 2919/203/2992 2835/200/3702 2396/204/2993
f 2921/205/2995 2833/207/2995 2395/206/2995
f 2829/208/2996 2831/210/2996 2394/209/2996
f 2827/211/2997 2829/208/2997 2393/212/2997
f 2923/213/2998 2827/211/2998 2392/214/2998
f 2925/215/2999 2825/217/2999 2391/216/2999
f 2927/218/3000 2823/220/3000 2390/219/3000
f 2821/222/3001 2389/1179/3001 2462/221/3001
f 2933/224/3002 2934/226/3002 2820/225/3002
f 3472/227/3003 2817/229/6089 2387/228/3004
f 2958/230/3006 2500/232/3007 2381/231/3007
f 2494/234/3008 2382/419/3008 2914/233/3008
f 2811/236/3009 2813/238/3009 2379/237/3009
f 2815/240/3010 2380/1184/6090 2504/239/3010
f 2266/82/3011 2386/80/3011 2385/8/3011
f 2265/242/3012 2385/8/3012 2521/9/3012
f 2990/245/3013 2384/446/3013 2515/244/3013
f 2989/247/3014 2383/432/3014 2381/231/3014
f 2440/250/3015 2305/502/6091 2304/249/3016
f 2306/252/3018 2440/250/6092 2438/251/3019
f 2547/254/3021 4507/256/3021 4511/255/3021
f 2439/258/155 2436/274/155 2300/257/155
f 2301/260/3022 2433/133/3023 2402/134/3023
f 2401/60/3024 2439/263/3024 2429/262/3024
f 3125/265/3025 2430/3460/3025 2431/264/2984
f 2441/266/3026 2430/3460/3026 3125/265/3026
f 2439/263/3028 2401/60/3029 2845/195/3029
f 3446/3461/82 2971/268/82 2845/269/82
f 2847/273/82 2887/3464/82 2889/3463/82
f 3446/3461/82 2845/269/82 2909/3462/82
f 2845/269/82 2847/273/82 2907/3465/82
f 2909/3462/82 2845/269/82 2907/3465/82
f 2847/273/82 2889/3463/82 2891/272/82
f 2891/272/82 2893/3468/82 2895/271/82
f 2895/271/82 2897/3469/82 2905/3258/82
f 2897/3469/82 2899/3467/82 2905/3258/82
f 2899/3467/82 2901/3470/82 2903/3466/82
f 2903/3466/82 2905/3258/82 2899/3467/82
f 2905/3258/82 2907/3465/82 2847/273/82
f 2847/273/82 2891/272/82 2895/271/82
f 2429/262/3030 2439/263/3031 2438/251/3031
f 2432/275/155 2402/3259/155 2436/274/155
f 2441/277/82 2303/3080/82 2301/276/82
f 2402/3259/155 2432/275/155 2431/279/155
f 2431/279/155 2430/281/155 2299/280/155
f 2430/281/155 2441/3471/155 2299/280/155
f 2439/3473/3032 2438/3472/3032 2432/3474/3032
f 2438/3472/3032 2303/284/3032 2431/282/3033
f 2432/3474/3032 2438/3472/3032 2431/282/3033
f 2303/284/3032 2441/3475/3032 2430/283/3032
f 2680/285/3034 2642/287/3034 2643/286/3034
f 2833/207/3036 2919/203/2992 2444/288/2994
f 3002/49/3038 3029/50/3811 2442/289/3039
f 2783/291/3041 2287/878/3042 2443/290/3042
f 2673/294/3043 2666/738/6093 2698/293/3044
f 2831/296/2995 2921/205/2995 2447/297/2995
f 3001/298/2885 3030/47/2885 2445/299/2885
f 2784/301/3046 2285/879/3047 2446/300/3046
f 2655/304/3048 2656/725/6094 2697/303/3049
f 2667/306/3051 2673/294/6095 2696/295/3052
f 2825/217/2998 2923/213/2998 2450/308/2998
f 2998/39/2882 3031/40/2882 2448/309/2882
f 2762/310/3054 2787/312/3056 2279/311/3055
f 2674/314/3057 2667/722/6096 2695/313/3058
f 2823/220/2999 2925/215/2999 2453/316/2999
f 2997/36/2881 3032/37/2881 2451/317/2881
f 2763/318/3060 2788/320/3060 2277/319/3060
f 2677/321/82 2658/323/82 2657/322/82
f 2821/222/3000 2927/218/3000 2456/324/3000
f 2996/32/2880 3033/34/2880 2454/325/2880
f 2789/327/3061 2275/888/3062 2455/326/3062
f 2819/329/3001 2820/225/3001 2930/330/3001
f 2931/223/3001 2462/221/3001 2461/331/3001
f 3090/333/2950 3091/29/2950 2882/30/2950
f 3035/33/2879 2458/31/2879 2457/334/2879
f 2790/337/3063 2273/889/3063 2459/336/3063
f 2765/338/3064 2459/336/3064 2460/339/3064
f 2669/341/82 2657/322/82 2656/342/82
f 2679/343/3065 2641/344/6097 2642/287/3065
f 2933/224/3002 2466/1120/3002 2387/345/3067
f 2935/348/3068 2470/1176/3068 2380/347/3068
f 3036/351/3069 2464/1026/3070 2270/350/3070
f 2691/353/3071 2657/355/3071 2658/354/3071
f 2768/356/3072 2767/358/3072 2465/357/3072
f 3037/360/3073 2463/3476/3073 2268/359/3074
f 2399/363/3075 2479/366/3076 2940/362/3076
f 2479/366/3076 2478/368/3077 2942/365/3077
f 2478/368/3077 2477/1175/3933 2944/367/3078
f 2296/370/3079 2473/373/3080 3038/369/3080
f 2473/373/3080 2472/375/3081 3039/372/3081
f 2472/375/3081 2471/1248/2944 3040/374/2944
f 3182/376/82 2566/1267/82 2567/378/82
f 2567/378/82 2475/377/82 3182/376/82
f 2567/378/82 2568/380/82 2474/379/82
f 2569/381/82 2295/424/82 2474/379/82
f 2945/383/2985 2486/405/2985 2506/382/2985
f 2947/386/2985 2487/415/2985 4473/385/2985
f 2949/389/2985 2488/425/2985 2497/388/2985
f 3041/392/2894 2480/403/2894 2505/391/2894
f 3042/395/2894 2481/414/2894 4472/394/2894
f 3043/398/2894 2482/426/2894 2495/397/2894
f 2570/401/82 2485/407/82 2503/400/82
f 3044/404/2894 2489/3133/2894 2480/403/2894
f 2951/406/2985 2491/1174/2985 2486/405/2985
f 2571/408/82 2490/569/82 2485/407/82
f 2378/409/3082 2494/234/6098 2954/235/3083
f 2260/410/2874 2493/20/2874 3045/21/2874
f 3256/3477/3085 2770/567/3085 3258/3263/3085
f 2770/567/3085 4476/412/3086 3258/3263/3085
f 4476/412/3086 2796/411/4027 3214/413/6099
f 2796/411/4027 3215/3478/6100 3214/413/6099
f 3214/413/6099 3259/3262/3085 4476/412/3086
f 3046/399/2894 2495/397/2894 2481/414/2894
f 2955/390/2985 2497/388/2985 2487/415/2985
f 2573/417/82 2496/565/82 2484/416/82
f 2914/233/3087 2382/419/3007 2500/232/3007
f 2988/19/2875 2262/420/2875 2499/24/2875
f 3328/3479/3088 2771/562/3088 2797/566/6101
f 2797/566/6101 3276/3483/3088 3330/3485/3088
f 3276/3483/3088 3277/3482/3088 3320/3484/3088
f 2797/566/6101 3330/3485/3088 3331/3481/3088
f 3287/3487/3088 3286/3486/3088 3320/3484/3088
f 3286/3486/3088 3285/3489/3088 3320/3484/3088
f 3276/3483/3088 3324/3498/3088 3332/3491/3088
f 3277/3482/3088 3287/3487/3088 3320/3484/3088
f 3327/3480/3088 3328/3479/3088 2797/566/6101
f 3331/3481/3088 3327/3480/3088 2797/566/6101
f 3330/3485/3088 3276/3483/3088 3332/3491/3088
f 3324/3498/3088 3276/3483/3088 3323/3499/3088
f 3285/3489/3088 3284/3488/3088 3319/3490/3088
f 3284/3488/3088 3273/3492/3088 3319/3490/3088
f 3319/3490/3088 3273/3492/3088 3318/3497/3088
f 3273/3492/3088 3283/3496/3088 3318/3497/3088
f 3283/3496/3088 3282/3494/3088 3317/3495/3088
f 3280/3493/3088 3281/3505/3088 3317/3495/3088
f 3281/3505/3088 3279/3504/3088 3317/3495/3088
f 3283/3496/3088 3317/3495/3088 3318/3497/3088
f 3282/3494/3088 3280/3493/3088 3317/3495/3088
f 3323/3499/3088 3276/3483/3088 3322/3500/3088
f 3322/3500/3088 3276/3483/3088 3321/3501/3088
f 3321/3501/3088 3276/3483/3088 3320/3484/3088
f 3319/3490/3088 3320/3484/3088 3285/3489/3088
f 3268/3503/3088 2253/905/3088 3266/3502/3088
f 2253/905/3088 2498/421/3088 3266/3502/3088
f 2498/421/3088 3317/3495/3088 3272/423/3088
f 2498/421/3088 3272/423/3088 3270/422/3088
f 3279/3504/3088 3272/423/3088 3317/3495/3088
f 3267/3506/3088 3266/3502/3088 2498/421/3088
f 3271/3264/3088 3267/3506/3088 2498/421/3088
f 2575/402/82 2503/400/82 2295/424/82
f 3048/393/2894 2505/391/2894 2296/370/3079
f 2959/384/2985 2506/382/2985 2399/363/3075
f 2813/238/3089 2961/241/6102 2504/239/3089
f 3049/15/3090 2502/13/3090 2267/17/3090
f 2963/196/2985 2508/194/2985 2488/425/2985
f 3050/58/2894 2507/3256/2894 2482/426/2894
f 2576/428/82 2509/430/82 2483/427/82
f 2577/431/82 2297/1380/82 2509/430/82
f 3051/433/3013 2514/434/3013 2383/432/3013
f 3052/246/3013 2515/244/3013 2514/434/3013
f 3142/436/2867 2510/437/2867 2254/435/2867
f 3143/6/2867 2511/4/2867 2510/437/2867
f 2799/439/3091 3385/3507/3091 3383/438/3091
f 2773/440/3092 3383/438/6103 3384/441/3093
f 2738/443/3095 2633/445/3096 2616/444/3096
f 3053/447/3098 2520/975/3099 2384/446/3099
f 3053/447/3100 2518/1169/3100 2519/243/3100
f 2519/243/3100 2521/9/3100 3053/447/3100
f 3144/449/3101 2516/3508/3101 2255/448/3101
f 2970/977/3102 2520/975/3102 2521/9/3102
f 2521/9/3102 2517/7/3102 2969/450/3102
f 2517/7/3102 2516/3508/3102 3144/449/3102
f 2969/450/3102 2517/7/3102 3144/449/3102
f 2800/452/3103 3364/3509/6104 3365/451/3104
f 3351/3311/4038 2776/550/4037 3350/454/3106
f 2776/550/4037 2775/453/3105 3350/454/3106
f 2629/456/3107 2628/667/6105 2739/455/3108
f 2734/458/3110 2634/460/3112 2633/459/3111
f 2722/461/3113 2609/463/3114 2610/462/3114
f 3194/464/3116 2526/465/3117 2406/75/3117
f 3195/185/3118 2527/79/3118 2526/465/3118
f 2526/465/3119 2522/467/3120 2318/466/3120
f 2527/79/2908 2523/77/2907 2522/467/3121
f 3432/3511/3122 2777/470/3123 3418/3512/3122
f 2777/470/3123 2803/545/3122 3414/3510/3122
f 3418/3512/3122 2777/470/3123 3419/3266/3122
f 2803/545/3122 3416/3513/3122 3414/3510/3122
f 3414/3510/3122 3411/3514/3122 2777/470/3123
f 3411/3514/3122 3410/469/3122 2777/470/3123
f 3410/469/3122 3422/468/3122 2777/470/3123
f 2524/1347/3124 2525/927/3124 3423/3516/3124
f 2525/927/3124 2778/473/3124 3433/3515/3124
f 2778/473/3124 2777/470/3124 3432/3511/3124
f 3432/3511/3124 3430/3524/3124 2778/473/3124
f 3430/3524/3124 3425/3523/3124 2778/473/3124
f 3420/3518/3124 3423/3516/3124 2525/927/3124
f 3431/3520/3124 3421/3519/3124 2525/927/3124
f 3421/3519/3124 3420/3518/3124 2525/927/3124
f 3428/3517/3124 3427/3522/3124 2525/927/3124
f 3427/3522/3124 3429/3521/3124 2525/927/3124
f 3433/3515/3124 3428/3517/3124 2525/927/3124
f 3429/3521/3124 3431/3520/3124 2525/927/3124
f 2778/473/3124 3425/3523/3124 3426/3525/3124
f 2778/473/3124 3426/3525/3124 3436/3267/3125
f 3435/472/3124 3434/471/3124 2778/473/3124
f 3434/471/3124 3433/3515/3124 2778/473/3124
f 2600/475/3126 2601/676/6106 2736/474/3127
f 2804/478/3129 2317/926/3581 2529/477/3130
f 2779/479/3131 2529/477/6107 2530/480/3132
f 2630/482/3134 2629/456/6108 2735/457/3135
f 2434/484/3137 2534/486/3140 2532/485/3138
f 2534/486/3140 2435/131/6109 2377/487/3141
f 2971/193/3142 2973/130/2938 2534/486/2940
f 2715/488/3144 2617/489/3145 2634/460/3145
f 2613/490/3146 2630/482/3146 2733/483/3147
f 2540/492/3149 2377/487/6110 2435/131/3150
f 2542/495/3152 2306/252/3152 3130/497/3927
f 2306/252/3152 2440/250/3152 2982/1239/3154
f 3130/497/3927 2306/252/3152 2982/1239/3154
f 2440/250/3152 2538/494/3652 2981/493/3153
f 3128/496/3155 2536/826/3920 2542/495/3156
f 2543/498/3158 2537/500/3161 2535/499/3159
f 2537/500/3161 2540/492/3149 2541/501/3151
f 2440/250/3162 2305/502/6111 2543/498/3163
f 2535/499/3165 2541/501/3645 2979/503/3166
f 3127/506/3168 2376/841/6112 2539/505/3169
f 2604/509/3170 2605/663/3172 2732/508/3171
f 2614/512/3173 2613/3526/3173 2714/511/3174
f 2720/514/3175 2618/515/3176 2617/489/3175
f 2615/517/3177 2598/3527/6113 2717/516/3178
f 2782/520/3179 2547/3154/3179 2596/519/3179
f 2810/521/3181 2596/519/3181 2595/522/3182
f 2809/523/3183 2595/522/3184 2594/524/3184
f 2808/525/3185 2594/524/3185 2593/526/3186
f 2807/527/3187 2593/526/3187 2592/528/3188
f 2806/529/3189 2592/528/3188 2591/530/3190
f 2805/531/3191 2591/530/6114 3439/532/3192
f 2718/534/3194 2627/536/3194 2626/535/3194
f 2725/537/3196 2619/538/3197 2618/515/3197
f 2804/478/3198 2588/939/3198 2587/539/3198
f 2721/540/3199 2608/541/3201 2609/463/3200
f 2599/542/3202 2600/475/6115 2724/476/3203
f 2803/545/3205 2585/941/3599 2584/544/3206
f 2802/546/3207 2584/544/3206 2583/547/3208
f 2801/548/3210 2583/547/3211 2582/549/3211
f 2729/551/3212 2635/552/3214 2619/538/3213
f 2603/553/3215 2604/509/3216 2727/510/3216
f 2774/442/3218 2800/452/3219 2580/555/3219
f 2728/556/3221 2636/557/3221 2635/552/3221
f 2730/558/3222 2622/560/3222 2625/559/3222
f 2799/439/3224 2577/431/6116 2576/428/3225
f 2798/561/3226 2576/428/3225 2574/429/3227
f 2772/563/3229 2575/402/3238 2569/381/3230
f 2496/565/82 2573/417/82 2574/429/82
f 2797/566/3232 2573/417/3606 2572/418/3233
f 2490/569/82 2571/408/82 4475/568/82
f 2796/411/3235 2571/408/3607 2570/401/3236
f 2795/571/3237 2570/401/3236 2575/402/3238
f 2794/564/3231 2569/381/3230 2568/380/3239
f 2792/573/3240 2793/572/3240 2568/380/3241
f 2769/574/3242 2792/573/3243 2567/378/3243
f 2467/575/3244 3145/577/3244 3147/576/3244
f 2668/578/3245 2674/314/6117 2681/315/3246
f 2654/580/3248 2655/304/6118 2683/305/3248
f 2675/582/3249 2668/578/6119 2687/579/3250
f 3164/585/3252 2560/1254/3944 2559/584/3253
f 2693/587/3255 2661/589/3255 2660/588/3255
f 3163/591/3256 2558/1253/6120 2557/590/3257
f 2676/593/3259 2675/582/3260 2690/583/3260
f 3162/596/3261 2556/1252/3942 2555/595/3262
f 3161/599/3264 2554/1251/6121 2553/598/3265
f 3160/600/3267 2553/598/6122 2552/601/3268
f 3159/602/3269 2552/601/3268 2551/603/3270
f 3158/606/3272 2550/1250/3941 2549/605/3273
f 2692/608/3275 2670/609/3275 2661/589/3275
f 3157/611/3276 2548/1249/3277 2291/610/3277
f 4531/614/3279 4521/613/6123 2781/613/3280
f 3005/56/3281 3054/83/3803 2544/615/3282
f 4532/616/3284 4499/618/5641 4498/617/3285
f 2632/619/82 2616/621/82 2600/620/82
f 2617/623/82 2603/625/82 2602/622/82
f 2618/626/82 2604/627/82 2603/625/82
f 2619/628/82 2605/654/82 2604/627/82
f 2620/630/82 2608/651/82 2607/629/82
f 2621/633/82 2611/635/82 3440/632/82
f 2623/636/82 2612/637/82 2611/635/82
f 2624/638/82 2622/639/82 2612/637/82
f 2628/640/82 2625/641/82 2622/639/82
f 2629/642/82 2627/643/82 2625/641/82
f 2630/644/82 2626/645/82 2627/643/82
f 2613/646/82 2614/3528/82 2626/645/82
f 2609/648/82 2637/650/82 2638/647/82
f 2608/651/82 2620/630/82 2637/650/82
f 2606/652/82 2635/653/82 2636/631/82
f 2605/654/82 2619/628/82 2635/653/82
f 2602/622/82 2601/656/82 2633/655/82
f 2601/656/82 2600/620/82 2616/621/82
f 2599/657/82 2597/659/82 2631/658/82
f 2597/659/82 2598/661/82 2615/660/82
f 2732/508/3287 2605/663/3288 2606/662/3287
f 2742/664/3289 2612/665/3314 2622/560/3290
f 2628/667/3292 2624/674/3292 2743/666/3293
f 3443/668/3295 3440/670/4061 2611/669/3296
f 2616/444/3298 2632/678/6124 2745/671/3299
f 2624/674/3301 2623/680/6125 2746/673/3302
f 2601/676/3304 2602/3529/3306 2747/675/3305
f 2632/678/3307 2631/682/6126 2748/677/3308
f 2623/680/3310 2621/3530/3312 2749/679/3311
f 2744/681/3313 2611/669/6127 2612/665/3314
f 2631/682/3315 2615/517/3315 2716/518/3316
f 2717/683/3318 2598/685/6128 2597/684/3319
f 2741/686/3320 2606/662/6129 2607/687/3321
f 3442/688/3322 3441/690/6130 2638/689/3323
f 2731/691/3324 2625/559/3324 2627/536/3325
f 2752/692/3327 2638/694/6131 2637/693/3328
f 2602/695/3329 2603/553/3330 2726/554/3330
f 2753/697/3331 2637/693/3332 2620/698/3332
f 2750/699/3333 2597/684/3333 2599/542/3333
f 2751/700/3335 2607/687/3336 2608/541/3336
f 2754/701/3337 2620/698/3338 2636/557/3338
f 2719/702/3340 2626/535/6132 2614/703/3340
f 2639/704/82 2660/706/82 2641/705/82
f 2660/706/82 2661/708/82 2642/707/82
f 2670/709/82 2662/711/82 2644/710/82
f 2671/712/82 2663/714/82 2646/713/82
f 2663/714/82 2664/716/82 2647/715/82
f 2665/717/82 2648/734/82 2647/715/82
f 2666/719/82 2650/733/82 2649/718/82
f 2667/722/82 2652/732/82 2651/721/82
f 2668/578/82 2654/731/82 2653/724/82
f 2691/353/3342 2697/303/3342 2656/725/3342
f 2658/323/82 2677/321/82 2678/726/82
f 2711/728/3343 2705/729/3343 2677/321/3344
f 2655/730/82 2675/582/82 2676/593/82
f 2654/731/82 2668/578/82 2675/582/82
f 2652/732/82 2667/722/82 2674/314/82
f 2650/733/82 2666/719/82 2673/723/82
f 2648/734/82 2665/717/82 2672/720/82
f 2645/735/82 2644/710/82 2662/711/82
f 2643/736/82 2642/707/82 2661/708/82
f 2666/738/3345 2672/742/6133 2701/737/3345
f 2694/739/3347 2658/354/3347 2659/740/3347
f 2672/742/3348 2665/744/3348 2703/741/3348
f 2689/594/3350 2711/728/6134 2669/341/3351
f 2665/744/3353 2664/3531/6135 2704/743/3353
f 2678/726/3355 2677/321/3357 2705/729/3356
f 2699/746/3358 2643/286/3358 2644/747/3358
f 2700/748/3359 2652/750/3360 2653/749/3360
f 2664/752/3361 2663/757/6136 2709/751/3362
f 2691/353/3364 2694/739/3364 2357/754/3364
f 2663/757/3365 2671/759/6137 2710/756/3366
f 2710/756/3368 2671/759/6138 2662/758/3369
f 2707/760/3371 2644/747/3371 2645/761/3371
f 2697/303/3372 2691/353/3373 2354/755/3373
f 2659/764/3374 2678/3532/3374 2706/763/3375
f 2653/749/3376 2654/3533/3376 2682/766/3376
f 2712/768/3377 2662/758/3377 2670/609/3377
f 2685/769/3378 2640/770/3378 2641/344/3378
f 2294/771/3379 2685/769/3379 2679/343/3379
f 3173/772/3381 2766/340/3381 2791/773/3381
f 2712/768/3382 2692/608/3383 2549/774/3383
f 2345/776/3384 2708/777/3384 2682/581/3385
f 2360/778/3386 2702/765/3386 2706/763/3386
f 2327/779/3388 2707/760/6139 2686/780/3388
f 2710/756/3390 2712/768/6140 2550/775/3391
f 2767/358/3393 3174/783/3394 3165/782/3394
f 2563/784/3395 2711/786/3396 2689/785/3396
f 2709/751/3398 2710/756/6141 2551/781/3398
f 2704/753/3399 2709/751/6142 2552/787/3400
f 2700/789/3402 2708/777/3402 2345/776/3402
f 2325/791/3404 2699/746/3404 2707/760/3404
f 2706/745/3405 2705/729/3405 2564/792/3405
f 2703/741/3406 2704/743/6143 2553/794/3406
f 2701/737/3408 2703/741/6144 2554/795/3408
f 2694/739/3409 2702/3272/6145 2360/797/3410
f 2698/293/3411 2701/737/6146 2555/796/3412
f 2549/774/3414 2692/608/6147 2693/587/3415
f 2705/729/3416 2711/728/3416 2563/799/3416
f 2562/800/3418 2689/594/6148 2690/583/3418
f 2548/801/3420 2693/587/3422 2688/802/3421
f 2561/803/3423 2690/583/6149 2687/579/3423
f 2347/804/3425 2682/581/6150 2683/305/3425
f 2560/805/3427 2687/807/6151 2681/806/3428
f 2293/808/3430 2679/343/3431 2680/285/3431
f 2559/809/3433 2681/806/6152 2695/307/3434
f 2558/810/3436 2695/307/3437 2696/295/3437
f 2349/811/3438 2683/305/3438 2697/303/3438
f 2557/812/3439 2696/295/3045 2698/293/3044
f 2323/813/3441 2680/285/3442 2699/746/3441
f 2719/702/3443 2713/3270/6153 2306/252/3443
f 2754/701/3444 2728/556/3444 2587/814/3445
f 2370/816/3446 2751/700/6154 2721/540/3447
f 2750/699/3448 2723/543/3448 2362/817/3449
f 2753/820/3451 2754/3534/3452 2588/819/3452
f 2365/822/3453 2747/824/3455 2726/823/3454
f 2590/825/3456 2752/692/3458 2753/697/3457
f 2731/691/3459 2718/534/6155 2536/826/3460
f 3439/827/3462 3442/688/4058 2752/828/3463
f 2369/829/3465 2741/686/3465 2751/700/3465
f 2297/830/3466 2717/683/3466 2750/699/3467
f 2748/677/3468 2716/518/6156 2577/831/3469
f 2744/681/3470 2742/664/6157 2533/833/3471
f 2592/834/3472 2746/673/3472 2749/679/3473
f 2745/671/3474 2748/677/3475 2578/832/3474
f 2364/836/3476 2736/474/3477 2747/675/3476
f 2593/837/3478 2743/666/3479 2746/673/3479
f 2740/672/3480 2745/671/6158 2579/835/3481
f 3443/668/3482 2744/681/6159 2374/267/3483
f 2594/840/3484 2739/455/3486 2743/666/3485
f 2742/664/3487 2730/558/6160 2376/841/3487
f 2368/842/3489 2732/508/3490 2741/686/3490
f 2730/558/3492 2731/691/3459 2539/505/3461
f 2728/556/3494 2729/551/3494 2586/843/3494
f 2366/844/3495 2726/823/6161 2727/845/3496
f 2729/551/3498 2725/537/3500 2585/846/3499
f 2723/543/3501 2724/476/6162 2363/847/3501
f 2371/848/3502 2721/540/3504 2722/461/3503
f 2725/537/3505 2720/514/3505 2584/849/3506
f 2718/534/3507 2719/702/3507 2542/495/3507
f 2716/851/3508 2717/786/3509 2297/850/3509
f 2720/514/3510 2715/488/3510 2583/853/3510
f 2306/255/3512 2713/513/3512 2714/511/3512
f 2367/854/3513 2727/510/3514 2732/508/3514
f 2547/855/3515 2714/491/3516 2733/483/3516
f 2715/488/3517 2734/458/3518 2582/856/3518
f 2596/857/3519 2733/483/3519 2735/457/3519
f 2363/847/3521 2724/476/3521 2736/474/3521
f 2372/858/3522 2722/461/6163 2737/859/3523
f 2734/458/3524 2738/3265/3524 2581/860/3525
f 2595/861/3526 2735/457/6164 2739/455/3527
f 2738/443/3528 2740/672/3528 2580/838/3528
f 2400/864/3529 2546/1168/6165 2983/863/3530
f 2983/863/3532 2546/1168/3533 2398/866/3533
f 2639/868/3535 2640/3535/3535 2685/867/3536
f 2660/588/3537 2639/3536/3537 2684/870/3537
f 2294/871/3538 2755/872/6166 2684/869/3538
f 2688/873/3539 2684/869/3539 2755/872/3539
f 2758/614/3541 2781/613/3542 2403/71/3542
f 3198/876/670 2782/3153/670 2307/875/670
f 2289/877/3543 2287/878/3543 2783/291/3543
f 2285/879/3544 2784/301/3544 2760/292/3545
f 2283/880/3546 2785/3537/6167 2761/302/3547
f 2281/882/3548 2786/1258/3548 2785/881/3549
f 2281/882/3550 2279/885/3550 2787/884/3550
f 2449/886/3551 2277/319/3552 2788/320/3552
f 2452/887/3553 2275/888/3553 2789/327/3553
f 2273/889/3554 2790/337/3554 2764/328/3555
f 2467/890/3556 2468/891/3556 2792/573/3557
f 2792/573/3559 2468/891/3558 3247/3280/3558
f 2468/891/3558 2469/896/3558 3238/3538/3558
f 3237/3539/3558 2468/891/3558 3239/3542/3558
f 3238/3538/3558 3239/3542/3558 2468/891/3558
f 3237/3539/3558 3235/3540/3558 2468/891/3558
f 3235/3540/3558 3236/3544/3558 2468/891/3558
f 3250/3303/3559 2793/572/3558 3251/3541/3558
f 2793/572/3558 2792/573/3559 3251/3541/3558
f 3240/3549/3558 2468/891/3558 3241/3546/3558
f 3236/3544/3558 3242/3545/3558 2468/891/3558
f 3242/3545/3558 3241/3546/3558 2468/891/3558
f 3240/3549/3558 3243/893/3559 2468/891/3558
f 3243/893/3559 3245/892/3558 2468/891/3558
f 3244/3548/3558 3246/3547/3558 2468/891/3558
f 3246/3547/3558 3247/3280/3558 2468/891/3558
f 3245/892/3558 3244/3548/3558 2468/891/3558
f 3249/3543/3559 3251/3541/3558 2792/573/3559
f 3248/3281/3558 3249/3543/3559 2792/573/3559
f 3238/3538/6168 2469/896/3560 3230/3550/3560
f 2469/896/3560 2259/1226/3560 3232/895/3560
f 3230/3550/3560 2469/896/3560 3231/894/3560
f 3228/907/6169 2501/908/6170 3224/3551/6170
f 2501/908/6170 2258/899/3561 3221/897/3562
f 3224/3551/6170 2501/908/6170 3221/897/3562
f 3220/898/3561 2258/899/3561 3218/3552/6171
f 2258/899/3561 2251/902/3564 3216/3282/3563
f 3218/3552/6171 2258/899/3561 3216/3282/3563
f 2251/902/3564 3210/901/6172 3211/900/3563
f 3254/3553/6173 2492/1320/4020 3253/3554/6174
f 2492/1320/4020 2253/905/3565 3252/903/3565
f 3253/3554/6174 2492/1320/4020 3252/903/3565
f 2253/905/3565 3268/3503/6175 3264/3283/3565
f 3262/3284/3565 3260/904/3565 2253/905/3565
f 3260/904/3565 3252/903/3565 2253/905/3565
f 3232/895/3566 2259/1226/6176 3227/906/3567
f 2259/1226/6176 2501/908/3566 3227/906/3567
f 2498/421/3569 2252/911/3571 3303/3559/3568
f 2252/911/3571 3294/3557/6177 3295/3558/3568
f 3296/3560/3568 2252/911/3571 3295/3558/3568
f 3296/3560/3568 3299/3561/3568 2252/911/3571
f 3299/3561/3568 3300/3562/6178 2252/911/3571
f 3316/3555/6179 3317/3495/6179 2498/421/3569
f 3315/3556/6180 3316/3555/6179 2498/421/3569
f 2252/911/3571 3300/3562/6178 3301/3563/3568
f 2252/911/3571 3301/3563/3568 3303/3559/3568
f 3314/3567/6180 3315/3556/6180 2498/421/3569
f 3312/3569/3568 3313/3568/3568 2498/421/3569
f 3313/3568/3568 3314/3567/6180 2498/421/3569
f 3309/3571/6179 3311/3570/3568 2498/421/3569
f 3311/3570/3568 3312/3569/3568 2498/421/3569
f 3308/910/6179 3310/909/3568 2498/421/3569
f 3310/909/3568 3309/3571/6179 2498/421/3569
f 3304/3286/3568 3307/3566/3568 2498/421/3569
f 3307/3566/3568 3308/910/6179 2498/421/3569
f 3302/3565/3568 3305/3564/6179 2498/421/3569
f 3305/3564/6179 3306/3285/3568 2498/421/3569
f 3303/3559/3568 3302/3565/3568 2498/421/3569
f 3294/3557/6177 2252/911/3571 3293/3573/6181
f 2252/911/3571 2254/3572/6182 3288/913/3570
f 3293/3573/6181 2252/911/3571 3292/3575/6183
f 2254/3572/6182 3390/3577/6184 3388/3576/6185
f 3388/3576/6185 3387/3579/3570 2254/3572/6182
f 3387/3579/3570 3297/3578/3570 2254/3572/6182
f 3298/3581/6183 3289/3580/3570 2254/3572/6182
f 3289/3580/3570 3288/913/3570 2254/3572/6182
f 3297/3578/3570 3298/3581/6183 2254/3572/6182
f 3291/3574/6186 2252/911/3571 3290/912/3570
f 3291/3574/6186 3292/3575/6183 2252/911/3571
f 3395/3582/6187 2511/1339/3572 3376/3288/3573
f 2511/1339/3572 2255/916/3574 3376/3288/3573
f 2255/916/3574 3378/915/6188 3377/914/6189
f 3377/914/6189 3375/3287/3572 2255/916/3574
f 3367/3583/3575 2517/1329/3575 3368/3290/3575
f 2517/1329/3575 2256/919/3576 3368/3290/3575
f 2256/919/3576 3361/3584/6190 3360/918/3575
f 3360/918/3575 3362/917/3575 2256/919/3576
f 3362/917/3575 3366/3289/3575 2256/919/3576
f 3361/3584/6190 2256/919/3576 3359/3585/3578
f 2256/919/3576 2257/922/3578 3358/3292/3578
f 3359/3585/3578 2256/919/3576 3358/3292/3578
f 2257/922/3578 3353/3294/3577 3354/921/3578
f 3355/920/3577 3356/3586/3577 2257/922/3578
f 3356/3586/3577 3357/3291/3577 2257/922/3578
f 2257/922/3578 3354/921/3578 3355/920/3577
f 3353/3294/3579 2257/922/6191 2319/925/3580
f 2319/925/3580 3407/3589/6191 3408/3588/6191
f 3408/3588/6191 3399/3590/3579 2319/925/3580
f 3399/3590/3579 3400/924/3579 2319/925/3580
f 3347/923/3579 3346/3587/3579 2319/925/3580
f 3346/3587/3579 3352/3293/3579 2319/925/3580
f 3400/924/3579 3347/923/3579 2319/925/3580
f 2317/926/3581 2804/478/3129 2778/473/3582
f 2316/928/3583 2805/531/6192 3444/533/3584
f 2315/930/3586 2806/529/3586 2805/531/3586
f 2314/931/3587 2807/527/3587 2806/529/3588
f 2313/932/3589 2808/525/3589 2807/527/3589
f 2311/933/3590 2809/523/3590 2808/525/3591
f 2309/934/3592 2810/521/3593 2809/523/3593
f 2307/875/3594 2782/3153/6193 2810/935/3594
f 2589/937/3595 2779/479/3595 2780/481/3595
f 2588/939/3596 2804/478/3596 2779/479/3596
f 2586/940/3598 2777/470/3598 2778/473/3598
f 2585/941/3599 2803/545/3205 2777/470/3600
f 2581/942/3601 2775/453/3601 2776/550/3601
f 2580/555/3602 2800/452/3602 2775/453/3602
f 2579/943/3220 2578/944/3604 2773/440/3604
f 2578/944/3605 2577/431/6194 2799/439/3605
f 2573/417/3606 2797/566/3232 2771/562/3228
f 2571/408/3607 2796/411/3235 4476/412/3608
f 3174/783/3610 2767/358/3610 2768/356/3610
f 2425/949/3612 2881/148/3612 2426/946/3612
f 2881/148/3612 2883/146/3611 2426/946/3612
f 2423/152/3613 2879/150/3613 2424/948/3613
f 2879/150/3613 2881/148/3613 2424/948/3613
f 3172/950/3614 2765/338/3617 2766/340/3615
f 3164/585/3252 2790/337/3958 2765/338/3617
f 3163/591/3618 2789/327/6195 2764/328/3619
f 3162/596/3261 2788/320/3956 2763/318/3620
f 3169/597/3263 3161/599/3264 2787/884/3621
f 3158/606/3272 2784/1257/3951 2761/951/3623
f 3157/611/3624 2783/1255/6196 2760/952/3625
f 2837/953/3627 2985/955/3636 2759/954/3628
f 3004/956/3630 3055/958/3937 2756/957/3631
f 3069/959/3633 3132/961/3936 2986/960/3634
f 2838/962/3635 2986/960/3634 2985/955/3636
f 3131/964/3637 2984/966/3640 2840/963/3638
f 2984/966/3640 2983/863/3532 2839/198/3534
f 2844/967/3641 2984/966/3644 3131/964/3642
f 2843/865/3531 2983/863/3530 2984/966/3644
f 2541/501/3645 2435/131/6197 2975/132/3646
f 2979/503/3166 2975/132/3646 2976/969/3647
f 2978/970/3649 2980/971/3648 3129/507/3650
f 2977/504/3167 2979/503/3166 2980/971/3648
f 2538/494/3652 2535/499/3165 2977/504/3167
f 2981/493/3153 2977/504/3167 2978/970/3649
f 3125/265/3653 3126/973/3792 2974/972/3654
f 2972/192/3655 2974/972/3654 2973/130/2938
f 2520/975/3656 2970/977/3658 2918/974/3657
f 2970/977/3658 2969/450/3659 2917/976/3659
f 2515/244/3660 2968/980/3661 2966/978/3661
f 2968/980/3661 2967/1166/3662 2965/979/3662
f 2514/434/3660 2966/978/3661 2916/981/3663
f 2966/978/3661 2965/979/3662 2915/982/3662
f 3124/984/2985 2964/986/2985 2950/983/2985
f 2964/986/2985 2963/196/2985 2949/389/2985
f 3057/987/3664 3123/989/3664 2962/988/3664
f 2814/990/3666 2962/988/3666 2961/241/3666
f 3122/992/2985 2960/994/2985 2842/991/3075
f 2960/994/2985 2959/384/2985 2841/364/3075
f 3134/995/3667 2913/997/3667 2957/996/3667
f 2913/997/3668 2914/233/3087 2958/230/3006
f 3121/999/2985 2956/1001/2985 2948/998/2985
f 2956/1001/2985 2955/390/2985 2947/386/2985
f 2812/1003/3670 2953/1005/3670 3140/1002/3671
f 2811/236/3672 2954/235/3673 2953/1005/3673
f 3120/1007/2985 2952/1009/2985 2946/1006/2985
f 2952/1009/2985 2951/406/2985 2945/383/2985
f 3119/985/2985 2950/983/2985 2956/1001/2985
f 2950/983/2985 2949/389/2985 2955/390/2985
f 3118/1000/2985 2948/998/2985 4477/1010/2985
f 2948/998/2985 2947/386/2985 4478/387/2985
f 3117/1008/2985 2946/1006/2985 2960/994/2985
f 2946/1006/2985 2945/383/2985 2959/384/2985
f 2941/1013/3077 2943/1015/3675 3139/1012/3674
f 2942/365/3077 2944/367/3078 2943/1015/3675
f 2939/1016/3076 2941/1013/3077 3138/1014/3077
f 2940/362/3076 2942/365/3077 2941/1013/3077
f 2842/991/3075 2939/1016/3076 3137/1017/3076
f 2841/364/3075 2940/362/3076 2939/1016/3076
f 3116/1019/803 2938/3300/803 2937/1018/803
f 3058/1021/3676 3114/1023/3677 2936/1022/3677
f 2816/1024/3678 2936/1025/3678 2935/348/3678
f 2563/799/3679 3165/782/3679 3174/783/3679
f 2995/1027/3069 2272/1033/3070 2464/1026/3070
f 3113/1029/3067 2934/226/3002 2818/1028/3067
f 2934/226/3002 2933/224/3002 2817/346/3067
f 3115/1020/3680 2937/1018/3680 2936/1031/3680
f 3165/782/3682 2563/799/3682 2562/800/3682
f 3034/335/2879 2457/334/2879 2272/1033/2879
f 3112/1034/3001 2932/1036/3001 2930/330/3001
f 2932/1036/3001 2931/223/3001 2929/332/3001
f 3061/1037/3000 3110/1039/3000 2928/1038/3000
f 2822/1040/3000 2928/1038/3000 2927/218/3000
f 3062/1041/2999 3109/1043/2999 2926/1042/2999
f 2824/1044/2999 2926/1042/2999 2925/215/2999
f 3063/1045/2998 3108/1047/2998 2924/1046/2998
f 2826/1048/2998 2924/1046/2998 2923/213/2998
f 3066/1049/2995 3107/1051/2995 2922/1050/2995
f 2832/1052/2995 2922/1050/2995 2921/205/2995
f 3067/1053/3683 3106/1055/3700 2920/1054/3684
f 2834/1056/3685 2920/1054/3684 2919/203/2992
f 3058/1021/3686 2816/1057/3686 2962/988/3686
f 2962/988/3687 2816/1057/3688 2815/240/3688
f 3056/1004/3690 3057/987/6198 2814/990/3691
f 2812/1003/3692 2814/990/3692 2813/238/3692
f 2953/1005/3693 2913/997/3693 3134/995/3693
f 2953/1005/3694 2954/235/3694 2914/233/3087
f 3141/1058/3667 2957/996/3667 2911/1059/3667
f 2957/996/3669 2958/230/3006 2912/1060/3006
f 3474/1061/3695 3059/1063/3695 2818/1062/3696
f 3471/1064/3697 2818/1062/3696 2817/229/3698
f 3061/1037/3001 2822/1040/3001 2932/1036/3001
f 2822/1040/3001 2821/222/3001 2931/223/3001
f 3110/1039/3000 3062/1041/3000 2824/1044/3000
f 2928/1038/3000 2824/1044/3000 2823/220/3000
f 3109/1043/2999 3063/1045/2999 2826/1048/2999
f 2926/1042/2999 2826/1048/2999 2825/217/2999
f 3108/1047/2998 3064/1066/2998 2828/1065/2998
f 2924/1046/2998 2828/1065/2998 2827/211/2998
f 3064/1066/2997 3065/1068/2997 2830/1067/2997
f 2828/1065/2997 2830/1067/2997 2829/208/2997
f 3065/1068/2996 3066/1070/2996 2832/1069/2996
f 2830/1067/2996 2832/1069/2996 2831/210/2996
f 3107/1051/2995 3067/1053/2995 2834/1056/2995
f 2922/1050/2995 2834/1056/2995 2833/207/2995
f 3106/1055/3700 3068/1072/6199 2836/1071/3701
f 2920/1054/3684 2836/1071/3701 2835/200/3702
f 3068/1072/3703 3069/1074/6200 2838/1073/3703
f 2836/1071/3704 2838/1073/3703 2837/202/3705
f 3179/1075/3706 3070/965/3871 2840/963/3707
f 2840/963/3707 2839/198/2986 3177/199/2988
f 3073/1077/2985 2846/1078/2985 2964/986/2985
f 2846/1078/2985 2845/195/2985 2963/196/2985
f 3074/1080/3709 2848/1083/3712 2846/1079/3710
f 2848/1083/3712 2847/1125/6201 2845/1082/3713
f 3075/1085/3714 2850/1087/3717 2844/1084/3715
f 2850/1087/3717 2849/181/3718 2843/183/3718
f 3076/1088/3719 2852/1089/3722 2850/1087/3720
f 2852/1089/3722 2851/179/3723 2849/181/3723
f 3077/1090/2965 2854/1091/2965 2852/1089/2965
f 2854/1091/2965 2853/177/2965 2851/179/2965
f 3078/1092/2964 2856/1093/2964 2854/1091/2964
f 2856/1093/2964 2855/175/2964 2853/177/2964
f 3079/1094/2963 2858/1095/2963 2856/1093/2963
f 2858/1095/2963 2857/173/2963 2855/175/2963
f 3080/1096/2962 2860/1097/2962 2858/1095/2962
f 2860/1097/2962 2859/171/2962 2857/173/2962
f 3081/1098/2961 2862/1099/2961 2860/1097/2961
f 2862/1099/2961 2861/169/2961 2859/171/2961
f 3082/1100/2960 2864/1101/2960 2862/1099/2960
f 2864/1101/2960 2863/167/2960 2861/169/2960
f 3083/1102/2959 2866/1103/2959 2864/1101/2959
f 2866/1103/2959 2865/166/2959 2863/167/2959
f 3083/1104/2958 3084/1106/2958 2868/1105/2958
f 2866/1107/2958 2868/1105/2958 2867/161/2958
f 3084/1106/2957 3085/1109/2957 2870/1108/2957
f 2868/1105/2957 2870/1108/2957 2869/159/2957
f 3085/1109/2956 3086/1111/2956 2872/1110/2956
f 2870/1108/2956 2872/1110/2956 2871/157/2956
f 3086/1111/2955 3087/1113/2955 2874/1112/2955
f 2872/1110/2955 2874/1112/2955 2873/155/2955
f 3087/1113/2954 3088/1115/2954 2876/1114/2954
f 2874/1112/2954 2876/1114/2954 2875/153/2954
f 3088/1115/2952 3089/1117/2952 2878/1116/2952
f 2876/1114/2952 2878/1116/2952 2877/151/2953
f 3089/1117/2951 3090/333/2951 2880/149/2951
f 2878/1116/3724 2880/149/2951 2879/150/2951
f 2820/225/3001 3060/1118/3001 3111/1035/3001
f 2929/332/3001 2461/331/3001 2388/1119/3001
f 2934/226/3002 3113/1029/3067 3060/1118/3002
f 2819/329/3002 2388/1119/3002 2466/1120/3002
f 3092/1121/3725 3093/1123/3725 2886/1122/3725
f 2884/28/3726 2886/1122/3726 2885/137/3726
f 3094/1124/3727 2888/1126/3730 2848/1083/3728
f 2888/1126/3730 2887/1128/6202 2847/1125/3731
f 3095/1127/3732 2890/1129/3734 2888/1126/3733
f 2890/1129/3734 2889/1131/6203 2887/1128/3735
f 3096/1130/3736 2892/1132/3738 2890/1129/3737
f 2892/1132/3738 2891/1134/3739 2889/1131/3739
f 3097/1133/3740 2894/1135/3742 2892/1132/3741
f 2894/1135/3743 2893/3591/3744 2891/1134/3744
f 3098/1137/3745 2896/1140/3745 2894/1136/3745
f 2896/1140/3746 2895/1142/3747 2893/1139/3747
f 3099/1141/3748 2898/1143/3751 2896/1140/3749
f 2898/1143/3751 2897/3296/6204 2895/1142/3752
f 3099/1141/3753 3100/1145/6205 2900/1144/3754
f 2898/1143/3755 2900/1144/3754 2899/1146/3756
f 3100/1145/3758 3101/1148/6206 2902/1147/3759
f 2900/1144/3760 2902/1147/3759 2901/1149/3761
f 3101/1148/3763 3102/1151/3763 2904/1150/3764
f 2902/1147/3765 2904/1150/3764 2903/1152/3766
f 3102/1151/3768 3103/1154/6207 2906/1153/3769
f 2904/1150/3770 2906/1153/3769 2905/1155/3771
f 3103/1154/3773 3104/1157/3773 2908/1156/3774
f 2906/1153/3775 2908/1156/3774 2907/1158/3776
f 3104/1157/3778 3105/1160/6208 2910/1159/3779
f 2908/1156/3780 2910/1159/3779 2909/1161/3781
f 3447/1162/3783 3125/265/3783 2972/192/3784
f 3445/1163/3785 2972/192/3784 2971/193/3786
f 3478/1164/3788 2886/1122/3791 3093/1123/3789
f 3479/139/2947 2885/137/2946 2886/1122/3791
f 3126/973/3792 3127/506/6209 2976/969/3793
f 2974/972/3654 2976/969/3793 2975/132/3794
f 2384/446/3660 2918/974/3795 2968/980/3661
f 2918/974/3795 2917/976/3662 2967/1166/3662
f 2383/432/3796 2916/981/3798 2912/1060/3797
f 2916/981/3798 2915/982/3799 2911/1059/3799
f 2397/1167/3800 2759/954/3800 3055/958/3801
f 2398/866/3802 2546/1168/6210 3054/83/3803
f 2518/1169/3099 3053/447/3098 2990/245/3098
f 2513/1171/3013 3052/246/3013 3051/433/3013
f 2512/1172/3013 3051/433/3013 2989/247/3013
f 2508/194/2894 3050/58/2894 3043/398/2894
f 2504/239/3804 3049/15/3804 2992/18/3805
f 2506/382/2894 3048/393/2894 3006/371/3079
f 2382/419/2875 2988/19/2875 3047/22/2875
f 2497/388/2894 3046/399/2894 3042/395/2894
f 2991/16/2874 3045/21/2874 2494/234/2874
f 2491/1174/2894 3044/404/2894 3041/392/2894
f 2488/425/2894 3043/398/2894 3046/399/2894
f 2487/415/2894 3042/395/2894 4479/396/2894
f 2486/405/2894 3041/392/2894 3048/393/2894
f 3039/372/3081 3040/374/2944 2477/1175/2944
f 3038/369/3080 3039/372/3081 2478/368/3081
f 3006/371/3079 3038/369/3080 2479/366/3080
f 2470/1176/3806 3037/360/6211 2993/361/3806
f 2767/358/3807 2791/773/3807 2271/1177/3807
f 2466/1120/3070 3036/351/3069 2994/352/3070
f 2271/1177/3808 2460/339/3808 3111/1178/3808
f 2462/221/2879 3035/33/2879 3034/335/2879
f 2389/1179/2880 2456/324/2880 3033/34/2880
f 2390/219/2881 2453/316/2881 3032/37/2881
f 2391/216/2882 2450/308/2882 3031/40/2882
f 2394/1180/2885 2447/297/2885 3030/47/2885
f 2395/206/3810 2444/288/6212 3029/50/3811
f 2263/1173/3014 2989/247/3014 2987/248/3014
f 2264/1170/3013 2990/245/3013 3052/246/3013
f 3480/136/2944 3028/129/2944 2428/147/2944
f 2427/947/2937 2428/147/2937 3028/129/2937
f 2426/946/2936 2427/947/2936 3027/127/2936
f 2425/949/2935 2426/946/2935 3026/125/2935
f 2424/948/2934 2425/949/2934 3025/123/2934
f 2423/152/2933 2424/948/2933 3024/121/2933
f 2422/154/2932 2423/152/2932 3023/119/2932
f 2421/156/2931 2422/154/2931 3022/117/2931
f 2420/158/2930 2421/156/2930 3021/115/2930
f 2419/160/2929 2420/158/2929 3020/113/2929
f 2418/162/2927 2419/160/2927 3019/111/2927
f 2417/164/2926 2418/162/2926 3018/109/2926
f 2416/1181/2925 2417/164/2925 3017/107/2925
f 2416/1182/2924 3016/104/2924 3015/102/2924
f 2415/165/2923 3015/102/2923 3014/100/2923
f 2414/168/2922 3014/100/2922 3013/98/2922
f 2413/170/2921 3013/98/2921 3012/96/2921
f 2412/172/2920 3012/96/2920 3011/94/2920
f 2411/174/2919 3011/94/2919 3010/92/2919
f 2410/176/2918 3010/92/2918 3009/90/2918
f 2409/178/3812 3009/90/2915 3008/87/2917
f 2408/180/3814 3008/87/2912 3007/88/2914
f 2546/1168/3816 2400/864/3817 3007/85/3817
f 2398/866/3818 3005/56/2891 3178/57/2893
f 2396/204/3820 2397/201/6213 3004/54/3821
f 2444/288/3822 2396/204/3822 3003/52/3823
f 2447/297/2885 2395/206/2885 3002/49/2885
f 2393/212/2884 2394/209/2884 3001/46/2884
f 2392/214/2883 2393/212/2883 3000/44/2883
f 2450/308/2882 2392/214/2882 2999/42/2882
f 2453/316/2881 2391/216/2881 2998/39/2881
f 2456/324/2880 2390/219/2880 2997/36/2880
f 2389/1179/2879 2996/32/2879 3035/33/2879
f 3470/1183/3824 2387/228/3824 2994/27/3824
f 2500/232/2875 3047/22/2875 2987/248/2875
f 3045/21/2874 2988/19/2874 2382/419/2874
f 2379/237/3825 2992/18/6074 2991/16/2871
f 2380/1184/3827 2993/14/3828 3049/15/3828
f 2376/841/3829 3127/506/6214 3126/973/3829
f 3481/1165/3831 3093/1123/6215 2360/797/3832
f 2374/267/3834 3125/265/6216 3447/1162/3834
f 2373/1186/3836 3105/1160/3837 3104/1157/3837
f 2372/858/3839 3104/1157/3839 3103/1154/3839
f 2371/848/3840 3103/1154/3841 3102/1151/3841
f 2370/816/3842 3102/1151/6217 3101/1148/3843
f 2369/829/3844 3101/1148/3846 3100/1145/3845
f 2368/842/3847 3100/1145/6218 3099/1141/3848
f 2366/1187/3850 2367/854/3850 3099/1141/3850
f 2365/1188/3852 2366/1187/3852 3098/1137/3852
f 2364/836/3853 2365/1189/3854 3097/1133/3854
f 2363/847/3856 2364/836/3856 3096/1130/3856
f 2362/817/3857 2363/847/3858 3095/1127/3858
f 2361/818/3859 2362/817/6219 3094/1124/3860
f 2357/754/3862 2360/797/3862 3093/1123/3862
f 2465/357/3863 2271/1177/3863 3060/1190/3863
f 2995/1027/2879 2388/1119/2879 2461/331/2879
f 2349/811/2951 2351/762/3724 3090/333/2951
f 2347/804/2952 2349/811/2952 3089/1117/2952
f 2345/776/2954 2347/804/2954 3088/1115/2954
f 2343/790/2955 2345/776/2955 3087/1113/2955
f 2341/1191/2956 2343/790/2956 3086/1111/2956
f 2339/1192/2957 2341/1191/2957 3085/1109/2957
f 2337/1193/2958 2339/1192/2958 3084/1106/2958
f 2337/1194/2959 3083/1102/2959 3082/1100/2959
f 2335/1195/2960 3082/1100/2960 3081/1098/2960
f 2333/1196/2961 3081/1098/2961 3080/1096/2961
f 2331/1197/2962 3080/1096/2962 3079/1094/2962
f 2329/1198/2963 3079/1094/2963 3078/1092/2963
f 2327/779/2964 3078/1092/2964 3077/1090/2964
f 2325/791/2965 3077/1090/2965 3076/1088/2965
f 2323/813/3864 3076/1088/3719 3075/1085/3721
f 2293/808/3866 3075/1085/3714 3072/1086/3716
f 2297/830/3868 2361/818/3868 3074/1080/3868
f 2509/1199/3869 2297/1200/3869 3073/1077/3869
f 3166/1201/3870 2291/874/6220 3070/965/3871
f 2287/878/3872 2289/877/3872 3069/1074/3872
f 2443/290/3873 2287/878/3873 3068/1072/3873
f 2446/300/3874 2285/879/3875 3067/1053/3875
f 2281/1202/3877 2283/880/3877 3066/1049/3877
f 2279/311/3879 2281/1203/3879 3065/1068/3879
f 2449/1204/3880 2279/311/3881 3064/1066/3881
f 2452/1205/3883 2277/1206/3885 3063/1045/3884
f 2455/1207/3886 2275/1208/3886 3062/1041/3887
f 2459/336/3889 2273/889/3889 3061/1209/3889
f 3036/351/3069 2466/1120/3070 2388/1119/3070
f 3475/1210/3891 2269/1211/3891 3059/1063/3892
f 2498/1212/3667 3141/1058/3667 3133/3/3667
f 3140/1002/3893 3134/995/3893 2253/1213/3893
f 2251/1215/3894 2258/1216/6221 3057/987/3894
f 2259/1217/3895 3058/1021/3895 3123/989/3895
f 2285/879/3896 2443/290/3896 3106/1055/3897
f 2283/880/3898 2446/300/3874 3107/1051/3876
f 2277/1206/3899 2449/1204/3899 3108/1047/3900
f 2275/1208/3901 2452/1205/3901 3109/1043/3902
f 2273/1219/3903 2455/1207/3903 3110/1039/3903
f 2766/340/3904 2460/339/6222 2271/1177/3904
f 2460/339/3905 2459/336/3905 3112/1220/3905
f 2469/1221/3906 2468/1222/3907 3115/1020/3907
f 2269/1223/3908 2465/357/3908 3113/1224/3908
f 2469/896/3909 3114/3592/3909 3058/1225/3909
f 2468/1222/3910 2467/575/3911 3116/1019/3911
f 2295/1227/3912 3071/993/3912 3137/1017/3913
f 2474/1228/3913 3137/1017/3913 3138/1014/3914
f 2475/1229/3914 3138/1014/3914 3139/1012/3915
f 2503/1230/3869 2485/1231/3869 3117/1008/3869
f 4474/1232/3869 2484/1233/3869 3118/1000/3869
f 2496/1234/3869 2483/1235/3869 3119/985/3869
f 2485/1231/3869 2490/1236/3869 3120/1007/3869
f 3056/1004/3893 3140/1002/3893 2492/1214/3893
f 2484/1233/3869 2496/1234/3869 3121/999/3869
f 2253/1213/3667 3134/995/3667 3141/1058/3667
f 2295/1227/3912 2503/1230/3869 3122/992/3869
f 2258/1216/3917 2501/1218/6223 3123/989/3917
f 2483/1235/3869 2509/1199/3869 3124/984/3869
f 2533/833/3918 3126/973/6224 3125/265/3918
f 2536/826/3920 3128/496/3155 3129/507/3169
f 3072/968/3643 3131/964/3642 2755/872/3921
f 2755/872/3923 3131/964/3637 3070/965/3639
f 2289/1237/3925 2757/1238/3925 3132/961/3925
f 2980/971/3648 2976/969/3647 3127/506/3926
f 2982/1239/3154 2978/970/3649 3128/496/3651
f 2969/450/3101 3144/449/3101 3136/5/3101
f 2967/1166/2867 3143/6/2867 3142/436/2867
f 2965/979/2867 3142/436/2867 3135/2/2867
f 2917/976/2867 3136/5/2867 3143/6/2867
f 2915/982/2866 3135/2/2866 3133/3/2866
f 3116/1019/3929 3147/576/3929 3146/1240/3929
f 3139/1012/3915 3154/1245/4099 3148/1241/3930
f 3040/374/2944 3153/1247/2944 3150/1243/2944
f 2944/367/3078 3152/1246/3934 3151/1244/3931
f 2943/1015/3675 3151/1244/3931 3154/1245/3932
f 2477/1175/3933 3150/1243/4101 3152/1246/3934
f 2471/1248/2944 3149/1420/2944 3153/1247/2944
f 2757/1238/3935 3166/1201/3870 3179/1075/3706
f 3156/197/3819 3178/57/2893 3055/958/3937
f 3176/1076/3708 3177/199/2988 2985/955/3939
f 3132/961/3936 3179/1075/3706 3176/1076/3708
f 2548/1249/3940 3157/611/3624 3167/607/3626
f 2550/1250/3941 3158/606/3272 3168/604/3271
f 2555/595/3262 2554/1251/6121 3161/599/3264
f 2556/1252/3942 3162/596/3261 3170/592/3258
f 2558/1253/3943 3163/591/3618 3171/586/3254
f 2560/1254/3944 3164/585/3252 3172/950/3614
f 2561/803/3945 3172/950/3614 3173/772/3616
f 2564/792/3947 3174/783/3947 3175/945/3947
f 2783/1255/3949 3157/611/3276 3166/612/3278
f 2784/1257/3951 3158/606/3272 3167/607/3274
f 2785/881/3953 3159/602/3269 3168/604/3271
f 2786/1258/3954 3160/600/3267 3159/602/3269
f 2787/884/3621 3161/599/3264 3160/600/3266
f 2788/320/3956 3162/596/3261 3169/597/3263
f 2789/327/3957 3163/591/3256 3170/592/3258
f 2790/337/3958 3164/585/3252 3171/586/3254
f 3177/199/2988 3156/197/2987 2759/954/3959
f 3178/57/2893 3155/55/2892 2756/957/3631
f 3469/1260/3960 2360/1261/3960 2565/793/3961
f 3483/1262/3963 3180/1264/3963 3181/1263/3963
f 2476/1265/82 3148/1266/82 3181/1263/82
f 3182/376/82 3181/1263/82 3180/1264/82
f 3484/1268/3964 3183/1269/3964 3180/1264/3965
f 2566/1267/3966 3180/1264/3966 3183/1269/3966
f 3475/1270/3967 3145/1271/6225 3183/1269/3967
f 2769/574/3969 3183/1269/3971 3145/1271/3970
f 2781/613/3972 3198/876/3972 3184/190/3972
f 4537/1272/670 4500/1274/670 4506/1273/670
f 2529/1276/3973 3197/187/6226 3196/1275/3974
f 2530/1277/3975 3196/1275/3974 3448/1278/3976
f 2524/1280/3978 3195/185/3978 3194/464/3978
f 2525/1281/3979 3194/464/6227 3191/186/3979
f 2309/936/3980 3185/189/3980 3184/190/3981
f 2311/1283/3982 3186/188/3984 3185/189/3983
f 2313/1284/3985 3187/1285/3986 3186/188/3986
f 2314/1286/3987 3188/3593/3988 3187/1285/3988
f 2315/1288/3989 3189/1290/3989 3188/1287/3989
f 2316/1291/3991 3190/1360/6228 3189/1290/3991
f 2317/1282/3992 3191/186/2973 3197/187/2975
f 2319/1292/3994 3192/184/3994 3195/185/3995
f 2257/11/3996 3193/12/3996 3192/184/3996
f 3186/1293/3997 3203/1295/3997 3200/1294/3998
f 3204/1297/3999 3203/3594/4000 3186/1296/4000
f 3209/1300/4002 3208/1359/4002 3196/1299/4002
f 3205/1302/4003 3204/1297/3999 3187/1298/4001
f 3201/1305/4005 3202/1315/4006 2531/1304/4006
f 3449/1308/4002 3207/1316/4014 3190/1307/4007
f 3206/1310/4008 3205/1302/4003 3188/1303/4004
f 2405/1312/4010 3200/1294/6229 3199/1313/4010
f 3202/1315/4011 3209/3595/4012 3197/1314/4012
f 3207/1316/4014 3206/1310/4008 3189/1311/4009
f 3222/1317/4017 3223/3596/6230 2795/571/6231
f 2795/571/6231 2772/563/4015 3222/1317/4017
f 3212/1318/4019 3210/901/6172 2251/902/3564
f 2251/902/3564 2492/1320/4020 3212/1318/4019
f 2492/1320/4020 3254/3553/6173 3255/1319/4018
f 3234/1321/4021 3233/3597/6232 2794/564/4024
f 2794/564/4024 2793/572/4021 3234/1321/4021
f 3274/3598/6233 3276/3483/6234 2797/566/4022
f 2797/566/4022 2770/567/4022 3265/1323/4022
f 2770/567/4022 3256/3477/4022 3257/3600/4022
f 2770/567/4022 3257/3600/4022 3261/3601/4022
f 3275/3599/6233 3274/3598/6233 2797/566/4022
f 3278/3603/4022 3275/3599/6233 2797/566/4022
f 2770/567/4022 3261/3601/4022 3263/3602/4022
f 2770/567/4022 3263/3602/4022 3265/1323/4022
f 3269/1322/4022 3278/3603/4022 2797/566/4022
f 3226/1324/4023 3225/3302/4016 2772/563/4015
f 2772/563/4015 2794/564/4024 3226/1324/4023
f 2794/564/4024 3233/3597/6232 3229/1325/4023
f 3213/3304/4026 3215/3478/6100 2796/411/4027
f 2796/411/4027 2795/571/6231 3217/1326/4025
f 2795/571/6231 3223/3596/6230 3219/3604/4026
f 3217/1326/4025 2795/571/6231 3219/3604/4026
f 3374/3306/4029 3382/3605/6235 2516/1335/4030
f 2516/1335/4030 2517/1329/4029 3373/3305/4028
f 2517/1329/4029 3367/3583/4029 3369/1328/4029
f 3370/1327/6236 2517/1329/4029 3369/1328/4029
f 3370/1327/6236 3371/3607/6236 2517/1329/4029
f 3371/3607/6236 3372/3606/4029 2517/1329/4029
f 3372/3606/4029 3373/3305/4028 2517/1329/4029
f 3417/3608/6237 3416/3513/4031 2803/545/4031
f 2803/545/4031 2802/546/6238 3409/3609/6238
f 2802/546/6238 3402/3611/6238 3401/1331/6238
f 3401/1331/6238 3397/1330/6238 2802/546/6238
f 3397/1330/6238 3398/3610/6238 2802/546/6238
f 3409/3609/6238 2802/546/6238 3398/3610/6238
f 3405/3308/4031 3417/3608/6237 2803/545/4031
f 3409/3609/6238 3406/3307/4031 2803/545/4031
f 3345/3612/4032 3396/3313/4044 2798/561/4043
f 2771/562/4032 3328/3479/4032 3326/3616/4032
f 2771/562/4032 3326/3616/4032 3325/3617/4032
f 3345/3612/4032 2798/561/4043 2771/562/4032
f 3343/3614/4032 3344/3613/4032 2771/562/4032
f 3344/3613/4032 3345/3612/4032 2771/562/4032
f 3338/3615/4032 3343/3614/4032 2771/562/4032
f 2771/562/4032 3325/3617/4032 3329/3619/4032
f 2771/562/4032 3329/3619/4032 3335/3620/4032
f 3339/3618/4032 3338/3615/4032 2771/562/4032
f 2771/562/4032 3335/3620/4032 3336/3623/6239
f 2771/562/4032 3336/3623/6239 3337/3624/4032
f 3340/3621/4032 3339/3618/4032 2771/562/4032
f 3341/3622/4032 3340/3621/4032 2771/562/4032
f 2771/562/4032 3337/3624/4032 3333/1333/4032
f 2771/562/4032 3333/1333/4032 3334/1332/4032
f 3342/3309/4032 3341/3622/4032 2771/562/4032
f 3379/3310/4033 3378/915/6188 2516/1335/4030
f 3378/915/6188 2255/916/3574 2516/1335/4030
f 2516/1335/4030 3382/3605/6235 3381/1334/4033
f 2516/1335/4030 3381/1334/4033 3380/1336/4033
f 3349/1337/4036 3402/3611/6240 2802/546/6240
f 2802/546/6240 2801/548/4034 3349/1337/4036
f 3348/1338/4035 2801/548/4034 2776/550/4037
f 3393/1341/4039 3392/3625/6241 2510/1340/4042
f 2510/1340/4042 2511/1339/3572 3393/1341/4039
f 2511/1339/3572 3395/3582/6187 3394/3312/4040
f 3389/1342/4041 3390/3577/6184 2254/3572/6182
f 2254/3572/6182 2510/1340/4042 3389/1342/4041
f 2510/1340/4042 3392/3625/6241 3391/1343/4041
f 3386/1344/4045 3385/3507/6242 2799/439/6243
f 2799/439/6243 2798/561/4043 3386/1344/4045
f 3403/3315/4046 3407/3589/4046 2524/1347/4046
f 3407/3589/4046 2319/925/4046 2524/1347/4046
f 2524/1347/4046 3423/3516/4046 3424/3627/6244
f 3412/1346/6244 2524/1347/4046 3424/3627/6244
f 3413/1345/4046 3415/3626/4046 2524/1347/4046
f 3415/3626/4046 3404/3314/4046 2524/1347/4046
f 2524/1347/4046 3412/1346/6244 3413/1345/4046
f 3363/1348/4047 3364/3509/6104 2800/452/3103
f 2800/452/3103 2774/442/3094 3363/1348/4047
f 2542/140/164 2306/141/164 2547/1349/164
f 2596/1350/164 2595/1352/164 2536/1351/164
f 2595/1352/164 2594/1354/164 2539/1353/164
f 2594/1354/164 2593/1356/164 2376/1355/164
f 2593/1356/164 2592/1357/164 2533/143/164
f 2592/1357/164 2591/1358/164 2374/145/164
f 3208/1359/4002 3449/1308/4002 3448/1309/4002
f 3437/1279/3977 3448/1278/3976 3190/1360/4048
f 3438/839/4049 3447/1162/6245 3105/1160/4050
f 2910/1159/4052 3445/1163/4055 3446/1361/4053
f 3105/1160/4054 3447/1162/6246 3445/1163/4055
f 3437/929/3585 3444/533/3584 2780/481/3133
f 2737/859/4056 3443/668/4056 3438/839/4056
f 2591/1362/4057 2749/1363/4057 3442/688/4058
f 2621/1364/4059 3441/690/6130 3442/688/3322
f 2737/859/4060 2610/462/6247 3440/670/4061
f 3441/634/82 3440/632/82 2610/649/82
f 3444/533/3193 3439/532/3192 2590/938/4062
f 3438/1365/164 2374/145/164 2591/1358/164
f 3439/1366/164 2590/1368/164 2373/1367/164
f 2372/1369/82 2589/937/82 2590/938/82
f 2371/1371/82 2588/939/82 2589/937/82
f 2370/1372/82 2587/539/82 2588/939/82
f 2369/1373/82 2586/940/82 2587/539/82
f 2368/1374/82 2585/941/82 2586/940/82
f 2367/1375/82 2584/544/82 2585/941/82
f 2366/844/82 2583/547/82 2584/544/82
f 2365/822/82 2582/549/82 2583/547/82
f 2365/822/82 2364/1376/82 2581/942/82
f 2364/1376/82 2363/1377/82 2580/555/82
f 2363/1377/82 2362/1378/82 2579/943/82
f 2362/1378/82 2361/1379/82 2578/944/82
f 2361/1379/82 2297/1380/82 2577/431/82
f 2354/755/2878 2357/754/2878 3092/1121/2878
f 2351/762/2950 2354/755/2950 3091/29/2950
f 3450/1381/4063 2768/1383/4063 2269/1382/4064
f 3175/1388/4065 3452/1389/6248 4394/1386/4065
f 4394/1386/4065 3450/1385/6249 2768/1384/4065
f 3453/1387/4066 3452/1389/4066 3175/1388/4066
f 3453/1387/4067 2565/1391/4067 2360/1390/4067
f 3451/1392/670 3450/1381/670 3059/1393/670
f 4395/1395/1185 4394/1386/1185 3452/1389/1185
f 3453/1387/4068 3455/1396/4068 3454/1394/4068
f 3453/1387/4069 3093/3316/4069 2886/1397/4069
f 3455/1396/4071 2886/1397/4071 2885/1398/4071
f 3457/1400/4072 3454/1394/6250 3455/1396/4072
f 4396/1401/4073 4395/1395/4073 3454/1394/4074
f 2818/1062/155 3451/3004/155 3458/1402/155
f 3459/1403/4075 3456/1399/4076 2885/1398/4076
f 3456/1399/1195 3459/1403/1195 3460/1404/1195
f 3457/1400/4078 3460/1404/6251 4397/1405/4078
f 2817/229/4079 3458/1402/4079 3461/1406/4079
f 3459/1408/4080 2428/3628/4080 3028/1407/4081
f 3460/1404/4082 3459/1403/4082 3462/1410/4082
f 3460/1404/4083 3463/1416/6252 4398/1411/4083
f 2387/228/4084 3461/1406/6253 3464/1412/4085
f 3462/1409/4087 3028/1407/4088 2359/1413/4088
f 3462/1410/155 3465/3629/155 3466/1415/155
f 3463/1416/1208 3466/1415/1208 4399/1417/1208
f 2994/27/4086 3464/1412/4085 3467/1418/4089
f 2269/1223/4091 3475/1270/4091 3484/1268/4092
f 2768/356/4093 3484/1268/4093 3483/1262/4094
f 3175/945/4095 3483/1262/4095 3482/1419/4095
f 3148/1266/4096 3469/1260/6254 3482/1419/4097
f 3145/577/4098 3475/1210/6255 3474/1061/4098
f 3154/1245/4099 3481/1165/3831 3469/1185/3833
f 3153/1247/2944 3480/136/2944 3477/138/2944
f 3152/1246/3934 3479/139/2947 3478/1164/3788
f 3151/1244/3931 3478/1164/3788 3481/1165/3790
f 3147/576/4100 3474/1061/4100 3471/1064/4100
f 3150/1243/4101 3477/138/2945 3479/139/2947
f 3149/1420/2944 3476/135/2944 3480/136/2944
f 2910/1421/155 2909/1423/155 2373/1422/155
f 3486/1425/4102 3488/1698/4103 4049/1424/4103
f 3667/1428/4105 3489/1709/4106 4050/1427/4106
f 3673/1431/4107 3490/1435/4107 3569/1430/4107
f 3570/1475/6256 3569/1430/4108 4105/1433/4108
f 3569/1430/4108 3490/1435/4108 4105/1433/4108
f 3658/1437/4109 3502/1619/4109 3966/1436/4109
f 3964/1439/4110 3494/1441/4111 3501/1440/4111
f 3961/1443/4113 3496/3326/6257 3649/1442/4114
f 3980/1445/4116 3960/1447/4818 3495/1446/4117
f 4471/1448/4119 4377/1450/6258 3504/1449/4120
f 3585/1566/4123 3664/1499/4792 3983/1451/4124
f 3983/1451/4124 4438/1453/4325 3521/1452/4122
f 4438/1453/4325 3663/3630/6259 3521/1452/4122
f 3523/1455/4125 3525/3631/4125 3602/1454/4126
f 3525/1458/4127 3526/3141/4128 3603/1457/4128
f 3702/1461/4129 3605/3323/4129 3527/1460/4129
f 3530/1464/4130 3532/3632/4130 3588/1463/4131
f 3532/1467/4133 3534/3633/4134 3589/1466/4134
f 3684/1470/4135 3540/1718/4136 3590/1469/4135
f 3679/1473/4137 3542/1476/4138 3591/1472/4138
f 3570/1475/4140 3591/1472/4140 3542/1476/4140
f 3946/1477/4141 3690/1479/6260 3600/1478/4142
f 3601/1456/4144 3602/1454/4144 3598/1480/4144
f 4440/1482/4145 4389/2135/4814 3969/1484/4814
f 3969/1484/4814 3543/1483/4145 4440/1482/4145
f 3584/1486/4146 3592/3634/6261 3856/1485/4147
f 4105/1433/4148 4104/1488/4148 3591/1472/4148
f 3683/1474/4149 3591/1472/4149 4104/1488/4149
f 3687/1471/4150 3590/1469/4150 4103/1490/4150
f 4097/1492/4151 3588/1468/4153 3589/1466/4152
f 3587/1465/4154 3588/1463/4154 4097/1493/4155
f 3597/1495/4157 3596/1497/4224 3945/1496/4158
f 3664/1499/4159 3585/1566/4160 3852/1498/4160
f 4069/1502/4162 3582/1847/6262 3846/1501/4163
f 3842/1504/4165 3580/1506/4166 3581/1505/4166
f 3892/1507/4168 3607/1508/6263 3580/1506/4169
f 3894/1509/4171 3609/1511/4239 3579/1510/4172
f 3836/1512/4174 3577/1514/4174 3578/1513/4175
f 3834/1515/4176 3576/1516/6264 3577/1514/4177
f 3896/1517/4178 3611/1519/4244 3576/1518/4179
f 3898/1520/4181 3613/1522/4249 3575/1521/4182
f 3900/1523/4184 3615/1525/4254 3574/1524/4185
f 3619/1527/4187 3573/1596/6265 3828/1526/4188
f 3906/1529/4190 3826/1531/4190 3827/1530/4191
f 4381/1532/4192 4379/1534/4194 3571/1533/4193
f 3931/1535/4195 3885/1537/6266 3565/1536/4196
f 3887/1539/4198 3566/2121/4198 3650/1538/4198
f 3818/1541/4199 3562/1543/4200 3563/1542/4200
f 3660/1545/4202 3564/1614/6267 3822/1544/4202
f 3569/1430/4203 3570/1475/6268 3500/1547/4204
f 3677/1432/4206 3569/1430/6269 3499/1548/4207
f 3671/1551/4209 3568/1706/6270 3963/1550/4210
f 3565/1554/4212 3567/1695/4212 3962/1553/4213
f 3526/1556/4214 3527/3330/4214 3605/1555/4215
f 3605/3323/4218 3702/1461/4218 4110/1560/4216
f 4110/1560/4216 3703/1559/4217 3528/1558/4217
f 3523/1562/4219 3601/1577/4220 3604/1561/4220
f 3586/1481/4221 3598/1480/4221 3524/1564/4222
f 3585/1566/4223 3521/1452/4223 3594/1567/4223
f 3596/1497/4224 3595/3635/6271 4039/1568/4225
f 3597/1495/4227 3852/1498/6272 3585/1566/4227
f 3852/1571/6273 3944/1569/4228 4355/3636/4228
f 3852/1571/6273 4355/3636/4228 3882/3639/4228
f 3862/3638/4228 3860/3637/4228 3854/1574/4228
f 3854/1574/4228 3852/1571/6273 3880/3640/4228
f 3852/1571/6273 3882/3639/4228 3880/3640/4228
f 3880/3640/4228 3878/1573/4228 3854/1574/4228
f 3878/1573/4228 3876/3645/4228 3872/3643/4228
f 3854/1574/4228 3878/1573/4228 3868/1575/4228
f 3864/3324/4228 3862/3638/4228 3854/1574/4228
f 3868/1575/4228 3866/3641/4228 3864/3324/4228
f 3872/3643/4228 3870/3642/4228 3878/1573/4228
f 3870/3642/4228 3868/1575/4228 3878/1573/4228
f 3876/3645/4228 3874/3644/4228 3872/3643/4228
f 3594/1567/4229 3526/1556/4229 3603/1557/4230
f 3601/1577/4231 3586/3646/4232 3597/1576/4232
f 3840/1578/4233 3579/1510/6274 3607/1508/4234
f 3606/1580/4236 3513/2169/4236 3790/1579/4237
f 3838/1582/4238 3578/1513/4238 3609/1511/4239
f 3608/1584/4240 3512/1854/4242 3791/1583/4241
f 3832/1586/4243 3575/1521/6275 3611/1519/4244
f 3769/1587/4245 3610/1589/4247 3509/1588/4246
f 3830/1590/4248 3574/1524/6276 3613/1522/4249
f 3770/1591/4250 3612/1593/4250 3508/1592/4251
f 2652/750/4252 2700/748/4252 3760/1594/4252
f 3828/1526/4253 3573/1596/6277 3615/1525/4254
f 3771/1597/4255 3614/1599/4256 3507/1598/4256
f 3826/1531/4257 3902/1601/4261 3903/1600/4258
f 3618/1602/4260 3619/1527/4187 3904/1528/4189
f 3616/1604/4262 3506/3333/4262 3797/1603/4262
f 3617/1606/4263 3616/1604/4263 3772/1605/4263
f 2650/1609/4264 3759/1834/4264 3758/1608/4264
f 3571/1611/4265 3622/2062/4266 3906/1529/4265
f 3564/1614/4267 3626/2131/4267 3908/1613/4267
f 3775/1615/4268 3503/1617/4268 3621/1616/4268
f 3502/1619/4269 3620/3647/6278 3970/1618/4270
f 3913/1621/4272 3635/1623/4276 3583/1620/4273
f 3915/1624/4275 3634/1625/4278 3635/1623/4276
f 3917/1626/4277 3633/2129/4941 3634/1625/4278
f 4428/1628/4279 3629/1630/4279 3519/1627/4280
f 4429/1631/4281 3628/1632/4281 3629/1630/4282
f 4430/1633/4283 3627/3352/4283 3628/1632/4281
f 3723/1637/4286 3722/1793/4284 4094/1636/4284
f 4094/1636/4284 3632/1635/4284 3631/1634/4285
f 3723/1637/4286 3631/1634/4285 3630/1638/4287
f 3630/1638/4287 3518/1682/4321 3725/1639/4289
f 3662/1642/4290 3642/1665/4290 3918/1641/4291
f 4482/1645/4290 3643/1672/4290 3920/1644/4291
f 3653/1648/4290 3644/1687/4290 3922/1647/4291
f 3661/1651/4292 3636/1663/6279 4432/1650/4293
f 4481/1654/4294 3637/1671/4294 4433/1653/4295
f 3651/1657/4294 3638/1688/4294 4434/1656/4295
f 3659/1660/4297 3641/1667/4302 3726/1659/4298
f 3636/1663/4300 3645/3132/4294 4435/1662/4294
f 3642/1665/4290 3647/2123/4290 3924/1664/4291
f 3641/1667/4302 3646/1785/4303 3727/1666/4303
f 3927/1540/4304 3650/1538/6280 3562/1543/4305
f 3978/1444/4115 3649/1442/4114 3494/1441/4307
f 4485/1670/4310 3777/1784/4310 4171/1669/6281
f 3777/1784/4310 4169/3648/6281 4171/1669/6281
f 4171/1669/6281 4172/1668/4311 4485/1670/4310
f 4127/3325/4311 4128/3649/6282 3803/1788/4309
f 4172/1668/4311 4127/3325/4311 4485/1670/4310
f 3637/1671/4294 3651/1657/4294 4436/1658/4295
f 3643/1672/4290 3653/1648/4290 3928/1649/4291
f 3640/1674/4312 3652/1782/4326 3729/1673/4313
f 3931/1535/4195 3656/3322/4197 3566/1676/4315
f 3961/1443/4317 3980/1445/4116 3655/1678/4118
f 3804/1783/4319 3778/1779/6283 4241/3650/4320
f 4241/3650/4320 4240/3670/4320 4244/3655/4319
f 4241/3650/4320 4244/3655/4319 3804/1783/4319
f 4244/3655/4319 4243/3652/4319 3804/1783/4319
f 4189/3651/4319 3804/1783/4319 4243/3652/4319
f 4189/3651/4319 4243/3652/4319 4245/3658/4319
f 4199/3657/4319 4200/3656/4319 4233/3654/4319
f 4200/3656/4319 4190/3653/4319 4233/3654/4319
f 4236/3663/4319 4189/3651/4319 4237/3659/4319
f 4190/3653/4319 4189/3651/4319 4233/3654/4319
f 4189/3651/4319 4245/3658/4319 4237/3659/4319
f 4197/3661/4319 4198/3660/4319 4232/3662/4319
f 4198/3660/4319 4199/3657/4319 4233/3654/4319
f 4197/3661/4319 4232/3662/4319 4186/3665/4319
f 4189/3651/4319 4236/3663/4319 4235/3664/4319
f 4189/3651/4319 4235/3664/4319 4234/3671/4319
f 4186/3665/4319 4232/3662/4319 4231/3667/4319
f 4193/3672/4319 4195/3668/4319 4230/3669/4319
f 4195/3668/4319 4196/3666/4319 4230/3669/4319
f 4196/3666/4319 4186/3665/4319 4231/3667/4319
f 4189/3651/4319 4234/3671/4319 4233/3654/4319
f 4194/3673/4319 4193/3672/4319 4230/3669/4319
f 4230/3669/4319 4196/3666/4319 4231/3667/4319
f 4233/3654/4319 4232/3662/4319 4198/3660/4319
f 4192/3676/4319 4194/3673/4319 4230/3669/4319
f 4230/3669/4319 3654/1681/4319 4185/1679/4319
f 4192/3676/4319 4230/3669/4319 4185/1679/4319
f 3654/1681/4319 3487/1877/4319 4179/3675/4319
f 3487/1877/4319 4181/3674/4319 4179/3675/4319
f 3654/1681/4319 4179/3675/4319 4180/3677/4319
f 3654/1681/4319 4180/3677/4319 4184/3678/4319
f 3654/1681/4319 4184/3678/4319 4183/1680/4320
f 3518/1682/4321 3659/1660/4297 3731/1661/4299
f 3519/1627/4280 3661/1651/4294 4437/1652/4294
f 3583/1620/4273 3662/1642/4290 3932/1643/4291
f 3820/1683/4322 3563/1684/4322 3660/1545/4322
f 3501/1685/4323 3658/1437/4323 3982/1438/4324
f 3644/1687/4290 3664/1499/4159 3936/1500/4161
f 3638/1688/4294 3663/3630/6259 4438/1453/4325
f 3639/1690/4326 3665/1693/4326 3732/1689/4326
f 3665/1693/4327 3520/3362/4327 3733/1692/4327
f 3567/1695/4328 3670/1696/4331 3984/1694/4329
f 3670/1696/4331 3671/1551/4209 3985/1552/4211
f 3488/1698/4332 3666/1699/4333 4056/1697/4333
f 3666/1699/4333 3667/1428/4105 4057/1429/4105
f 4296/1701/4334 4298/3679/6284 3806/1700/4335
f 4297/1703/4336 4296/1701/6285 3780/1702/4337
f 3568/1706/4339 3676/1707/6286 3986/1705/4340
f 3675/1549/4344 3674/2113/4343 3986/1705/4342
f 3986/1705/4342 3676/1707/4343 3677/1432/4343
f 3489/1709/4345 3672/3680/4347 4058/1708/4346
f 3677/1432/4349 3676/1707/4349 3943/1711/4349
f 3942/1710/4350 4058/1708/4348 3673/1431/4348
f 4058/1708/4348 3672/3680/6287 3673/1431/4348
f 3677/1432/4349 3943/1711/4349 3942/1710/4350
f 4278/1713/4351 4277/3681/6288 3807/1712/4352
f 3782/1714/4353 3783/1775/5054 4263/1715/4354
f 3783/1775/5054 4264/2315/6289 4263/1715/4354
f 3590/1469/4355 3682/1717/4355 4106/1716/4355
f 3682/1717/4356 3683/1474/4356 4107/1489/4357
f 3540/1718/4358 3678/1719/4358 3682/1717/4359
f 3678/1719/4360 3679/1473/4137 3683/1474/4139
f 3810/1769/4361 3784/1721/4361 4327/3684/4361
f 3784/1721/4361 4345/3682/4361 4331/3683/4361
f 3784/1721/4361 4331/3683/4361 4332/1720/4361
f 4327/3684/4361 4329/3685/4361 3810/1769/4361
f 4323/3327/4361 4324/3686/4361 3784/1721/4361
f 4324/3686/4361 4327/3684/4361 3784/1721/4361
f 3784/1721/4361 4332/1720/4361 4335/1722/4361
f 3785/1768/4363 3681/1725/4363 4346/3328/4362
f 3681/1725/4363 3680/2326/4363 4336/3687/4363
f 4346/3328/4362 3681/1725/4363 4341/3696/4363
f 4336/3687/4363 4333/3693/4363 3681/1725/4363
f 4333/3693/4363 4334/3694/4363 3681/1725/4363
f 4345/3682/6290 3784/1721/6290 3785/1768/4363
f 4338/3689/4363 4343/3688/4363 3785/1768/4363
f 4343/3688/4363 4345/3682/6290 3785/1768/4363
f 4339/3690/4363 4338/3689/4363 3785/1768/4363
f 4334/3694/4363 4344/3695/4363 3681/1725/4363
f 4342/1724/4363 4340/1723/4363 3681/1725/4363
f 4340/1723/4363 4341/3696/4363 3681/1725/4363
f 4344/3695/4363 4342/1724/4363 3681/1725/4363
f 4347/3329/4363 4348/3692/4363 3785/1768/4363
f 4348/3692/4363 4349/3691/4363 3785/1768/4363
f 4349/3691/4363 4339/3690/4363 3785/1768/4363
f 3685/1727/4364 3539/1900/4534 3811/1726/4365
f 3686/1729/4367 3685/1727/4368 3786/1728/4368
f 3599/1731/4370 3559/1733/6291 3688/1732/4371
f 3690/1479/4372 3688/1732/4371 3561/1734/4373
f 3944/1735/4375 3599/1731/4375 3690/1479/4375
f 3696/1736/4376 3697/1737/4376 3600/1478/4377
f 3605/1555/4379 3528/3697/4379 3955/1739/4379
f 3528/3697/4379 3698/1742/4379 4044/1740/4379
f 3605/1555/4379 3955/1739/4379 3954/1738/4379
f 4044/1740/4379 3955/1739/4379 3528/3697/4379
f 4044/1740/4380 3698/1742/4380 3692/1741/4381
f 3699/1743/4383 3694/1745/4383 3691/1744/4384
f 3697/1737/4376 3696/1736/4376 3693/1746/4384
f 3605/1555/4385 3694/1745/4386 3699/1743/4386
f 3952/1747/4387 3697/1737/4599 3691/1744/4388
f 4043/1749/4390 3695/1751/4918 3560/1750/4391
f 3752/1753/4393 3703/3698/4393 3789/1752/4393
f 3751/1755/4394 3752/1753/4395 3817/1754/4395
f 3750/1757/4396 3751/1755/4396 3816/1756/4397
f 3749/1759/4398 3750/1757/4398 3815/1758/4398
f 3748/1761/4399 3749/1759/4400 3814/1760/4400
f 3747/1763/4401 3748/1761/4402 3813/1762/4402
f 4352/1765/4403 3747/1763/4403 3812/1764/4403
f 3743/1767/4404 3744/1913/6292 3811/1726/4405
f 3740/1770/4407 3741/1915/4553 3810/1769/4408
f 3739/1772/4410 3740/1770/4407 3809/1771/4409
f 3738/1774/4412 3739/1772/4410 3808/1773/4411
f 3781/1704/4414 3735/1777/4557 3736/1776/4415
f 3732/1689/4417 3733/1692/4418 3806/1700/4418
f 3730/1691/4420 3732/1689/4417 3805/1778/4419
f 3725/1639/4422 3731/1661/4433 3779/1780/4423
f 3730/1691/4326 3729/1673/4313 3652/1782/4326
f 3728/1675/4425 3729/1673/4561 3804/1783/4426
f 4484/1786/4428 3727/1666/4303 3646/1785/4303
f 3726/1659/4430 3727/1666/4563 3803/1788/4431
f 3731/1661/4433 3726/1659/4430 3802/1789/4432
f 3724/1640/4434 3725/1639/4422 3801/1781/4424
f 3799/1791/4436 3723/1637/4436 3724/1640/4436
f 3776/1792/4437 3722/1793/4437 3723/1637/4437
f 3623/1794/4438 4030/1796/4438 4061/1795/4438
f 3715/1798/4439 3716/2230/6293 4077/1797/4439
f 3713/1801/4440 3714/2229/4440 4076/1800/4441
f 3711/1804/4442 3712/2228/4442 4075/1803/4442
f 3709/1807/4444 3710/3353/4445 4074/1806/4445
f 3708/1809/4446 3709/1807/4448 4073/1808/4447
f 3707/1811/4449 3708/1809/4450 4072/1810/4450
f 3705/1814/4451 3706/2227/4451 4071/1813/4451
f 3515/1817/4452 3704/2226/4452 4070/1816/4452
f 3789/1820/4454 3703/3699/4455 4110/1819/4455
f 3765/1822/4456 3788/1824/4457 3702/1823/4457
f 2649/1826/4459 3758/3700/4459 3757/1825/4459
f 2648/1829/4460 3757/3701/6294 3756/1828/4460
f 2647/1830/4461 3756/1828/6295 3755/1831/4461
f 2646/1832/4463 3755/1831/4463 2686/780/4463
f 2339/1192/4464 3759/1834/4465 3760/1833/4465
f 2337/1193/4466 3758/1608/6296 3759/1834/4466
f 3757/1835/4467 3758/1608/4467 2337/1193/4468
f 3756/1828/4469 3757/3701/4469 2335/1195/4469
f 3755/1831/4470 3756/1828/4470 2333/1196/4471
f 2331/1197/4472 2329/1198/4473 2686/780/4473
f 3760/1833/4474 2700/789/4474 2343/790/4474
f 2651/1595/4475 3760/1594/4476 3759/1837/4476
f 4086/1839/4477 4078/1841/4478 3798/1840/4477
f 3774/1842/4479 3798/1840/4479 4078/1841/4479
f 3850/1843/4480 3956/1845/4480 3701/1844/4480
f 3582/1847/4482 3701/3702/6297 3956/1846/4483
f 3761/1849/4485 3753/3703/4486 3754/1848/4486
f 3587/1465/4487 3788/1824/4489 3765/1822/4488
f 3529/1851/4490 3789/1820/4492 4111/1821/4491
f 3514/1852/4493 3764/1853/4493 3790/1579/4493
f 3767/1855/4494 3791/1583/4494 3512/1854/4494
f 3768/1585/4495 3792/1859/4497 3511/1857/4496
f 3792/1859/4498 3793/1861/4498 3510/1858/4498
f 3510/1858/4499 3793/1861/4499 3794/1860/4499
f 3610/1589/4500 3769/1587/4501 3795/1862/4501
f 3612/1593/4502 3770/1591/4502 3796/1863/4502
f 3614/1599/4503 3771/1597/6298 3797/1603/4503
f 3623/1864/4505 3776/1792/4505 3799/1791/4505
f 3625/1870/4507 3624/1865/4506 4151/3705/4506
f 3624/1865/4506 3799/1791/4506 4160/3704/4506
f 4150/3706/4507 3624/1865/4506 4148/3709/4506
f 3799/1791/4506 3800/1790/4507 4164/3708/4507
f 3800/1790/4507 4163/2295/4507 4164/3708/4507
f 4152/3707/4507 4151/3705/4506 3624/1865/4506
f 4149/3710/4506 4148/3709/4506 3624/1865/4506
f 4150/3706/4507 4152/3707/4507 3624/1865/4506
f 3799/1791/4506 4164/3708/4507 4162/3712/4506
f 3799/1791/4506 4162/3712/4506 4161/3713/4506
f 4149/3710/4506 3624/1865/4506 4155/3711/4507
f 4155/3711/4507 3624/1865/4506 4154/3714/4506
f 3799/1791/4506 4161/3713/4506 4160/3704/4506
f 4160/3704/4506 4159/3717/4507 3624/1865/4506
f 4159/3717/4507 4157/3716/4506 3624/1865/4506
f 4157/3716/4506 4158/1867/4507 3624/1865/4506
f 4153/3715/4506 3624/1865/4506 4156/1866/4506
f 4153/3715/4506 4154/3714/4506 3624/1865/4506
f 3493/2188/4508 3625/1870/4509 4145/1868/4508
f 3625/1870/4509 4151/3705/4508 4143/3718/4508
f 3625/1870/4509 4143/3718/4508 4144/1869/4508
f 3492/1871/4512 3657/1880/6299 4134/1873/4510
f 3657/1880/6299 4141/1881/6300 4137/3719/6300
f 3657/1880/6299 4137/3719/6300 4134/1873/4510
f 3485/1874/4515 3492/1871/4512 4129/1876/4513
f 3492/1871/4512 4133/1872/4511 4131/3720/6301
f 3492/1871/4512 4131/3720/6301 4129/1876/4513
f 4124/1875/4514 4123/3721/6302 3485/1874/4515
f 3487/1877/4518 3648/2293/5037 4165/3334/4516
f 3648/2293/5037 4167/3722/6303 4166/3723/4517
f 3648/2293/5037 4166/3723/4517 4165/3334/4516
f 4177/1878/4517 4181/3674/4517 3487/1877/4518
f 4173/3335/4517 4175/1879/4517 3487/1877/4518
f 4175/1879/4517 4177/1878/4517 3487/1877/4518
f 3657/1880/4519 3493/2188/6304 4140/1882/4519
f 3493/2188/6304 4145/1868/4519 4140/1882/4519
f 3654/1681/4521 4230/3669/4520 4229/3729/4521
f 3654/1681/4521 4229/3729/4521 4228/3730/4520
f 4207/3726/4521 3486/3724/4521 4208/3727/4521
f 3486/3724/4521 3654/1681/4521 4216/3725/4520
f 4208/3727/4521 3486/3724/4521 4209/3728/4521
f 4209/3728/4521 3486/3724/4521 4212/3731/4521
f 3654/1681/4521 4228/3730/4520 4227/3733/4520
f 4226/3734/4520 4225/3737/4521 3654/1681/4521
f 4225/3737/4521 4224/3739/4520 3654/1681/4521
f 3654/1681/4521 4227/3733/4520 4226/3734/4520
f 4212/3731/4521 3486/3724/4521 4213/3732/4521
f 4214/3735/4520 4213/3732/4521 3486/3724/4521
f 4214/3735/4520 3486/3724/4521 4216/3725/4520
f 4222/3738/4521 4223/3742/4520 3654/1681/4521
f 4223/3742/4520 4221/3741/4521 3654/1681/4521
f 3654/1681/4521 4224/3739/4520 4222/3738/4521
f 4218/3336/4521 4215/3736/4520 3654/1681/4521
f 4215/3736/4520 4216/3725/4520 3654/1681/4521
f 4221/3741/4521 4220/3740/4520 3654/1681/4521
f 4220/3740/4520 4217/1884/4521 3654/1681/4521
f 4217/1884/4521 4219/1883/4520 3654/1681/4521
f 3488/1885/4523 3486/3724/4522 4201/3744/6305
f 3486/3724/4522 4207/3726/4522 4206/3743/4522
f 4204/3749/6306 3486/3724/4522 4205/3745/4522
f 4206/3743/4522 4205/3745/4522 3486/3724/4522
f 4204/3749/6306 4203/3750/4522 3486/3724/4522
f 4203/3750/4522 4201/3744/6305 3486/3724/4522
f 4301/3747/6307 4303/3746/6308 3488/1885/4523
f 4300/3748/4522 4301/3747/6307 3488/1885/4523
f 3488/1885/4523 4201/3744/6305 4202/1887/4522
f 4202/1887/4522 4211/1886/4522 3488/1885/4523
f 4210/3337/4522 4300/3748/4522 3488/1885/4523
f 3489/1890/4526 3667/2318/5057 4289/1889/6309
f 3667/2318/5057 4308/3751/6310 4289/1889/6309
f 4289/1889/6309 4288/1888/6311 3489/1890/4526
f 4288/1888/6311 4290/3338/4524 3489/1890/4526
f 3490/1893/4529 3673/2303/6312 4281/1892/4528
f 3673/2303/6312 4280/3355/4528 4281/1892/4528
f 4281/1892/4528 4279/1891/4528 3490/1893/4529
f 4279/1891/4528 4275/3340/4527 3490/1893/4529
f 4273/3341/4528 4274/3752/6313 3490/1893/4529
f 3491/1896/4530 3490/1893/4529 4271/1895/6314
f 3490/1893/4529 4274/3752/6313 4272/3753/4530
f 4272/3753/4530 4271/1895/6314 3490/1893/4529
f 4271/1895/6314 4270/1894/6314 3491/1896/4530
f 4267/3755/6314 4266/3754/6314 4268/3343/4530
f 4266/3754/6314 3491/1896/4530 4268/3343/4530
f 4270/1894/6314 4269/3342/4530 3491/1896/4530
f 3541/1897/4532 3491/1896/4531 4266/3754/6315
f 3541/1897/4532 4266/3754/6315 4265/3760/4531
f 4321/3757/4531 4320/3756/4531 3541/1897/4532
f 4313/3759/4531 4312/3758/4531 3541/1897/4532
f 4312/3758/4531 4321/3757/4531 3541/1897/4532
f 4260/1898/4531 4313/3759/4531 3541/1897/4532
f 3541/1897/4532 4265/3760/4531 4259/1899/4531
f 3785/1768/4533 3811/1726/4365 3539/1900/4534
f 4353/1766/4535 3812/1764/4536 3538/1901/4536
f 3812/1764/4538 3813/1762/6316 3537/1903/4539
f 3813/1762/4540 3814/1760/4540 3536/1904/4541
f 3814/1760/4542 3815/1758/4542 3535/1905/4542
f 3815/1758/4543 3816/1756/4544 3533/1906/4544
f 3816/1756/4545 3817/1754/4545 3531/1907/4545
f 3817/1909/4547 3789/3761/6317 3529/1908/4547
f 3787/1730/4548 3786/1728/6318 3745/1911/4548
f 3786/1728/4549 3811/1726/4549 3744/1913/4549
f 3785/1768/4406 3784/1721/4552 3742/1914/4551
f 3784/1721/4552 3810/1769/4408 3741/1915/4553
f 3783/1775/4554 3782/1714/4554 3737/1916/4554
f 3782/1714/4556 3807/1712/4416 3736/1776/4415
f 3735/1777/4557 3781/1704/4414 3780/1702/4558
f 3734/1917/4559 3780/1702/4560 3806/1700/4560
f 3778/1779/4421 3804/1783/4426 3729/1673/4561
f 4485/1670/4562 3803/1788/4431 3727/1666/4563
f 3775/1615/4565 3774/1842/4565 4087/1918/4565
f 3773/1607/4566 3772/1605/4569 4085/1920/4567
f 3772/1605/4569 3797/1603/4971 4077/1797/4570
f 3771/1597/4571 3796/1863/4970 4076/1800/4572
f 3770/1591/4574 3795/1862/4968 4075/1803/4575
f 4082/1805/4577 3769/1587/4969 3794/1860/4578
f 3768/1585/4580 3791/1583/4963 4071/1813/4581
f 3767/1855/4583 3790/2233/4584 4070/1816/4584
f 3844/1921/4586 3581/1923/4586 3766/1922/4586
f 4000/1924/4587 3845/1926/4589 3959/1925/4588
f 3845/1926/4589 3844/1921/4590 3958/1927/4590
f 3847/1929/4591 3957/1931/4594 4045/1928/4592
f 3846/1501/4484 3956/1846/4483 3957/1931/4594
f 4003/1932/4595 4045/1934/4595 3957/1933/4596
f 3851/1935/4597 3957/1933/4596 3956/1845/4598
f 3697/1737/4599 3952/1747/4387 3948/1936/4600
f 3952/1747/4387 3953/1938/4603 3949/1937/4602
f 4043/1749/4603 3953/1938/4603 3951/1939/4604
f 3953/1938/4603 3952/1747/4387 3950/1748/4389
f 3694/1745/4606 3954/1738/4607 3950/1748/4389
f 3954/1738/4607 3955/1739/4925 3951/1939/4604
f 4039/1568/4608 3945/1496/6319 3947/1941/4609
f 3945/1496/4611 3944/1735/4611 3946/1477/4611
f 3891/1942/4612 3943/1711/6320 3676/1707/4613
f 3890/1943/4615 3942/1710/6321 3943/1711/4616
f 3939/1944/4617 3941/1945/4781 3671/1551/4618
f 3938/1946/4620 3940/2112/4783 3941/1945/4621
f 3889/1947/4619 3939/1944/4617 3670/1696/4619
f 3888/1948/4623 3938/1946/4620 3939/1944/4620
f 3923/1950/4624 3937/1952/4624 4038/1949/4624
f 3922/1647/4291 3936/1500/4161 3937/1952/4625
f 3988/1953/4626 3821/1955/6322 3935/1954/4626
f 3821/1956/4627 3820/1958/6323 3934/1957/4627
f 3849/1960/4628 3933/1962/4624 4036/1959/4624
f 3848/1622/4274 3932/1643/4291 3933/1962/4625
f 4048/1963/4630 4055/1965/4631 3930/1964/4631
f 3886/1966/4633 3930/1964/4634 3931/1967/4634
f 3921/1969/4624 3929/1971/4624 4035/1968/4624
f 3920/1644/4291 3928/1649/4291 3929/1971/4625
f 4054/1973/4635 3926/1976/4636 3819/1972/4636
f 3926/1976/4637 3927/3762/4637 3818/1975/4637
f 3919/1978/4624 3925/1980/4624 4034/1977/4624
f 3918/1641/4291 3924/1664/4291 3925/1980/4625
f 3929/1971/4624 3923/1950/4624 4033/1951/4624
f 3928/1649/4291 3922/1647/4291 3923/1950/4625
f 4486/1981/4624 3921/1969/4624 4032/1970/4624
f 4487/1646/4291 3920/1644/4291 3921/1969/4625
f 3933/1962/4624 3919/1978/4624 4031/1979/4624
f 3932/1643/4291 3918/1641/4291 3919/1978/4625
f 4053/1984/4638 3916/1986/4939 3914/1983/4639
f 3916/1986/4640 3917/1626/4277 3915/1624/4275
f 4052/1985/4639 3914/1983/4639 3912/1987/4642
f 3914/1983/4641 3915/1624/4275 3913/1621/4272
f 4051/1988/4642 3912/1987/4642 3849/1960/4628
f 3912/1987/4643 3913/1621/4272 3848/1622/4274
f 4029/1989/4644 3910/1991/4644 3911/1990/4645
f 3989/1992/4646 3823/1994/4646 3909/1993/4646
f 3823/1994/4648 3822/1544/4649 3908/1613/4648
f 4087/1918/4650 4078/1841/4650 3719/1995/4650
f 3990/1997/4651 3825/1999/4651 3907/1998/4651
f 3825/1999/4652 3824/1612/4652 3906/1529/4652
f 3909/1993/4653 3910/1991/6324 4029/1989/4653
f 3718/2001/4654 3719/1995/4654 4078/1841/4654
f 3903/1600/4258 3905/2004/4656 4026/2002/4656
f 3902/1601/4261 3904/1528/4189 3905/2004/4656
f 3992/2005/4657 3829/2007/4657 3901/2006/4658
f 3829/2007/4657 3828/1526/4253 3900/1523/4184
f 3993/2008/4659 3831/2010/4659 3899/2009/4660
f 3831/2010/4659 3830/1590/4248 3898/1520/4181
f 3994/2011/4661 3833/2013/4661 3897/2012/4662
f 3833/2013/4661 3832/1586/4243 3896/1517/4178
f 3997/2014/4663 3839/2016/4663 3895/2015/4664
f 3839/2016/4663 3838/1582/4238 3894/1509/4171
f 3998/2017/4666 3841/2019/4669 3893/2018/4667
f 3841/2019/4669 3840/1578/4233 3892/1507/4235
f 4037/2020/4670 3935/1954/6325 3823/2021/4671
f 3935/2022/4672 3934/1546/4673 3822/1544/4673
f 3987/1974/4674 3819/1972/4674 3821/1955/4674
f 3819/2023/4675 3818/1541/4675 3820/1958/4675
f 4054/1973/4676 4048/2025/4676 3886/2024/4676
f 3926/2026/4678 3886/1966/4633 3887/1539/4633
f 4055/1965/4631 4047/1426/4680 3884/2027/4680
f 3930/1964/4634 3884/2027/4634 3885/2028/4634
f 4383/2029/4681 4380/2031/6326 3825/2030/4682
f 4380/2031/4683 4381/1532/4685 3824/2032/4684
f 3905/2004/4656 3829/2007/4686 3992/2005/4686
f 3904/1528/4189 3828/1526/4188 3829/2007/4686
f 4024/2033/4658 3901/2006/4658 3831/2010/4687
f 3901/2006/4658 3900/1523/4184 3830/1590/4186
f 4023/2034/4660 3899/2009/4660 3833/2013/4688
f 3899/2009/4660 3898/1520/4181 3832/1586/4183
f 4022/2035/4662 3897/2012/4662 3835/2036/4689
f 3897/2012/4662 3896/1517/4178 3834/2037/4180
f 3995/2038/4690 3835/2040/4690 3837/2039/4690
f 3835/2040/4690 3834/1515/4176 3836/1512/4176
f 3996/2041/4691 3837/2039/4691 3839/2016/4691
f 3837/2039/4691 3836/1512/4174 3838/1582/4174
f 4021/2042/4665 3895/2015/4664 3841/2019/4173
f 3895/2015/4664 3894/1509/4171 3840/1578/4173
f 4020/2043/4668 3893/2018/4667 3843/2044/4692
f 3893/2018/4667 3892/1507/4168 3842/1504/4170
f 3999/2045/4694 3843/2044/4697 3845/2046/4695
f 3843/2044/4697 3842/1504/4165 3844/2047/4167
f 4091/2048/4698 4089/2049/4701 3847/1929/4699
f 4090/1503/4164 3846/1501/4163 3847/1929/4699
f 4038/1949/4702 3937/1952/4703 3853/2050/4703
f 3936/1500/4704 3852/1498/6327 3853/2050/4703
f 3853/2052/4705 3855/2054/4705 4005/2051/4705
f 3852/2055/4706 3854/2065/6328 3855/2054/4707
f 3851/2057/4709 3857/2059/4713 4006/2056/4710
f 3850/1487/4712 3856/1485/4712 3857/2059/4713
f 3827/1530/4259 3903/1600/4258 4025/2003/4258
f 3572/2060/4714 3618/1602/4260 3902/1601/4261
f 3907/1998/4191 3827/1530/4191 3991/2061/4191
f 3622/2062/4715 3572/2060/4715 3826/1531/4190
f 3855/2054/4716 3861/2064/4716 4008/2063/4717
f 3854/2065/4719 3860/2068/6329 3861/2064/4720
f 3861/2064/4722 3863/2067/4722 4009/2066/4723
f 3860/2068/4724 3862/2071/4724 3863/2067/4725
f 3863/2067/4726 3865/2070/4726 4010/2069/4727
f 3862/2071/4728 3864/3763/4728 3865/2070/4729
f 3865/2073/4730 3867/2075/4730 4011/2072/4730
f 3864/2076/4731 3866/2079/4733 3867/2075/4732
f 3867/2075/4734 3869/2078/4735 4012/2077/4735
f 3866/2079/4736 3868/2082/4736 3869/2078/4737
f 3869/2078/4738 3871/2081/6330 4013/2080/4738
f 3868/2082/4739 3870/2085/4741 3871/2081/4740
f 4013/2080/4742 3871/2081/4744 3873/2083/4743
f 3871/2081/4745 3870/2085/4746 3872/2084/4746
f 4014/2086/4748 3873/2083/6331 3875/2087/4749
f 3873/2083/4750 3872/2084/6332 3874/2088/4751
f 4015/2089/4753 3875/2087/4754 3877/2090/4754
f 3875/2087/4756 3874/2088/4756 3876/2091/4756
f 4016/2092/4757 3877/2090/4757 3879/2093/4758
f 3877/2090/4760 3876/2091/4761 3878/2094/4761
f 4017/2095/4762 3879/2097/4764 3881/2096/4763
f 3879/2097/4765 3878/2099/4766 3880/2098/4766
f 4018/2100/4767 3881/2096/4768 3883/2101/4768
f 3881/2096/4769 3880/2098/4769 3882/2102/4770
f 4356/2103/4771 4354/2104/6333 3945/1496/4772
f 4354/2104/4774 4355/2105/4774 3944/1735/4775
f 4007/2107/4776 3859/2110/4776 4387/2106/4777
f 3859/2110/4778 3858/3764/4778 4388/2109/4778
f 4040/2111/4779 3947/1941/4780 3949/1937/4779
f 3947/1941/4780 3946/1477/4141 3948/1936/4143
f 3941/1945/4781 3891/1942/6334 3568/1706/4782
f 3940/2112/4783 3890/1943/6335 3891/1942/4784
f 3885/2028/4785 3889/1947/4785 3567/1695/4785
f 3884/2027/4786 3888/1948/4786 3889/1947/4786
f 3963/1550/4341 3986/1705/4340 3674/2113/4787
f 3984/1694/4329 3985/1552/4211 3669/2115/4788
f 3962/1553/4330 3984/1694/4329 3668/2116/4789
f 3976/2118/4791 3983/1451/4124 3664/1499/4792
f 3965/1686/4793 3982/1438/4793 3660/1545/4793
f 3968/2119/4794 3981/2127/4791 3662/1642/4792
f 3656/2120/4796 3980/1445/4116 3961/1443/4317
f 3975/2122/4791 3979/2125/4791 3653/1648/4792
f 3650/1538/4798 3978/1444/4115 3964/1439/4308
f 3974/2124/4791 3977/3032/4791 3647/2123/4792
f 3979/2125/4791 3976/2118/4791 3644/1687/4792
f 4488/2126/4791 3975/2122/4791 3643/1672/4792
f 3981/2127/4791 3974/2124/4791 3642/1665/4792
f 3633/2129/4800 3973/2218/4936 3972/2128/4801
f 3634/1625/4802 3972/2128/4801 3971/2130/4803
f 3635/1623/4804 3971/2130/4803 3968/2119/4794
f 3966/1436/4805 3970/1618/4805 3626/2131/4805
f 3774/1842/4807 3621/1616/4807 3505/2132/4807
f 3991/2061/4808 4025/2003/6336 3617/2133/4809
f 3960/1447/4213 3962/1553/4213 3497/2117/4811
f 3985/1552/4211 3963/1550/4210 3498/2114/4812
f 3593/2136/4813 3969/1484/4814 4389/2135/4814
f 4379/1534/4816 4382/2139/5630 3967/2138/4817
f 3656/2120/4796 3565/1554/6337 3960/1447/4818
f 3566/2121/4819 3961/1443/4113 3978/1444/4115
f 3964/1439/4110 3965/3320/4112 3563/1542/4820
f 3982/1438/4821 3966/1436/4821 3564/1614/4821
f 3689/2140/4822 4040/2111/4824 4041/2141/4823
f 4378/2142/4825 3544/2143/4825 4007/2107/4826
f 4351/2144/4828 4356/2103/4771 4039/1568/4773
f 3556/2145/4830 4018/2147/4830 4019/2146/4831
f 3555/2148/4832 4017/2095/4832 4018/2100/4832
f 3554/2149/4833 4016/2092/6338 4017/2150/4833
f 3553/2151/4834 4015/2089/4834 4016/2092/4834
f 3552/2152/4835 4014/2086/6339 4015/2089/4836
f 3551/2153/4837 4013/2080/4838 4014/2086/4838
f 4012/2077/4839 4013/2080/4840 3551/2153/4840
f 4011/2072/4842 4012/2077/4842 3550/2154/4842
f 4010/2074/4843 4011/2072/4843 3549/2155/4844
f 4009/2066/4845 4010/2069/4846 3548/2157/4846
f 4008/2063/4848 4009/2066/4848 3547/2158/4848
f 4005/2051/4849 4008/2063/4849 3546/2159/4849
f 4027/2161/4850 3991/2061/4808 3505/2134/4810
f 4003/2058/4711 4006/2056/4710 3516/2163/4852
f 3520/2165/4854 4004/2053/4854 4005/2051/4854
f 3665/2166/4855 4038/1949/6340 4004/2167/4855
f 4079/2168/4856 4091/2048/4856 4001/1930/4856
f 3513/2169/4857 3999/2045/6341 4000/2170/4857
f 3606/1580/4858 4020/2043/4886 3999/2045/4859
f 3608/2171/4860 4021/2042/4888 3998/2017/4861
f 3510/2172/4862 3996/2041/4863 3997/2014/4862
f 3509/2173/4864 3995/2038/6342 3996/2041/4865
f 3610/2174/4867 4022/2035/4890 3995/2175/4868
f 3612/2176/4870 4023/2034/4892 3994/2011/4871
f 3614/2177/4873 4024/2033/4894 3993/2008/4874
f 3616/2178/4875 4026/2002/4875 3992/2005/4875
f 4384/2179/4876 4383/2029/4876 3990/2180/4876
f 3654/2181/4877 3486/1425/4878 4047/1426/4878
f 3487/2183/4879 4048/1963/6343 4054/2182/4880
f 3485/2185/4882 3987/2187/4883 3988/2186/4883
f 4037/2020/4884 3989/2197/4884 3493/2188/4884
f 3512/2189/4885 3998/2017/6344 4020/2043/4886
f 3511/2190/4887 3997/2014/4887 4021/2042/4888
f 3508/2191/4889 3994/2011/4889 4022/2035/4890
f 3507/2192/4891 3993/2008/4891 4023/2034/4892
f 3506/2193/4893 3992/2005/6345 4024/2033/4894
f 3505/2132/4895 3617/1606/4895 3773/1607/4895
f 3617/2133/4896 4025/2003/4896 4026/2002/4896
f 3625/1870/4898 4028/2195/4898 4029/2194/4899
f 3990/1997/4900 4027/2161/4901 3621/2162/4901
f 3989/2197/4902 4028/2195/4903 3625/1870/4903
f 3624/2198/4904 4029/1989/4904 4030/1796/4904
f 3518/2199/4905 3630/2200/4906 4051/1988/4906
f 3630/2200/4906 3631/2201/4908 4052/1985/4908
f 3631/2201/4908 3632/2202/4909 4053/1984/4909
f 3659/2203/4910 4036/1959/4910 4031/1979/4910
f 4483/2204/4910 4489/1982/4910 4032/1970/4910
f 3652/2205/4910 4035/1968/4910 4033/1951/4910
f 3641/2206/4910 4031/1979/4910 4034/1977/4910
f 3648/2184/4881 4054/2182/4880 3987/2187/4911
f 3640/2207/4910 4032/1970/4910 4035/1968/4910
f 3487/2183/4913 3654/2181/4877 4055/1965/4877
f 4002/1961/4907 4036/1959/4910 3659/2203/4910
f 3492/1871/4915 3988/1953/4915 4037/2020/4915
f 3639/2208/4910 4033/1951/4910 4038/1949/4910
f 3558/2209/4917 4039/1568/4917 4040/2111/4917
f 3695/1751/4918 4043/1749/4390 4042/1940/4382
f 3517/2210/4919 3763/2211/4919 4045/1934/4595
f 4001/1930/4920 4045/1928/4920 3763/2212/4920
f 3514/2214/4922 4000/1924/6346 4046/2215/4922
f 3953/1938/4603 4043/1749/4603 4041/2141/4924
f 3955/1739/4925 4044/1740/6347 4042/1940/4605
f 4050/1427/4926 4058/1708/6348 3942/1710/4926
f 4056/1697/4928 4057/1429/4931 3940/2112/4929
f 4049/1424/4928 4056/1697/4928 3938/1946/4928
f 4057/1429/4931 4050/1427/4932 3890/1943/4932
f 4047/1426/4933 4049/1424/4933 3888/1948/4933
f 4030/1796/4934 3911/1990/4934 4060/2216/4934
f 4062/2217/4935 4068/2221/6349 4053/1984/4909
f 4064/2219/4800 4067/2403/4936 3973/2218/4936
f 4065/2220/4937 4066/2222/4940 3917/1626/4277
f 4068/2221/4938 4065/2220/5168 3916/1986/4939
f 4066/2222/4940 4064/2219/5172 3633/2129/4941
f 4430/1633/4942 4439/2224/4800 4063/2223/4943
f 3764/2225/4944 4046/2215/4944 4091/2048/4944
f 3958/1927/4945 4090/1503/4164 4089/2049/4701
f 4046/2215/4947 3959/1925/4946 4089/2049/4701
f 4080/1815/4948 4070/1816/4948 3704/2226/4948
f 4081/1812/4949 4071/1813/6350 3706/2227/4950
f 3711/1804/4951 4082/1805/4951 4074/1806/4952
f 4083/1802/4954 4075/1803/4955 3712/2228/4955
f 4084/1799/4956 4076/1800/4956 3714/2229/4956
f 4085/1920/4957 4077/1797/4957 3716/2230/4957
f 4086/1839/4958 4085/1920/4960 3717/2231/4959
f 4088/1919/4961 4087/1918/4961 3720/1996/4961
f 4079/1818/4962 4070/1816/4962 3790/2233/4962
f 4080/1815/4585 4071/1813/4581 3791/1583/4963
f 4081/1812/4582 4072/1810/4965 3792/1859/4964
f 4072/1810/4965 4073/1808/4967 3793/1861/4966
f 4073/1808/4967 4074/1806/4579 3794/1860/4578
f 4082/1805/4577 4075/1803/4575 3795/1862/4968
f 4083/1802/4576 4076/1800/4572 3796/1863/4970
f 4084/1799/4573 4077/1797/4570 3797/1603/4971
f 3766/1922/4972 4069/1502/4162 4090/1503/4164
f 4391/2236/4973 3721/2232/6351 3544/2235/4973
f 4392/2238/4974 4391/2236/4974 4093/2239/4974
f 3632/1635/4975 4094/1636/4975 4093/2239/4976
f 4092/2240/4978 4093/2239/6352 4094/1636/4979
f 4393/2241/4981 4392/2238/4981 4092/2240/4982
f 4095/2242/4983 4092/2240/4984 3722/1793/4984
f 4095/2242/4985 4059/2244/4986 4384/2243/4986
f 4059/2244/4987 4095/2242/6353 3776/1792/4988
f 4096/1494/4989 4111/1821/4990 3788/1824/4990
f 3788/1824/4991 4111/1821/4992 4110/1819/4992
f 4108/2246/4993 4109/1491/4993 3685/2245/4993
f 4357/2248/4994 4108/2246/6354 3686/2247/4995
f 4106/1716/4997 4107/1489/4998 3680/2250/4998
f 4103/1490/4999 4106/1716/6355 3681/2251/5000
f 4096/1494/5001 4097/1493/5001 3531/2253/5001
f 4097/1492/5002 4098/2257/5002 3533/2254/5003
f 4098/2257/5004 4099/2259/6356 3535/2256/5005
f 4099/2259/5006 4100/2261/6357 3536/2258/5007
f 4100/2261/5008 4101/2263/5008 3537/2260/5008
f 4101/2263/5009 4102/2341/5009 3538/2262/5009
f 4109/1491/5010 4103/1490/5010 3539/2252/5010
f 4107/1489/5011 4104/1488/5011 3541/2264/5012
f 3491/1434/5013 3541/2264/5013 4104/1488/5013
f 4098/2265/5015 3589/2267/5016 4113/2266/5016
f 4098/2265/5017 4116/3354/6358 4117/2268/5017
f 4108/2271/5018 4121/2340/5018 4122/2270/5018
f 4099/2274/5020 4117/3765/5022 4118/2273/5021
f 3687/2277/5023 4115/2287/5023 4114/2276/5024
f 4102/2280/5025 4120/2289/6359 4358/2279/5026
f 4100/2283/5028 4118/3766/5028 4119/2282/5028
f 3589/2267/5029 3534/2286/6360 4112/2285/5029
f 4109/2288/5031 4122/3767/5031 4115/2287/5032
f 4101/2284/5033 4119/2282/5033 4120/2289/5033
f 3802/1789/5036 4136/3768/6361 4135/2291/5034
f 4135/2291/5034 4138/2290/6362 3779/1780/5035
f 3485/1874/4515 4123/3721/6302 4125/2292/5038
f 4125/2292/5038 4168/2294/6363 3648/2293/5037
f 4168/2294/6363 4167/3722/6303 3648/2293/5037
f 3801/1781/5040 4146/3769/6364 4147/2296/5039
f 4147/2296/5039 4163/2295/5039 3800/1790/5039
f 3804/1783/5041 4189/3651/6365 4187/3770/6366
f 3804/1783/5041 4187/3770/6366 4188/3774/5041
f 4169/3648/5041 3777/1784/5041 4170/3771/5041
f 3777/1784/5041 3804/1783/5041 4178/2297/5041
f 4176/3772/5041 3777/1784/5041 4178/2297/5041
f 4174/3773/5041 4170/3771/5041 3777/1784/5041
f 4176/3772/5041 4174/3773/5041 3777/1784/5041
f 3804/1783/5041 4188/3774/5041 4191/3775/5041
f 3804/1783/5041 4191/3775/5041 4182/2298/5041
f 3779/1780/5035 4138/2290/6362 4139/2300/5042
f 4142/2299/5043 4146/3769/6364 3801/1781/5040
f 3779/1780/5035 4139/2300/5042 3801/1781/5040
f 3803/1788/4309 4128/3649/6282 4126/2302/6367
f 4126/2302/6367 4130/2301/5044 3803/1788/4309
f 4130/2301/5044 4132/3776/6367 3802/1789/5036
f 4132/3776/6367 4136/3768/6361 3802/1789/5036
f 3672/2312/5050 4295/3778/6368 4287/3777/5045
f 4287/3777/5045 4286/3779/6369 3672/2312/5050
f 4286/3779/6369 4285/2305/6369 3673/2303/5045
f 3672/2312/5050 4286/3779/6369 3673/2303/5045
f 4284/2304/5046 4283/3780/5046 3673/2303/5045
f 4283/3780/5046 4282/3356/5046 3673/2303/5045
f 4285/2305/6369 4284/2304/5046 3673/2303/5045
f 3810/1769/5047 4329/3685/5047 4330/2307/5047
f 4330/2307/5047 4318/2306/6370 3810/1769/5047
f 4318/2306/6370 4319/3784/6370 3810/1769/5047
f 4322/3781/5047 4311/3783/5047 3809/1771/5047
f 4311/3783/5047 4310/3357/5047 3809/1771/5047
f 4319/3784/6370 4322/3781/5047 3810/1769/5047
f 3809/1771/5047 3810/1769/5047 4322/3781/5047
f 4314/3358/5047 4315/3782/5047 3809/1771/5047
f 3805/1778/5061 4309/2322/6371 4258/3785/5048
f 4258/3785/5048 4257/3789/5048 3778/1779/5048
f 4257/3789/5048 4256/3788/5048 3778/1779/5048
f 4256/3788/5048 4251/3790/5048 3778/1779/5048
f 3778/1779/5048 3805/1778/5061 4258/3785/5048
f 4239/3786/5048 4241/3650/5048 3778/1779/5048
f 4238/3787/5048 4239/3786/5048 3778/1779/5048
f 3778/1779/5048 4251/3790/5048 4252/3793/5048
f 4242/3791/6372 4238/3787/5048 3778/1779/5048
f 4248/3792/5048 4242/3791/6372 3778/1779/5048
f 3778/1779/5048 4252/3793/5048 4253/3796/6372
f 3778/1779/5048 4253/3796/6372 4254/3797/5048
f 4249/3794/5048 4248/3792/5048 3778/1779/5048
f 4250/3795/5048 4249/3794/5048 3778/1779/5048
f 3778/1779/5048 4254/3797/5048 4255/2309/5048
f 3778/1779/5048 4255/2309/5048 4247/2308/5048
f 4246/3359/5048 4250/3795/5048 3778/1779/5048
f 3489/1890/5049 4291/3339/5049 3672/2312/5050
f 4291/3339/5049 4292/2311/5049 3672/2312/5050
f 4293/2310/5049 4294/3798/5049 3672/2312/5050
f 4294/3798/5049 4295/3778/6368 3672/2312/5050
f 3809/1771/5051 4315/3782/6373 4262/2314/5051
f 4262/2314/5051 4261/2313/5053 3808/1773/5052
f 4261/2313/5053 4264/2315/6289 3783/1775/5054
f 3666/2320/5058 4305/3799/6374 4306/2317/5055
f 4307/2316/5056 4308/3751/6310 3667/2318/5057
f 3666/2320/5058 4306/2317/5055 3667/2318/5057
f 3488/1885/4523 4303/3746/6308 4302/2319/5059
f 4302/2319/5059 4304/2321/5059 3666/2320/5058
f 4304/2321/5059 4305/3799/6374 3666/2320/5058
f 3806/1700/5062 4298/3679/5062 4299/2323/5060
f 4299/2323/5060 4309/2322/6371 3805/1778/5061
f 3541/1897/5063 4320/3756/5063 3680/2326/5063
f 4320/3756/5063 4316/3800/5063 3680/2326/5063
f 4316/3800/5063 4317/2325/5063 3680/2326/5063
f 4336/3687/5063 3680/2326/5063 4337/3801/6375
f 4337/3801/6375 3680/2326/5063 4325/3802/6375
f 4325/3802/6375 3680/2326/5063 4326/3360/5063
f 4317/2325/5063 4328/2324/5063 3680/2326/5063
f 3807/1712/4352 4277/3681/6288 4276/2327/5064
f 4276/2327/5064 4297/1703/4336 3781/1704/4338
f 3703/2329/5065 3528/3803/5065 3698/2328/5066
f 3752/2330/5067 3698/2328/5067 3692/2331/5068
f 3751/2332/5070 3692/2331/5071 3695/2333/5071
f 3750/2334/5072 3695/2333/5073 3560/2335/5073
f 3749/2336/5074 3560/2335/5075 3689/2337/5075
f 3748/2338/5076 3689/2337/5076 3558/2339/5076
f 4357/2281/5027 4358/2279/5026 4121/2340/5078
f 4102/2341/5080 4357/2248/4994 4350/2249/4996
f 4019/2146/5082 4356/2103/6376 4351/2144/5083
f 3883/2343/5084 3882/2344/6377 4355/2105/5084
f 4019/2146/5085 3883/2343/6378 4354/2104/5085
f 3787/1730/4369 4353/1766/4535 4350/1902/4537
f 3746/1912/5087 4352/1765/5087 4353/1766/5088
f 4351/2345/5089 4352/2347/5089 3747/2346/5089
f 4352/2347/5090 4351/2345/5090 3557/2348/5091
f 3746/1912/5092 3745/1911/5092 3556/2349/5093
f 3745/1911/5094 3744/1913/6379 3555/2351/5094
f 3744/1913/5095 3743/1767/5095 3554/2352/5096
f 3743/1767/5097 3742/1914/5100 3553/2353/5098
f 3742/1914/5100 3741/1915/5102 3552/2354/5101
f 3741/1915/5102 3740/1770/5104 3551/2355/5103
f 3740/1770/5104 3739/1772/5106 3550/2356/5105
f 3739/1772/5106 3738/1774/6380 3549/2357/5107
f 3549/2357/5107 3738/1774/6380 3737/1916/5108
f 3548/2358/5109 3737/1916/5108 3736/1776/5110
f 3547/2359/5111 3736/1776/5110 3735/1777/5112
f 3546/2360/5114 3735/1777/5114 3734/1917/5114
f 3545/2361/5115 3734/1917/6381 3733/1692/5115
f 3721/2363/5116 4088/3804/5117 4361/2362/5117
f 4362/2364/5118 4007/2366/6382 3544/2365/5118
f 4401/2367/5119 4423/2369/5119 4414/2368/5120
f 4363/2371/5122 4361/2362/5122 4400/2370/5123
f 4362/2364/5124 4361/2362/5125 4363/2371/5125
f 3859/2373/5126 4007/2366/5126 4362/2364/5126
f 3858/2375/5128 3859/2373/5129 4364/2374/5129
f 4366/2377/5130 4365/2376/5130 4364/2374/5130
f 4402/2378/5131 4366/2377/5131 4363/2371/5132
f 4420/3363/164 4421/3427/164 4376/3364/164
f 3593/2380/5133 3858/3805/6383 4365/2379/5134
f 4369/2382/5135 4368/3366/5137 4365/2376/5136
f 4403/2383/5138 4369/2382/5138 4366/2377/5138
f 4470/2385/5139 4424/3129/5631 4406/2384/5140
f 3969/2387/5141 3593/2380/5141 4368/2381/5141
f 4369/2382/5143 4372/2390/6384 4371/2389/5143
f 4404/2391/5144 4372/2390/5144 4369/2382/5144
f 4402/2392/5121 4414/2368/5120 4416/2393/5146
f 4370/2394/5148 4374/3806/5148 3543/2395/6385
f 3543/2395/6385 3969/2387/5148 4370/2394/5148
f 4367/2396/5149 4375/2398/6386 4374/2397/5150
f 4360/2399/5152 4405/2400/2269 4375/2398/5153
f 4393/2241/5155 4384/2243/6387 3503/1617/5155
f 3775/1615/5156 4088/1919/5156 4392/2238/5156
f 4088/1919/5157 3721/2232/5158 4391/2236/5158
f 4093/2239/5159 4391/2236/5159 4378/2237/5160
f 4059/2402/5162 4061/1795/5162 4383/2029/5163
f 4378/2142/5165 4390/2108/5165 4068/2221/5165
f 4386/2137/4800 4389/2135/4936 4067/2403/4936
f 4387/2106/5166 4388/2109/5171 4066/2222/4940
f 4390/2108/5167 4387/2106/6388 4065/2220/5168
f 4061/1795/5169 4060/2216/6389 4380/2031/5170
f 4388/2109/5171 4386/2137/6390 4064/2219/5172
f 4440/1482/4800 4385/3321/6391 4063/2223/4943
f 3883/2343/5173 4019/2146/5174 3557/2342/5174
f 3502/2405/5175 3658/2453/5208 2502/2404/5176
f 2267/2407/5177 3501/2409/6392 3494/2408/5178
f 3499/2411/5180 3500/2442/5181 2266/2410/5181
f 3675/2413/5183 3499/2411/5180 2265/2412/5182
f 2513/2415/5185 3669/2417/6393 3498/2416/5186
f 3495/2419/5188 3497/2455/5209 2263/2418/5189
f 3494/2408/5178 3649/2451/5190 2493/2421/5190
f 3496/2424/5191 3655/2452/5192 2499/2423/5192
f 2270/2426/5193 3504/2428/5193 4377/2427/5193
f 3519/3369/164 3629/3831/164 2473/3370/164
f 2298/3372/164 3521/3384/164 3663/3373/164
f 2302/3375/164 3525/3379/164 3523/3376/164
f 2304/3378/164 3526/3832/164 3525/3379/164
f 3530/2430/5194 3765/3807/5195 2758/2429/5195
f 3532/2432/5197 3530/2430/5194 2308/2431/5196
f 3534/2434/5198 3532/2432/5198 2310/2433/5198
f 2318/2436/6394 3540/2438/6394 3684/2437/6394
f 3542/2440/5199 3679/2462/5199 2523/2439/5199
f 2266/2410/5181 3500/2442/5181 3542/2440/5201
f 3561/3380/164 3688/3833/164 2532/3381/164
f 2429/3383/164 3594/3387/164 3521/3384/164
f 3527/3385/164 3526/3832/164 2304/3378/164
f 2304/3378/164 3526/3832/164 3594/3387/164
f 2463/2443/5202 3620/2444/5203 3502/2405/5203
f 3626/2446/5205 3970/2478/5205 3037/2445/5205
f 3627/2449/6395 4063/2482/6395 3149/2448/6395
f 2472/3388/164 3628/3389/164 3627/2449/164
f 2473/3370/164 3629/3831/164 3628/3389/164
f 2480/3390/164 3636/3399/164 3661/3391/164
f 4472/3393/164 4481/3447/164 3645/3394/164
f 2482/3396/164 3638/3402/164 3651/3397/164
f 2489/3395/164 3645/3394/164 3636/3399/164
f 2493/2421/5190 3649/2451/5190 3496/2424/5206
f 2495/3398/164 3651/3397/164 3637/3400/164
f 2499/2423/5192 3655/2452/5192 3495/2419/5188
f 3658/2453/5208 3501/2409/6392 2267/2407/5177
f 2505/3392/164 3661/3391/164 3519/3369/164
f 2507/3374/164 3663/3373/164 3638/3402/164
f 3497/2455/5209 3668/2456/5210 2512/2454/5210
f 3668/2456/5210 3669/2417/6393 2513/2415/5185
f 3498/2416/5211 3674/2459/5214 2518/2457/5212
f 3674/2459/5214 3675/2413/5183 2519/2414/5184
f 2522/2460/5215 3678/2461/6396 3540/2438/5216
f 3679/2462/5217 3678/2461/6396 2522/2460/5215
f 2532/3381/164 3688/3833/164 3559/3403/164
f 3559/2464/5218 3599/2471/5219 2434/2463/5219
f 2540/3405/164 3696/3834/164 3561/3380/164
f 3699/3406/164 3693/3409/164 2537/3407/164
f 3693/3409/164 3696/3834/164 2540/3405/164
f 3527/3385/164 3699/3406/164 2543/3408/164
f 2545/3410/164 3700/3411/164 3527/3385/164
f 2758/2429/164 3765/3807/164 3700/3411/164
f 3908/2466/5221 3626/2446/5221 2470/2447/5221
f 3909/2468/5223 3908/2466/6397 2935/2467/5223
f 2434/2463/5224 3599/2471/5225 3944/2470/5225
f 2938/2472/5226 3911/2474/5226 3910/2473/5226
f 2937/2475/5227 3910/2473/6398 3909/2476/5227
f 3970/2478/5228 3620/3808/5228 2463/2477/5228
f 4060/2479/5229 3911/2474/5229 2938/2472/5229
f 4063/2482/5230 4385/2985/5230 3476/2481/5230
f 4113/2484/5231 4112/3809/5231 3199/2483/5231
f 4114/2487/5232 4115/2492/5233 3202/2486/5233
f 3203/2489/5234 4116/2490/5234 4113/2484/5234
f 4115/2492/5235 4122/2494/5235 3209/2491/5235
f 3209/2491/5236 4122/2494/5236 4121/2493/5237
f 3208/2495/5238 4121/2493/5238 4358/2496/5239
f 4117/2497/5240 4116/2490/6399 3203/2489/5240
f 4118/2499/5241 4117/2497/5242 3204/2498/5242
f 4119/2501/5244 4118/2499/6400 3205/2500/5245
f 4120/2503/5246 4119/2501/5246 3206/2502/5247
f 3684/2437/6401 4114/3810/6401 3201/2505/6401
f 3199/2507/5249 4112/2508/5249 3534/2434/5249
f 3212/2509/5251 4125/2511/5251 4123/2510/5252
f 4123/2510/5252 4124/2520/5259 3211/2512/5254
f 4128/2515/5255 4127/2611/5316 3214/2514/5256
f 3213/2517/5258 4126/2518/6402 4128/2515/5255
f 4124/2520/5259 4129/2524/5260 3216/2519/5260
f 4130/2521/5261 4126/2518/6402 3213/2517/5258
f 4129/2524/5260 4131/2528/6403 3218/2523/5262
f 4132/2525/5263 4130/2521/5261 3217/2522/5261
f 3218/2523/5262 4131/2528/6403 4133/2527/5265
f 3220/2529/5266 4133/2527/5265 4134/2530/5267
f 4136/2531/5269 4132/2525/5263 3219/2526/5264
f 3222/2533/5271 4135/2534/6404 4136/2531/5269
f 3221/2535/5272 4134/2530/5272 4137/2536/5272
f 4138/2537/5273 4135/2534/6404 3222/2533/5271
f 3226/2539/5275 4139/2540/6405 4138/2537/5273
f 4141/2542/5276 4140/3811/5277 3227/2541/5277
f 3224/2544/5279 4137/2546/5279 4141/2545/5279
f 4142/2547/5280 4139/2540/6405 3226/2539/5275
f 3231/2549/5281 4144/2551/5281 4143/2550/5281
f 3232/2552/5282 4145/2553/5286 4144/2551/5283
f 3227/2554/5285 4140/2555/6406 4145/2553/5286
f 4146/2556/5287 4142/2547/5288 3229/2548/5288
f 4147/2558/5290 4146/2556/5287 3233/2557/5289
f 3235/2560/5292 4148/2562/5292 4149/2561/5293
f 3237/2563/5292 4150/2564/5292 4148/2562/5292
f 3230/2565/5294 4143/2550/6407 4151/2566/5295
f 4151/2566/5295 4152/2569/5296 3239/2567/5296
f 3239/2567/5297 4152/2569/5297 4150/2564/5297
f 3236/2570/5293 4149/2561/5293 4155/2571/5292
f 3241/2572/5292 4154/2574/5292 4153/2573/5292
f 3242/2575/5292 4155/2571/5292 4154/2574/5292
f 3243/2576/5298 4156/2578/5298 4158/2577/5298
f 3240/2579/5292 4153/2573/5292 4156/2578/5298
f 3245/2580/5298 4158/2577/5298 4157/2581/5298
f 3244/2582/5298 4157/2581/5298 4159/2583/5298
f 3246/2584/5298 4159/2583/5298 4160/2585/5298
f 3248/2586/5299 4161/2588/5299 4162/2587/5299
f 3247/2589/5300 4160/2585/5300 4161/2590/5300
f 3251/2591/5302 4164/2593/5302 4163/2592/5302
f 3249/2594/5303 4162/2587/5303 4164/2593/5303
f 3250/2595/5304 4163/2592/5304 4147/2558/5304
f 4165/2597/5305 4166/2600/6408 3253/2596/5306
f 3253/2596/5306 4166/2600/6408 4167/2599/5307
f 4167/2599/5307 4168/2603/5310 3255/2601/5309
f 4168/2603/5310 4125/2511/5251 3212/2509/5251
f 4171/2605/5311 4169/2608/5313 3256/2604/5312
f 4169/2608/5313 4170/2615/5317 3257/2607/5314
f 4172/2609/5315 4171/2605/5311 3258/2606/5311
f 4127/2611/5316 4172/2609/5315 3259/2610/5315
f 4173/2612/5305 4165/2597/5305 3252/2598/5305
f 4170/2615/5317 4174/2619/5318 3261/2614/5318
f 4175/2616/5305 4173/2612/5305 3260/2613/5305
f 4174/2619/5318 4176/2623/5318 3263/2618/5318
f 4177/2620/5305 4175/2616/5305 3262/2617/5305
f 4176/2623/5319 4178/2631/5319 3265/2622/5319
f 4179/2625/5320 4181/2629/5322 3268/2624/5321
f 4180/2627/5323 4179/2625/5323 3266/2626/5323
f 4181/2629/5324 4177/2620/5324 3264/2621/5324
f 4178/2631/5325 4182/2650/5325 3269/2630/5325
f 4183/2633/5326 4184/2635/5326 3271/2632/5326
f 4184/2635/5327 4180/2627/5327 3267/2628/5327
f 4185/2637/5328 4183/3812/5328 3270/2636/5328
f 4186/2640/5329 4196/2661/5329 3283/2639/5329
f 3275/2642/5330 4188/2644/5330 4187/2643/5330
f 4189/2646/5331 4190/2670/5331 3277/2645/5331
f 3274/2648/5332 4187/2643/5332 4189/2646/5333
f 3269/2630/5334 4182/2650/5334 4191/2649/5334
f 3278/2651/5335 4191/2652/6409 4188/2644/5335
f 4192/2653/5337 4185/2637/5337 3272/2638/5337
f 4193/2656/5329 4194/2658/5329 3281/2655/5329
f 4194/2658/5329 4192/2653/5329 3279/2654/5329
f 4195/2659/5329 4193/2656/5329 3280/2657/5329
f 4196/2661/5329 4195/2659/5329 3282/2660/5329
f 4198/2663/5329 4197/2665/5329 3284/2662/5329
f 4197/2665/5329 4186/2640/5329 3273/2641/5329
f 4199/2666/5329 4198/2663/5329 3285/2664/5329
f 4200/2668/5329 4199/2666/5329 3286/2667/5329
f 4190/2670/5329 4200/2668/5329 3287/2669/5329
f 3289/2671/5338 4202/2673/5338 4201/2672/5339
f 3288/2674/5339 4201/2672/5339 4203/2675/5339
f 3290/2676/5339 4203/2675/5339 4204/2677/5339
f 3291/2678/5340 4204/2677/5340 4205/2679/5341
f 4205/2679/5341 4206/2683/6410 3293/2680/5342
f 3293/2680/5342 4206/2683/6410 4207/2682/5343
f 3294/2684/5344 4207/2682/5343 4208/2685/5345
f 3295/2686/5346 4208/2685/5345 4209/2687/5347
f 3297/2688/5349 4210/2690/5349 4211/2689/5349
f 3298/2691/5338 4211/2689/5338 4202/2673/5338
f 3296/2692/5350 4209/2694/5351 4212/2693/5351
f 3299/2695/5351 4212/2693/5351 4213/2696/5350
f 3300/2697/5351 4213/2696/5350 4214/2698/5351
f 3303/2699/5352 4216/2701/5352 4215/2700/5352
f 3306/2702/5352 4219/2704/5352 4217/2703/5352
f 3305/2705/5352 4218/2706/5352 4219/2704/5352
f 3301/2707/5350 4214/2698/5351 4216/2701/5351
f 3307/2708/5353 4220/2710/5353 4221/2709/5353
f 3304/2711/5353 4217/2703/5353 4220/2710/5353
f 3302/2712/5352 4215/2700/5352 4218/2706/5352
f 3310/2713/5353 4223/2715/5353 4222/2714/5353
f 3308/2716/5353 4221/2709/5353 4223/2715/5353
f 3309/2717/5354 4222/2714/5354 4224/2718/5354
f 3311/2719/5354 4224/2718/5354 4225/2720/5355
f 3312/2721/5354 4225/2720/5355 4226/2722/5354
f 3313/2723/5354 4226/2722/5354 4227/2724/5354
f 3314/2725/670 4227/2724/670 4228/2726/670
f 3315/2727/670 4228/2726/670 4229/2728/2477
f 3316/2729/5356 4229/2728/2477 4230/2730/5357
f 3317/2731/5357 4230/2730/5357 4231/2732/5358
f 3318/2733/5359 4231/2732/5358 4232/2734/5360
f 3319/2735/5361 4232/2734/5361 4233/2736/5361
f 3320/2737/5362 4233/2739/5362 4234/2738/5363
f 3321/2740/5363 4234/2738/5363 4235/2741/5364
f 3322/2742/5365 4235/2741/5364 4236/2743/5366
f 3323/2744/5367 4236/2743/5366 4237/2745/5368
f 4241/2747/5369 4239/3813/6411 3326/2746/5370
f 3331/2749/5371 4244/2751/5382 4240/2750/5372
f 4239/2753/5373 4238/2758/5378 3325/2752/5374
f 3327/2755/5375 4240/2756/5376 4241/2747/5376
f 4238/2758/5378 4242/2773/5393 3329/2757/5379
f 3324/2759/5368 4237/2745/5368 4245/2760/5380
f 3330/2761/5381 4243/2762/6412 4244/2751/5382
f 3332/2763/5383 4245/2760/5383 4243/2762/5383
f 4250/2765/5384 4246/2768/5387 3333/2764/5385
f 4246/2768/5387 4247/2783/5388 3334/2767/5388
f 4248/2770/5389 4249/2772/5392 3336/2769/5390
f 4249/2772/5392 4250/2765/5384 3337/2766/5386
f 4242/2773/5393 4248/2770/6413 3335/2771/5394
f 3339/2774/5395 4252/2776/5395 4251/2775/5396
f 4253/2777/5397 4252/2776/5398 3339/2774/5398
f 4254/2779/5399 4253/2777/5397 3340/2778/5397
f 4255/2781/5401 4254/2779/5399 3341/2780/5400
f 4247/2783/5403 4255/2781/5401 3342/2782/5402
f 3338/2784/5396 4251/2775/5396 4256/2785/5404
f 3343/2786/5404 4256/2785/5404 4257/2787/5405
f 3344/2788/5406 4257/2787/5405 4258/2789/5407
f 4260/2791/5408 4259/2801/5408 3346/2790/5408
f 4264/2794/5409 4261/2797/5411 3348/2793/5410
f 4261/2797/5411 4262/2903/6414 3349/2796/5412
f 4263/2798/5413 4264/2794/5409 3351/2795/5409
f 4259/2801/5408 4265/2803/5415 3352/2800/5415
f 3352/2800/5416 4265/2803/5417 4266/2802/5417
f 3353/2804/5418 4266/2802/5419 4267/2805/5419
f 4267/2805/5420 4268/2809/6415 3355/2806/5420
f 4268/2809/5421 4269/2811/5421 3356/2808/5421
f 4269/2811/5421 4270/2813/5421 3357/2810/5421
f 4270/2813/5421 4271/2815/5422 3358/2812/5422
f 4271/2815/5422 4272/2819/5423 3359/2814/5423
f 3361/2816/5424 4274/2818/6416 4273/2817/5425
f 4272/2819/5427 4274/2818/6416 3361/2816/5424
f 3360/2820/5426 4273/2817/5425 4275/2821/5428
f 4276/2823/5429 4277/2826/5432 3364/2822/5430
f 4277/2826/5432 4278/2827/5434 3365/2825/5433
f 4278/2827/5434 4263/2798/5413 3350/2799/5414
f 3362/2828/5428 4275/2821/5428 4279/2829/5428
f 4281/2831/5435 4280/2835/5437 3367/2830/5436
f 3366/2833/5428 4279/2829/5428 4281/2831/5428
f 4280/2835/5437 4282/2837/5439 3369/2834/5438
f 4282/2837/5439 4283/2839/5440 3370/2836/5440
f 4283/2839/5440 4284/2841/5440 3371/2838/5440
f 4284/2841/5440 4285/2843/5440 3372/2840/5440
f 4285/2843/5441 4286/2845/5442 3373/2842/5442
f 4286/2845/5442 4287/2860/5443 3374/2844/5443
f 4288/2847/5444 4289/2888/5445 3376/2846/5445
f 4290/2849/5446 4288/2847/5444 3375/2848/5444
f 4291/2851/5448 4290/2849/5446 3377/2850/5447
f 4292/2853/5450 4291/2851/5448 3378/2852/5449
f 3380/2855/5451 4293/2856/5451 4292/2853/5450
f 3381/2857/5452 4294/2858/5454 4293/2856/5451
f 4287/2860/5443 4295/2861/6417 3382/2859/5453
f 3382/2859/5453 4295/2861/6417 4294/2858/5454
f 3383/2862/5455 4296/2864/6418 4297/2863/5456
f 3384/2865/5457 4297/2863/5456 4276/2823/5429
f 4298/2866/5458 4296/2864/6418 3383/2862/5455
f 3386/2868/5460 4299/2869/5460 4298/2866/5458
f 3388/2870/5461 4301/2872/6419 4300/2871/5349
f 3387/2873/5349 4300/2871/5349 4210/2690/5349
f 4303/2874/5462 4301/2872/6419 3388/2870/5461
f 3389/2876/5464 4302/2877/6420 4303/2874/5462
f 4304/2878/5465 4302/2877/5466 3389/2876/5466
f 4306/2881/5468 4305/2883/5471 3392/2880/5469
f 4305/2883/5471 4304/2878/5465 3391/2879/5467
f 3394/2884/5472 4307/2885/5474 4306/2881/5468
f 3395/2886/5473 4308/2887/6421 4307/2885/5474
f 4289/2888/5475 4308/2887/6421 3395/2886/5473
f 3396/2889/5476 4309/2890/6422 4299/2869/5460
f 3345/2891/5477 4258/2789/5479 4309/2890/5478
f 4310/2893/5480 4311/2916/5480 3398/2892/5480
f 3399/2895/5481 4312/2897/5481 4313/2896/5482
f 4314/2898/5483 4310/2893/5480 3397/2894/5480
f 3400/2900/5482 4313/2896/5482 4260/2791/5482
f 4315/2901/5484 4314/2898/5483 3401/2899/5483
f 4262/2903/5485 4315/2901/5484 3402/2902/5484
f 4317/2905/5487 4316/2911/5488 3403/2904/5488
f 3406/2907/5489 4319/2909/6423 4318/2908/5490
f 3403/2904/5492 4316/2911/5492 4320/2910/5492
f 4320/2910/5493 4321/2917/5493 3408/2912/5493
f 4322/2914/5494 4319/2909/6423 3406/2907/5489
f 4311/2916/5480 4322/2914/5480 3409/2915/5480
f 4321/2917/5481 4312/2897/5481 3399/2895/5481
f 3411/2918/5495 4324/2920/5495 4323/2919/5495
f 4325/2922/5496 4326/2927/5497 3413/2921/5497
f 3414/2924/5495 4327/2925/5495 4324/2920/5495
f 4326/2927/5497 4328/2933/5498 3415/2926/5498
f 4329/2929/5499 4327/3814/5500 3414/2928/5500
f 3417/2931/5501 4330/2932/6424 4329/2929/5502
f 4328/2933/5498 4317/2905/5487 3404/2906/5487
f 3405/2934/5491 4318/2908/5490 4330/2932/5503
f 4332/2936/5504 4331/2962/5504 3418/2935/5504
f 4334/2939/5505 4333/2944/5509 3420/2938/5506
f 4335/2941/5507 4332/2936/5508 3419/2937/5508
f 4333/2944/5509 4336/2946/5511 3423/2943/5510
f 4336/2946/5511 4337/2948/5513 3424/2945/5512
f 3410/2947/5495 4323/2919/5495 4335/2941/5507
f 4337/2948/5513 4325/2922/5514 3412/2923/5514
f 4338/2950/5515 4339/2974/5515 3426/2949/5515
f 4341/2953/5516 4340/2956/5516 3427/2952/5516
f 4340/2956/5516 4342/2960/5516 3429/2955/5516
f 4343/2957/5517 4338/2950/5515 3425/2951/5515
f 4342/2960/5516 4344/2964/5516 3431/2959/5516
f 4331/2962/5518 4345/2963/5521 3432/2961/5519
f 4345/2963/5521 4343/2957/5517 3430/2958/5517
f 3431/2959/5522 4344/2964/5522 4334/2939/5505
f 4346/2965/5516 4341/2953/5516 3428/2954/5516
f 4347/2968/5523 4346/3815/5523 3433/2967/5523
f 4348/2970/5523 4347/2968/5523 3434/2969/5523
f 4349/2972/5523 4348/2970/5523 3435/2971/5523
f 4339/2974/5523 4349/2972/5523 3436/2973/5523
f 4358/2496/5239 4120/2503/5238 3207/2504/5525
f 3543/2977/5526 4374/3816/5526 3465/2976/5526
f 4374/2980/5527 4375/3426/5527 3466/2979/5527
f 4405/3365/164 4376/3364/164 3467/3421/164
f 3467/3421/164 4376/3364/164 3504/2428/164
f 4380/2982/5528 4060/2479/5528 3146/2480/5528
f 3476/2481/5529 4385/2985/5530 3543/2984/5530
f 3473/2986/5531 4382/2988/5538 4379/2987/5532
f 3472/2989/5533 4381/2991/5535 4380/2990/5534
f 3470/2992/5536 4379/2987/5536 4381/2991/5536
f 4469/2993/5537 4471/2994/5629 4382/2988/5538
f 3523/3376/164 3594/3387/164 2429/3383/164
f 2909/2995/5539 3882/2344/5539 3557/2342/5540
f 4375/3426/164 4405/3365/164 4399/3422/164
f 4403/2996/5147 4416/2393/5146 4418/2997/5541
f 3824/2998/5543 4408/3000/5543 4409/2999/5543
f 4426/3002/5544 4420/3817/5544 4405/3001/5544
f 4398/1411/1208 4399/1417/1208 3467/1418/1208
f 4397/1405/5545 4398/1411/5545 3464/1412/5545
f 4396/1401/5546 4397/1405/5546 3461/1406/5546
f 3458/1402/5547 3451/3004/5547 4395/1395/5547
f 3450/1385/1185 4394/1386/1185 4395/1395/1185
f 4415/3006/5548 4413/3020/5549 4409/3005/5549
f 4417/3008/5550 4415/3006/5550 4408/3007/5551
f 4419/3010/5552 4417/3008/5553 4407/3009/5553
f 4425/3012/5555 4419/3010/5552 4406/3011/5554
f 4421/3015/5557 4420/3028/6056 4426/3014/5558
f 4419/3010/5560 4418/3428/5560 4416/3016/5561
f 4417/3008/5562 4416/3016/5562 4414/3017/5563
f 4415/3006/5564 4414/3017/5565 4423/3018/5565
f 4423/3018/5566 4422/3818/5566 4412/3019/5567
f 4422/3021/5569 4423/2369/5569 4401/2367/5569
f 4421/3427/164 4410/3835/164 3504/2428/164
f 3967/2386/5140 4406/2384/5140 4407/3023/5570
f 3571/3024/5571 4407/3023/5571 4408/3000/5571
f 4419/3010/5572 4425/3012/5573 4426/3014/5573
f 4421/3015/5574 4425/3012/6425 4424/3013/5575
f 4418/2997/5541 4426/3002/5544 4360/3003/5544
f 4404/2391/5576 4360/2399/2706 4367/2396/5577
f 4367/2396/5149 4370/3367/5151 4371/2389/5579
f 4426/3014/5581 4420/3028/2710 4373/3027/2710
f 4427/3030/5582 4367/3034/5591 4360/3029/5583
f 4389/2135/4936 4440/1482/4800 4439/2224/4800
f 4067/2403/4936 4439/2224/4800 4430/1633/5585
f 4434/1656/4295 4438/1453/4325 3983/1451/4124
f 4431/1629/5586 4437/1652/5587 3981/2127/4791
f 4433/1653/4295 4436/1658/4295 3979/2125/4791
f 4432/1650/5587 4435/1662/5587 3977/3032/4791
f 4436/1658/4295 4434/1656/4295 3976/2118/4791
f 4490/1655/4296 4433/1653/4295 3975/2122/4791
f 4437/1652/5587 4432/1650/5587 3974/2124/4791
f 3973/2218/4936 4430/1633/5585 4429/1631/5588
f 3972/2128/4801 4429/1631/5588 4428/1628/5589
f 3971/2130/4803 4428/1628/5589 4431/1629/5586
f 4430/3033/5590 4439/3035/6426 4367/3034/5591
f 4427/3036/5592 4373/3027/5592 3627/3037/5592
f 4443/3039/82 4442/3062/82 4444/3038/82
f 4446/3041/155 4441/3043/2724 4442/3042/5593
f 3629/3044/155 4446/3041/155 4444/3045/155
f 4445/3040/82 4444/3038/82 4428/3046/82
f 4429/3047/82 4430/3033/82 4427/3030/82
f 4445/3040/82 4427/3030/82 4426/3031/82
f 4426/3002/5594 4443/3820/5594 4456/3049/5594
f 4443/3820/5594 4447/3819/5594 4457/3821/5594
f 4456/3049/5594 4443/3820/5594 4457/3821/5594
f 4455/3048/5594 4420/3817/5594 4426/3002/5594
f 4447/1827/5595 4443/3822/5595 4442/3050/5595
f 4452/3052/82 4449/3054/82 4450/3053/82
f 4453/3055/155 4448/3057/155 4450/3056/155
f 3661/3058/155 4453/3055/155 4451/3059/155
f 4452/3052/82 4451/3085/82 4437/3060/82
f 4428/3046/82 4444/3038/82 4452/3052/82
f 4444/3038/82 4442/3062/82 4449/3054/82
f 4449/3063/5597 4454/3065/5597 4441/3064/5598
f 4448/3066/5599 4454/3065/6427 4449/3063/5600
f 4443/3039/5604 4426/3031/5604 4458/3069/6428
f 4426/3031/5604 4425/3823/6429 4458/3069/6428
f 4458/3069/6428 4459/3068/5602 4443/3039/5604
f 4460/3433/5603 4442/3062/6430 4443/3039/5604
f 4455/3434/164 4461/3443/164 4421/3427/164
f 4460/3070/5605 4463/3072/5605 4441/3071/5605
f 4425/3073/5606 4421/3075/5606 4461/3074/5607
f 4458/3076/5608 4461/3074/5610 4462/3077/5609
f 4459/3078/5611 4462/3080/5611 4463/3079/5611
f 4447/3438/164 4441/3836/164 4463/3439/164
f 4457/3440/164 4463/3439/164 4462/3441/164
f 4456/3442/164 4462/3441/164 4461/3443/164
f 4465/3082/5612 4464/3086/5612 3636/3081/5612
f 4432/3084/82 4437/3060/82 4451/3085/82
f 4467/3087/5612 4466/3824/5612 4464/3086/5612
f 4450/3053/82 4467/3144/82 4465/3088/82
f 4467/3090/5613 4450/3825/5613 4448/3089/5613
f 2849/3093/164 2843/3826/164 2883/3092/164
f 2881/3094/164 2879/3096/164 2851/3095/164
f 2853/3098/82 2877/3100/82 2879/3097/82
f 2855/3101/82 2875/3102/82 2877/3100/82
f 2857/3103/82 2873/3104/82 2875/3102/82
f 2859/3105/82 2871/3106/82 2873/3104/82
f 2861/3107/82 2869/3108/82 2871/3106/82
f 2869/3108/82 2861/3107/82 2863/3110/82
f 2863/3110/82 2865/3109/82 2869/3108/82
f 2427/3111/5614 2883/1570/5615 2843/3112/5614
f 3027/3113/5616 2427/3111/5617 2400/3114/5617
f 2358/3115/5619 3027/3113/5616 3007/3116/5618
f 4422/3118/5621 4400/3827/5621 4359/3117/5621
f 4411/3120/5622 4409/3005/6431 4413/3020/5623
f 4468/3121/5625 4411/3122/5625 4412/3119/5625
f 3825/3123/5626 4409/2999/6432 4411/3124/5627
f 3468/3125/5628 4377/3126/6433 4471/2994/5629
f 4382/2139/5630 4471/1448/4119 4470/3127/4121
f 4424/3129/5631 4470/2385/5139 3504/3128/5632
f 4435/1662/5587 4490/1655/4296 4488/2126/4791
f 2481/3401/164 3637/3400/164 4481/3447/164
f 3646/3131/4910 4034/1977/4910 4489/1982/4910
f 3977/3032/4791 4488/2126/4791 4482/1645/4792
f 3924/1664/4291 4487/1646/4291 4486/1981/4625
f 3925/1980/4624 4486/1981/4624 4489/1982/4624
f 3777/1784/4427 4485/1670/4562 4484/1786/4564
f 3728/1675/4314 4484/1786/4428 4483/1787/4429
f 3645/3132/4294 4481/1654/4294 4490/1655/4294
f 3647/2123/4290 4482/1645/4290 4487/1646/4291
f 2490/1236/3869 4474/1232/3869 4480/1011/3869
f 4473/385/2894 4479/396/2894 3044/404/2894
f 4477/1010/2985 4478/387/2985 2951/406/2985
f 4480/1011/2985 4477/1010/2985 2952/1009/2985
f 4475/568/3609 4476/412/3608 2770/567/3234
f 4474/570/82 4475/568/82 2572/418/82
f 4479/396/2894 4472/394/2894 2489/3133/2894
f 4478/387/2985 4473/385/2985 2491/1174/2985
f 4481/3134/155 4492/3136/155 4493/3135/155
f 4490/3137/164 4493/3139/164 4491/3138/164
f 4492/3136/5634 4495/3141/5634 4496/3140/5634
f 4496/3142/5635 4494/3828/5635 4491/3138/5635
f 4435/3143/82 4432/3084/82 4465/3088/82
f 4491/3145/82 4465/3088/82 4467/3144/82
f 4496/3148/5637 4495/3829/5637 4497/3147/5637
f 4494/3150/5638 4467/3090/5638 4466/3091/5638
f 4511/252/5639 4502/250/5639 2440/250/5639
f 4516/3152/5640 4501/3162/5640 4498/617/3285
f 2545/3410/164 2305/3386/164 4517/3386/164
f 4517/3386/164 4520/3837/164 4519/3450/164
f 4519/3450/164 4518/3838/164 4516/3451/164
f 4516/3451/164 4499/3410/164 2545/3410/164
f 2545/3410/164 4517/3386/164 4516/3451/164
f 4536/876/5642 4527/3153/5643 2782/3153/5643
f 2781/613/5644 4521/613/5644 4536/876/5642
f 2782/520/5645 4527/520/5645 4507/3154/5645
f 2440/250/5646 4502/250/5646 4517/502/5646
f 2758/2429/164 2545/3410/164 4532/3452/164
f 2545/3410/164 4499/3410/164 4532/3452/164
f 2758/2429/164 4532/3452/164 4531/2429/164
f 4532/3452/164 4535/3180/164 4534/3182/164
f 4534/3182/164 4533/3184/164 4532/3452/164
f 4522/3155/5647 4498/617/5647 4500/1274/5647
f 4507/256/5648 4510/3157/5648 4513/3156/5649
f 4510/3157/5650 4509/254/5650 4514/3158/5651
f 4509/254/5652 4508/3160/5652 4515/3159/5652
f 4508/3160/5653 4506/1273/6434 4512/3161/5653
f 4518/3163/5654 4503/3164/5655 4501/3162/5655
f 4519/3165/5656 4504/3170/5664 4503/3164/5657
f 4519/3166/5658 4520/3168/5658 4505/3167/5659
f 4520/3168/5660 4517/502/5660 4502/250/5660
f 4503/3169/5662 4515/3159/5663 4512/3161/5663
f 4504/3170/5664 4514/3830/5665 4515/3159/5665
f 4505/3167/5659 4513/3173/5666 4514/3171/5666
f 4502/250/5667 4511/252/5667 4513/3173/5667
f 4530/3174/5668 4510/3175/5668 4507/3154/5668
f 4529/3176/5669 4509/3154/5670 4510/3175/5670
f 4528/3177/5671 4508/3160/5671 4509/254/5671
f 4526/3179/5672 4506/1273/5672 4508/3160/5672
f 4522/3155/5673 4525/3181/5674 4535/3180/5674
f 4525/3181/5675 4524/3183/5675 4534/3182/5676
f 4524/3183/5677 4523/3185/6435 4533/3184/5678
f 4523/3185/5679 4521/613/5679 4531/614/5680
f 4537/1272/5681 4540/3186/5681 4525/3181/5682
f 4540/3186/5683 4539/3187/5683 4524/3183/5683
f 4539/3187/5684 4538/3188/5684 4523/3185/5684
f 4538/3188/5686 4536/876/5698 4521/613/5687
f 4526/3179/5689 4528/3177/5691 4540/3186/5690
f 4528/3177/5692 4529/3189/6436 4539/3187/5692
f 4529/3189/5694 4530/3190/5694 4538/3188/5695
f 4530/3190/5697 4527/3153/6437 4536/876/5698
f 4500/1274/5700 4498/617/5699 4501/3162/6438
f 4501/3162/6438 4512/3161/5699 4500/1274/5700
f 4543/3192/2827 4544/3194/2827 4542/3191/2827
f 4545/3195/2829 4546/3196/2828 4544/3194/5701
f 4547/3197/2830 4548/3198/2830 4546/3196/2830
f 4547/3197/2831 4549/3199/2831 4550/3200/2831
f 4551/3201/2832 4552/3202/2832 4550/3200/2832
f 4553/3203/2833 4554/3204/2833 4552/3202/2833
f 4555/3205/2834 4556/3206/2834 4554/3204/2834
f 4557/3207/2836 4558/3208/2836 4556/3206/2836
f 4559/3209/2837 4560/3210/2837 4558/3208/2837
f 4561/3211/5703 4562/3212/2839 4560/3210/2839
f 4563/3213/2840 4564/3214/2840 4562/3212/2840
f 4565/3215/2841 4566/3216/2841 4564/3214/2841
f 4567/3217/2842 4568/3218/2842 4566/3216/2842
f 4569/3219/2843 4570/3220/2843 4568/3218/2843
f 4571/3221/2844 4572/3453/2844 4570/3220/2844
f 4573/3223/2845 4574/3222/2845 4572/3453/2845
f 4575/3225/2846 4576/3224/2846 4574/3222/2846
f 4577/3227/2847 4578/3226/2847 4576/3224/2847
f 4579/3228/2848 4580/3229/2848 4578/3226/2848
f 4581/3230/2849 4582/3231/2849 4580/3229/2849
f 4583/3232/2850 4584/3233/2850 4582/3231/2850
f 4585/3234/2851 4586/3235/2851 4584/3233/2851
f 4587/3236/2852 4588/3237/2865 4586/3235/2865
f 4589/3238/2854 4590/3239/2854 4588/3237/2854
f 4591/3240/2855 4592/3241/2855 4590/3239/2855
f 4591/3240/2858 4593/3242/2858 4594/3243/2857
f 4595/3244/2859 4596/3245/2859 4594/3243/2859
f 4597/3246/2860 4598/3247/2860 4596/3245/2860
f 4599/3248/2861 4600/3249/2861 4598/3247/2861
f 4601/3250/2862 4602/3251/2862 4600/3249/2862
f 4542/3191/82 4544/3194/82 4550/3200/82
f 4544/3194/82 4546/3196/82 4550/3200/82
f 4546/3196/82 4548/3198/82 4550/3200/82
f 4550/3200/82 4552/3202/82 4554/3204/82
f 4554/3204/82 4556/3206/82 4550/3200/82
f 4556/3206/82 4558/3208/82 4550/3200/82
f 4558/3208/82 4560/3210/82 4566/3216/82
f 4560/3210/82 4562/3212/82 4566/3216/82
f 4562/3212/82 4564/3214/82 4566/3216/82
f 4566/3216/82 4568/3218/82 4574/3222/82
f 4568/3218/82 4570/3220/82 4574/3222/82
f 4570/3220/82 4572/3453/82 4574/3222/82
f 4574/3222/82 4576/3224/82 4578/3226/82
f 4578/3226/82 4580/3229/82 4574/3222/82
f 4580/3229/82 4582/3231/82 4574/3222/82
f 4582/3231/82 4584/3233/82 4590/3239/82
f 4584/3233/82 4586/3235/6439 4590/3239/82
f 4586/3235/6439 4588/3237/6440 4590/3239/82
f 4590/3239/82 4592/3241/6439 4594/3243/82
f 4594/3243/82 4596/3245/82 4598/3247/82
f 4598/3247/82 4600/3249/6440 4602/3251/82
f 4602/3251/82 4604/3253/82 4598/3247/82
f 4604/3253/82 4542/3191/82 4598/3247/82
f 4590/3239/82 4594/3243/82 4542/3191/82
f 4594/3243/82 4598/3247/82 4542/3191/82
f 4542/3191/82 4550/3200/82 4574/3222/82
f 4550/3200/82 4558/3208/82 4574/3222/82
f 4558/3208/82 4566/3216/82 4574/3222/82
f 4574/3222/82 4582/3231/82 4590/3239/82
f 4603/3252/2863 4604/3253/2863 4602/3251/2863
f 4541/3193/2864 4542/3191/2864 4604/3253/2864
f 4543/3254/164 4541/3254/164 4603/3254/164
f 4603/3254/164 4601/3254/164 4599/3254/164
f 4599/3254/164 4597/3254/164 4595/3254/164
f 4595/3254/164 4593/3254/164 4591/3254/164
f 4591/3254/164 4589/3254/164 4587/3254/164
f 4587/3254/164 4585/3254/164 4583/3254/164
f 4583/3254/164 4581/3254/164 4579/3254/164
f 4579/3254/164 4577/3254/164 4583/3254/164
f 4577/3254/164 4575/3254/164 4583/3254/164
f 4575/3254/164 4573/3254/164 4567/3254/164
f 4573/3254/164 4571/3254/164 4567/3254/164
f 4571/3254/164 4569/3254/164 4567/3254/164
f 4567/3254/164 4565/3254/164 4563/3254/164
f 4563/3254/164 4561/3254/164 4559/3254/164
f 4559/3254/164 4557/3254/164 4555/3254/164
f 4555/3254/164 4553/3254/164 4551/3254/164
f 4551/3254/164 4549/3254/164 4547/3254/164
f 4547/3254/164 4545/3254/164 4543/3254/164
f 4543/3254/164 4603/3254/164 4591/3254/164
f 4603/3254/164 4599/3254/164 4591/3254/164
f 4599/3254/164 4595/3254/164 4591/3254/164
f 4591/3254/164 4587/3254/164 4583/3254/164
f 4567/3254/164 4563/3254/164 4559/3254/164
f 4559/3254/164 4555/3254/164 4543/3254/164
f 4555/3254/164 4551/3254/164 4543/3254/164
f 4551/3254/164 4547/3254/164 4543/3254/164
f 4591/3254/164 4583/3254/164 4543/3254/164
f 4583/3254/164 4575/3254/164 4543/3254/164
f 4575/3254/164 4567/3254/164 4543/3254/164
f 4607/3192/2827 4608/3194/2827 4606/3191/2827
f 4609/3195/2829 4610/3196/5701 4608/3194/5701
f 4611/3197/2830 4612/3198/2830 4610/3196/2830
f 4613/3199/2831 4614/3200/2831 4612/3198/2831
f 4613/3199/2832 4615/3201/2832 4616/3202/2832
f 4617/3203/2833 4618/3204/2833 4616/3202/2833
f 4619/3205/2834 4620/3206/2834 4618/3204/2834
f 4621/3207/2835 4622/3208/2836 4620/3206/2836
f 4623/3209/2837 4624/3210/2838 4622/3208/2838
f 4625/3211/2839 4626/3212/2839 4624/3210/2839
f 4627/3213/2840 4628/3214/2840 4626/3212/2840
f 4629/3215/2841 4630/3216/2841 4628/3214/2841
f 4631/3217/2842 4632/3218/2842 4630/3216/2842
f 4633/3219/2843 4634/3220/2843 4632/3218/2843
f 4635/3221/2844 4636/3453/2844 4634/3220/2844
f 4637/3223/2845 4638/3222/2845 4636/3453/2845
f 4639/3225/2846 4640/3224/2846 4638/3222/2846
f 4641/3227/2847 4642/3226/2847 4640/3224/2847
f 4643/3228/2848 4644/3229/2848 4642/3226/2848
f 4645/3230/2849 4646/3231/2849 4644/3229/2849
f 4647/3232/2850 4648/3233/2850 4646/3231/2850
f 4649/3234/2851 4650/3235/2851 4648/3233/2851
f 4651/3236/2852 4652/3237/2852 4650/3235/2852
f 4653/3238/2854 4654/3239/2853 4652/3237/2853
f 4655/3240/2856 4656/3241/2855 4654/3239/2855
f 4657/3242/2858 4658/3243/2857 4656/3241/2857
f 4659/3244/2859 4660/3245/2859 4658/3243/2859
f 4661/3246/2860 4662/3247/2860 4660/3245/2860
f 4661/3246/2861 4663/3248/2861 4664/3249/2861
f 4665/3250/2862 4666/3251/2862 4664/3249/2862
f 4606/3191/82 4608/3194/82 4614/3200/82
f 4608/3194/82 4610/3196/82 4614/3200/82
f 4610/3196/82 4612/3198/82 4614/3200/82
f 4614/3200/82 4616/3202/82 4618/3204/82
f 4618/3204/82 4620/3206/82 4622/3208/82
f 4622/3208/82 4624/3210/82 4626/3212/82
f 4626/3212/82 4628/3214/82 4630/3216/82
f 4630/3216/82 4632/3218/82 4638/3222/82
f 4632/3218/82 4634/3220/82 4638/3222/82
f 4634/3220/82 4636/3453/82 4638/3222/82
f 4638/3222/82 4640/3224/82 4642/3226/82
f 4642/3226/82 4644/3229/82 4638/3222/82
f 4644/3229/82 4646/3231/82 4638/3222/82
f 4646/3231/82 4648/3233/82 4650/3235/82
f 4650/3235/82 4652/3237/82 4646/3231/82
f 4652/3237/82 4654/3239/82 4646/3231/82
f 4654/3239/82 4656/3241/82 4658/3243/82
f 4658/3243/82 4660/3245/82 4662/3247/82
f 4662/3247/82 4664/3249/6439 4666/3251/82
f 4666/3251/82 4668/3253/82 4662/3247/82
f 4668/3253/82 4606/3191/82 4662/3247/82
f 4614/3200/82 4618/3204/82 4622/3208/82
f 4622/3208/82 4626/3212/82 4638/3222/82
f 4626/3212/82 4630/3216/82 4638/3222/82
f 4654/3239/82 4658/3243/82 4606/3191/82
f 4658/3243/82 4662/3247/82 4606/3191/82
f 4606/3191/82 4614/3200/82 4638/3222/82
f 4614/3200/82 4622/3208/82 4638/3222/82
f 4638/3222/82 4646/3231/82 4654/3239/82
f 4665/3250/5704 4667/3252/5704 4668/3253/2863
f 4667/3252/2864 4605/3193/2864 4606/3191/2864
f 4607/3254/164 4605/3254/164 4667/3254/164
f 4667/3254/164 4665/3254/164 4663/3254/164
f 4663/3254/164 4661/3254/164 4655/3254/164
f 4661/3254/164 4659/3254/164 4655/3254/164
f 4659/3254/164 4657/3254/164 4655/3254/164
f 4655/3254/164 4653/3254/164 4651/3254/164
f 4651/3254/164 4649/3254/164 4647/3254/164
f 4647/3254/164 4645/3254/164 4643/3254/164
f 4643/3254/164 4641/3254/164 4647/3254/164
f 4641/3254/164 4639/3254/164 4647/3254/164
f 4639/3254/164 4637/3254/164 4631/3254/164
f 4637/3254/164 4635/3254/164 4631/3254/164
f 4635/3254/164 4633/3254/164 4631/3254/164
f 4631/3254/164 4629/3254/164 4623/3254/164
f 4629/3254/164 4627/3254/164 4623/3254/164
f 4627/3254/164 4625/3254/164 4623/3254/164
f 4623/3254/164 4621/3254/164 4619/3254/164
f 4619/3254/164 4617/3254/164 4615/3254/164
f 4615/3254/164 4613/3254/164 4607/3254/164
f 4613/3254/164 4611/3254/164 4607/3254/164
f 4611/3254/164 4609/3254/164 4607/3254/164
f 4607/3254/164 4667/3254/164 4655/3254/164
f 4667/3254/164 4663/3254/164 4655/3254/164
f 4655/3254/164 4651/3254/164 4647/3254/164
f 4623/3254/164 4619/3254/164 4607/3254/164
f 4619/3254/164 4615/3254/164 4607/3254/164
f 4655/3254/164 4647/3254/164 4607/3254/164
f 4647/3254/164 4639/3254/164 4607/3254/164
f 4639/3254/164 4631/3254/164 4607/3254/164
l 4373 4375
l 966 968
l 3314 3316
l 1847 1849
l 4227 4229
